date,code,open,high,low,close,preclose,volume,amount,adjustflag,turn,tradestatus,pctChg,peTTM,psTTM,pcfNcfTTM,pbMRQ,isST
1994-01-03,sz.000532,13.5000,13.5000,12.0000,12.1000,7.8300,2505000,30990995.0000,3,10.141700,1,54.533850,0.000000,0.000000,0.000000,0.000000,0
1994-01-04,sz.000532,11.9000,12.1000,11.5000,11.5500,12.1000,1216700,14354260.0000,3,4.925911,1,-4.545456,0.000000,0.000000,0.000000,0.000000,0
1994-01-05,sz.000532,11.4000,11.7000,11.0000,11.7000,11.5500,1212900,13693305.0000,3,4.910526,1,1.298698,0.000000,0.000000,0.000000,0.000000,0
1994-01-06,sz.000532,11.9000,12.7500,11.5500,12.7500,11.7000,2729300,33496895.0000,3,11.049798,1,8.974360,0.000000,0.000000,0.000000,0.000000,0
1994-01-07,sz.000532,12.8500,13.6500,12.6500,13.4500,12.7500,5004000,66384475.0000,3,20.259109,1,5.490195,0.000000,0.000000,0.000000,0.000000,0
1994-01-10,sz.000532,13.4000,13.7000,13.0000,13.5500,13.4500,2899700,39105260.0000,3,11.739676,1,0.743497,0.000000,0.000000,0.000000,0.000000,0
1994-01-11,sz.000532,13.5000,13.5500,13.0000,13.1000,13.5500,1349400,17894730.0000,3,5.463158,1,-3.321032,0.000000,0.000000,0.000000,0.000000,0
1994-01-12,sz.000532,13.0000,13.3000,12.9500,13.2500,13.1000,773900,10175395.0000,3,3.133198,1,1.145035,0.000000,0.000000,0.000000,0.000000,0
1994-01-13,sz.000532,13.4000,13.4000,13.1000,13.2000,13.2500,392200,5173930.0000,3,1.587854,1,-0.377360,0.000000,0.000000,0.000000,0.000000,0
1994-01-14,sz.000532,13.2000,13.3000,12.7000,12.9000,13.2000,748600,9666070.0000,3,3.030769,1,-2.272729,0.000000,0.000000,0.000000,0.000000,0
1994-01-17,sz.000532,12.8000,12.8000,12.5500,12.6500,12.9000,432200,5473390.0000,3,1.749798,1,-1.937984,0.000000,0.000000,0.000000,0.000000,0
1994-01-18,sz.000532,12.5000,13.0000,12.3000,12.8500,12.6500,365200,4566985.0000,3,1.478543,1,1.581034,0.000000,0.000000,0.000000,0.000000,0
1994-01-19,sz.000532,12.9000,12.9000,12.3500,12.4000,12.8500,251200,3136915.0000,3,1.017004,1,-3.501951,0.000000,0.000000,0.000000,0.000000,0
1994-01-20,sz.000532,12.4000,12.4500,12.1500,12.2500,12.4000,473500,5812005.0000,3,1.917004,1,-1.209674,0.000000,0.000000,0.000000,0.000000,0
1994-01-21,sz.000532,12.2000,12.5000,12.2000,12.3500,12.2500,246000,3046630.0000,3,0.995951,1,0.816330,0.000000,0.000000,0.000000,0.000000,0
1994-01-24,sz.000532,12.6500,12.9500,12.5000,12.6500,12.3500,671900,8521160.0000,3,2.720243,1,2.429143,0.000000,0.000000,0.000000,0.000000,0
1994-01-25,sz.000532,12.7000,12.7000,12.3500,12.3500,12.6500,304400,3781990.0000,3,1.232389,1,-2.371536,0.000000,0.000000,0.000000,0.000000,0
1994-01-26,sz.000532,12.3000,12.5500,12.2000,12.2500,12.3500,316100,3889795.0000,3,1.279757,1,-0.809720,0.000000,0.000000,0.000000,0.000000,0
1994-01-27,sz.000532,12.2500,12.6000,12.2500,12.6000,12.2500,446800,5586770.0000,3,1.808907,1,2.857146,0.000000,0.000000,0.000000,0.000000,0
1994-01-28,sz.000532,12.8000,12.8000,12.2000,12.2500,12.6000,446600,5569470.0000,3,1.808097,1,-2.777781,0.000000,0.000000,0.000000,0.000000,0
1994-01-31,sz.000532,11.9500,12.1000,11.7000,11.7000,12.2500,363500,4300350.0000,3,1.471660,1,-4.489798,0.000000,0.000000,0.000000,0.000000,0
1994-02-01,sz.000532,11.4000,12.2000,11.4000,11.7500,11.7000,596700,7116015.0000,3,2.415789,1,0.427352,0.000000,0.000000,0.000000,0.000000,0
1994-02-02,sz.000532,11.6000,12.2000,11.6000,12.1500,11.7500,487500,5850240.0000,3,1.973684,1,3.404252,0.000000,0.000000,0.000000,0.000000,0
1994-02-03,sz.000532,12.3000,13.1000,12.2000,13.1000,12.1500,1693300,21618410.0000,3,6.855466,1,7.818936,0.000000,0.000000,0.000000,0.000000,0
1994-02-04,sz.000532,13.3000,13.9000,13.1500,13.8000,13.1000,3013300,40661525.0000,3,12.199595,1,5.343510,0.000000,0.000000,0.000000,0.000000,0
1994-02-14,sz.000532,14.0000,14.0000,12.5000,12.6000,13.8000,1149100,15137720.0000,3,4.652227,1,-8.695651,0.000000,0.000000,0.000000,0.000000,0
1994-02-15,sz.000532,12.4000,12.7000,12.0000,12.6500,12.6000,726900,9017315.0000,3,2.942915,1,0.396819,0.000000,0.000000,0.000000,0.000000,0
1994-02-16,sz.000532,12.6500,12.8500,12.3500,12.5000,12.6500,892800,11294380.0000,3,3.614575,1,-1.185768,0.000000,0.000000,0.000000,0.000000,0
1994-02-17,sz.000532,12.4000,12.6000,12.2500,12.5000,12.5000,396000,4905660.0000,3,1.603239,1,0.000000,0.000000,0.000000,0.000000,0.000000,0
1994-02-18,sz.000532,12.5000,12.8000,12.4500,12.8000,12.5000,338500,4280410.0000,3,1.370445,1,2.400002,0.000000,0.000000,0.000000,0.000000,0
1994-02-21,sz.000532,12.7000,12.7000,12.1000,12.2000,12.8000,494800,6062570.0000,3,2.003239,1,-4.687503,0.000000,0.000000,0.000000,0.000000,0
1994-02-22,sz.000532,12.5000,13.1000,12.4000,12.5500,12.2000,2251500,28803350.0000,3,9.115385,1,2.868855,0.000000,0.000000,0.000000,0.000000,0
1994-02-23,sz.000532,12.7000,12.7000,12.3500,12.6000,12.5500,412000,5161750.0000,3,1.668016,1,0.398408,0.000000,0.000000,0.000000,0.000000,0
1994-02-24,sz.000532,12.6000,13.0000,12.5000,12.9500,12.6000,994600,12701225.0000,3,4.026721,1,2.777773,0.000000,0.000000,0.000000,0.000000,0
1994-02-25,sz.000532,13.2000,13.4000,12.8000,12.9500,12.9500,2393400,31488020.0000,3,9.689879,1,0.000000,0.000000,0.000000,0.000000,0.000000,0
1994-02-28,sz.000532,13.0000,13.1000,12.6000,12.6500,12.9500,550800,7081735.0000,3,2.229960,1,-2.316604,0.000000,0.000000,0.000000,0.000000,0
1994-03-01,sz.000532,12.5000,12.9500,12.5000,12.8500,12.6500,573900,7359690.0000,3,2.323482,1,1.581034,0.000000,0.000000,0.000000,0.000000,0
1994-03-02,sz.000532,12.7000,12.8500,12.6000,12.7500,12.8500,374900,4739895.0000,3,1.517814,1,-0.778213,0.000000,0.000000,0.000000,0.000000,0
1994-03-03,sz.000532,12.7000,12.7500,12.3500,12.4500,12.7500,721400,9003835.0000,3,2.920648,1,-2.352943,0.000000,0.000000,0.000000,0.000000,0
1994-03-04,sz.000532,12.3000,12.4000,12.2000,12.2500,12.4500,401900,4939890.0000,3,1.627126,1,-1.606424,0.000000,0.000000,0.000000,0.000000,0
1994-03-07,sz.000532,12.2000,12.3500,11.8500,12.0000,12.2500,513000,6151505.0000,3,2.076923,1,-2.040816,0.000000,0.000000,0.000000,0.000000,0
1994-03-08,sz.000532,12.0500,12.1000,11.8000,11.8500,12.0000,501600,5957925.0000,3,2.030769,1,-1.249997,0.000000,0.000000,0.000000,0.000000,0
1994-03-09,sz.000532,11.8500,11.9500,11.8000,11.8500,11.8500,239600,2838150.0000,3,0.970040,1,0.000000,0.000000,0.000000,0.000000,0.000000,0
1994-03-10,sz.000532,11.8000,11.8500,11.6000,11.6500,11.8500,414200,4880795.0000,3,1.676923,1,-1.687770,0.000000,0.000000,0.000000,0.000000,0
1994-03-11,sz.000532,11.6000,12.1000,11.4000,11.6500,11.6500,299900,3503225.0000,3,1.214170,1,0.000000,0.000000,0.000000,0.000000,0.000000,0
1994-03-14,sz.000532,11.9500,12.5500,11.9500,12.4500,11.6500,956700,11751265.0000,3,3.873279,1,6.866955,0.000000,0.000000,0.000000,0.000000,0
1994-03-15,sz.000532,12.5000,12.6500,11.9000,11.9000,12.4500,602900,7412860.0000,3,2.440891,1,-4.417672,0.000000,0.000000,0.000000,0.000000,0
1994-03-16,sz.000532,11.9000,12.0500,11.8000,11.9000,11.9000,263100,3130260.0000,3,1.065182,1,0.000000,0.000000,0.000000,0.000000,0.000000,0
1994-03-17,sz.000532,11.9000,12.1000,11.9000,12.0500,11.9000,354500,4258660.0000,3,1.435223,1,1.260509,0.000000,0.000000,0.000000,0.000000,0
1994-03-18,sz.000532,12.1000,12.5000,12.1000,12.4000,12.0500,924000,11424785.0000,3,3.740891,1,2.904559,0.000000,0.000000,0.000000,0.000000,0
1994-03-21,sz.000532,12.5000,12.6000,12.1000,12.3000,12.4000,689300,8486025.0000,3,2.790688,1,-0.806447,0.000000,0.000000,0.000000,0.000000,0
1994-03-22,sz.000532,12.2000,12.2500,12.1000,12.1500,12.3000,299900,3658210.0000,3,1.214170,1,-1.219517,0.000000,0.000000,0.000000,0.000000,0
1994-03-23,sz.000532,12.1500,12.1500,11.8500,11.9000,12.1500,425000,5076140.0000,3,1.720648,1,-2.057613,0.000000,0.000000,0.000000,0.000000,0
1994-03-24,sz.000532,11.8500,11.9500,11.6500,11.7000,11.9000,309700,3646385.0000,3,1.253846,1,-1.680671,0.000000,0.000000,0.000000,0.000000,0
1994-03-25,sz.000532,11.6000,11.8000,11.6000,11.7000,11.7000,231700,2716855.0000,3,0.938057,1,0.000000,0.000000,0.000000,0.000000,0.000000,0
1994-03-28,sz.000532,11.7000,11.7000,11.2500,11.2500,11.7000,217000,2461545.0000,3,0.878543,1,-3.846152,0.000000,0.000000,0.000000,0.000000,0
1994-03-29,sz.000532,11.2000,11.6500,11.0000,11.6500,11.2500,232700,2597090.0000,3,0.942105,1,3.555552,0.000000,0.000000,0.000000,0.000000,0
1994-03-30,sz.000532,11.6500,11.6500,11.0000,11.3000,11.6500,407800,4629870.0000,3,1.651012,1,-3.004287,0.000000,0.000000,0.000000,0.000000,0
1994-03-31,sz.000532,11.0000,11.8000,11.0000,11.7000,11.3000,1292600,14923010.0000,3,5.233198,1,3.539820,0.000000,0.000000,0.000000,0.000000,0
1994-04-01,sz.000532,11.5000,11.5000,11.2500,11.3000,11.7000,771800,8792730.0000,3,3.124696,1,-3.418800,0.000000,0.000000,0.000000,0.000000,0
1994-04-04,sz.000532,11.0000,11.4000,10.9500,11.4000,11.3000,432700,4839600.0000,3,1.751822,1,0.884951,17.318013,7.724694,0.000000,2.248806,0
1994-04-05,sz.000532,11.3000,11.6000,11.1000,11.5000,11.4000,552400,6285675.0000,3,2.236437,1,0.877196,17.469925,7.792455,0.000000,2.268533,0
1994-04-06,sz.000532,11.3000,11.9500,11.3000,11.8500,11.5000,1270200,14969990.0000,3,5.142510,1,3.043482,18.001618,8.029616,0.000000,2.337575,0
1994-04-07,sz.000532,11.9000,12.2000,11.7000,11.7500,11.8500,1103100,13213790.0000,3,4.465992,1,-0.843885,17.849706,7.961856,0.000000,2.317849,0
1994-04-08,sz.000532,11.7500,11.7500,11.7500,11.7500,11.7500,0,0.0000,3,,1,0.000000,17.849706,7.961856,0.000000,2.317849,0
1994-04-11,sz.000532,11.1000,11.4000,10.8500,11.1500,11.7500,381100,4282045.0000,3,1.542915,1,-5.106386,16.938232,7.555293,0.000000,2.199491,0
1994-04-12,sz.000532,11.1500,11.3500,10.9000,11.3500,11.1500,343400,3828495.0000,3,1.390283,1,1.793729,17.242057,7.690814,0.000000,2.238943,0
1994-04-13,sz.000532,11.3500,11.4500,11.1500,11.1500,11.3500,338800,3831170.0000,3,1.371660,1,-1.762121,16.938232,7.555293,0.000000,2.199491,0
1994-04-14,sz.000532,11.0000,11.0000,10.0000,10.2000,11.1500,1639500,16663460.0000,3,6.637652,1,-8.520178,15.495064,6.911568,0.000000,2.012090,0
1994-04-15,sz.000532,10.0000,10.8500,9.1000,10.3500,10.2000,2354800,22590285.0000,3,9.533603,1,1.470594,15.722933,7.013209,0.000000,2.041680,0
1994-04-18,sz.000532,10.5000,10.5000,9.2000,9.7000,10.3500,3813400,36753475.0000,3,15.438866,1,-6.280199,14.735502,6.572766,0.000000,1.913458,0
1994-04-19,sz.000532,9.5000,9.7500,9.2000,9.3000,9.7000,1057800,10048960.0000,3,4.282591,1,-4.123707,14.127852,6.301724,0.000000,1.834553,0
1994-04-20,sz.000532,9.0500,9.2000,8.7000,8.9000,9.3000,904100,8141505.0000,3,3.660324,1,-4.301081,13.520203,6.030682,0.000000,1.755647,0
1994-04-21,sz.000532,8.9000,9.2000,8.5500,9.1000,8.9000,1893400,16915255.0000,3,7.665587,1,2.247200,13.824028,6.166203,0.000000,1.795100,0
1994-04-22,sz.000532,9.1000,9.1500,8.5000,8.6500,9.1000,696400,6131420.0000,3,2.819433,1,-4.945063,13.140422,5.861281,0.000000,1.706331,0
1994-04-25,sz.000532,8.4000,9.0000,8.3500,8.9500,8.6500,744100,6441865.0000,3,3.012551,1,3.468211,13.596159,6.064563,0.000000,1.765510,0
1994-04-26,sz.000532,9.1000,9.1000,8.5500,9.0000,8.9500,2012100,17666100.0000,3,8.146154,1,0.558661,13.672115,6.098443,0.000000,1.775374,0
1994-04-27,sz.000532,9.1000,9.3700,9.0000,9.3700,9.0000,2038600,18714203.0000,3,8.253441,1,4.111110,14.234191,6.349157,0.000000,1.848361,0
1994-04-28,sz.000532,9.4500,9.7000,8.9000,8.9500,9.3700,1697500,15854515.0000,3,6.872470,1,-4.482391,13.596159,6.064563,0.000000,1.765510,0
1994-04-29,sz.000532,8.8800,9.1500,8.7000,9.1500,8.9500,760400,6755031.0000,3,3.078543,1,2.234635,13.899984,6.200083,0.000000,1.804963,0
1994-05-03,sz.000532,9.3000,9.4600,9.0000,9.4000,9.1500,1520000,14127448.0000,3,6.153846,1,2.732241,14.279765,6.369485,0.000000,1.854279,0
1994-05-04,sz.000532,9.7000,10.3000,9.6100,9.6600,9.4000,3059300,30419239.0000,3,12.385830,1,2.765960,14.674737,6.545662,0.000000,1.905568,0
1994-05-05,sz.000532,9.3000,9.4000,9.0000,9.2000,9.6600,447200,4133078.0000,3,1.810526,1,-4.761905,13.975940,6.233964,0.000000,1.814826,0
1994-05-06,sz.000532,9.2000,9.4500,9.0000,9.2000,9.2000,779100,7143253.0000,3,3.154251,1,0.000000,13.975940,6.233964,0.000000,1.814826,0
1994-05-09,sz.000532,9.2500,9.5800,9.2500,9.5800,9.2000,1223000,11498827.0000,3,4.951417,1,4.130436,14.553207,6.491454,0.000000,1.889786,0
1994-05-10,sz.000532,9.8000,9.9000,9.5500,9.9000,9.5800,1250900,12175078.0000,3,5.064372,1,3.340289,15.039327,6.708287,0.000000,1.952911,0
1994-05-11,sz.000532,10.0000,10.1500,8.0000,9.5000,9.9000,1926700,19200690.0000,3,7.800405,1,-4.040401,14.431677,6.437245,0.000000,1.874005,0
1994-05-12,sz.000532,9.1000,9.5600,9.0000,9.0800,9.5000,1212900,11349606.0000,3,4.910526,1,-4.421053,13.793645,6.152651,0.000000,1.791155,0
1994-05-13,sz.000532,9.2000,9.7000,9.1500,9.7000,9.0800,859000,8042523.0000,3,3.477733,1,6.828193,14.735502,6.572766,0.000000,1.913458,0
1994-05-16,sz.000532,9.9000,9.9800,9.7000,9.8200,9.7000,1104100,10879179.0000,3,4.470040,1,1.237112,14.917797,6.654079,0.000000,1.937130,0
1994-05-17,sz.000532,9.9000,9.9000,9.5000,9.5000,9.8200,380500,3671466.0000,3,1.540486,1,-3.258653,14.431677,6.437245,0.000000,1.874005,0
1994-05-18,sz.000532,9.4000,9.5100,9.2800,9.3500,9.5000,342200,3209126.0000,3,1.385425,1,-1.578943,14.203809,6.335604,0.000000,1.844416,0
1994-05-19,sz.000532,9.3800,9.6200,9.3000,9.6000,9.3500,355500,3367150.0000,3,1.439271,1,2.673797,14.583590,6.505006,0.000000,1.893732,0
1994-05-20,sz.000532,9.6500,9.6500,9.3800,9.4200,9.6000,254800,2435915.0000,3,1.031579,1,-1.875003,14.310147,6.383037,0.000000,1.858224,0
1994-05-23,sz.000532,9.4200,9.4500,9.2500,9.2500,9.4200,114100,1065163.0000,3,0.461943,1,-1.804672,14.051896,6.267844,0.000000,1.824689,0
1994-05-24,sz.000532,9.2500,9.4000,9.2500,9.3500,9.2500,90100,840046.0000,3,0.364777,1,1.081085,14.203809,6.335604,0.000000,1.844416,0
1994-05-25,sz.000532,9.3300,9.3300,9.2000,9.2000,9.3500,95200,879548.0000,3,0.385425,1,-1.604284,13.975940,6.233964,0.000000,1.814826,0
1994-05-26,sz.000532,9.2000,9.2000,9.0400,9.0800,9.2000,155600,1414373.0000,3,0.629960,1,-1.304347,13.793645,6.152651,0.000000,1.791155,0
1994-05-27,sz.000532,8.9800,9.4000,8.9500,9.0500,9.0800,186900,1695496.0000,3,0.756680,1,-0.330394,13.748071,6.132323,0.000000,1.785237,0
1994-05-30,sz.000532,10.0500,10.2000,8.7000,8.7300,9.0500,194000,1752407.0000,3,0.785425,1,-3.535918,13.261952,5.915489,0.000000,1.722112,0
1994-05-31,sz.000532,8.7000,9.0000,8.6700,8.8500,8.7300,121500,1070829.0000,3,0.491903,1,1.374580,13.444247,5.996802,0.000000,1.745784,0
1994-06-01,sz.000532,8.9000,8.9000,8.5000,8.5500,8.8500,90100,783738.0000,3,0.364777,1,-3.389832,12.988510,5.793521,0.000000,1.686605,0
1994-06-02,sz.000532,8.5000,8.5800,8.4500,8.4500,8.5500,89600,761765.0000,3,0.362753,1,-1.169595,12.836597,5.725760,0.000000,1.666878,0
1994-06-03,sz.000532,8.8000,8.8000,8.4900,8.5000,8.4500,218900,1891186.0000,3,0.886235,1,0.591718,12.912553,5.759640,0.000000,1.676742,0
1994-06-06,sz.000532,8.5000,8.5000,7.8900,7.8900,8.5000,367000,2953754.0000,3,1.485830,1,-7.176472,11.985888,5.346301,0.000000,1.556411,0
1994-06-07,sz.000532,8.0500,8.0500,7.7600,7.8500,7.8900,206400,1611638.0000,3,0.835628,1,-0.506970,11.925123,5.319197,0.000000,1.548520,0
1994-06-08,sz.000532,7.7000,8.0500,7.6800,7.9900,7.8500,258200,2046105.0000,3,1.045344,1,1.783438,12.137800,5.414062,0.000000,1.576137,0
1994-06-09,sz.000532,8.0900,8.1500,7.9000,7.9100,7.9900,393700,3170550.0000,3,1.593927,1,-1.001251,12.016270,5.359854,0.000000,1.560356,0
1994-06-10,sz.000532,7.8000,8.0000,7.8000,7.9000,7.9100,111900,885079.0000,3,0.453036,1,-0.126419,12.001079,5.353078,0.000000,1.558383,0
1994-06-13,sz.000532,7.7800,7.8000,7.5900,7.6000,7.9000,155100,1189701.0000,3,0.627935,1,-3.797471,11.545342,5.149796,0.000000,1.499204,0
1994-06-14,sz.000532,7.6200,7.6500,7.3200,7.4000,7.6000,229600,1715228.0000,3,0.929555,1,-2.631577,11.241517,5.014275,0.000000,1.459752,0
1994-06-15,sz.000532,7.3500,7.5600,7.3500,7.4500,7.4000,115100,857216.0000,3,0.465992,1,0.675672,11.317473,5.048155,0.000000,1.469615,0
1994-06-16,sz.000532,7.3500,7.6600,7.3500,7.6000,7.4500,178400,1340968.0000,3,0.722267,1,2.013424,11.545342,5.149796,0.000000,1.499204,0
1994-06-17,sz.000532,7.6800,7.9000,7.4800,7.8200,7.6000,601600,4618477.0000,3,2.435628,1,2.894740,11.879549,5.298869,0.000000,1.542602,0
1994-06-20,sz.000532,7.8500,7.8500,7.4000,7.4100,7.8200,349500,2677492.0000,3,1.414980,1,-5.242971,11.256708,5.021051,0.000000,1.461724,0
1994-06-21,sz.000532,7.4500,7.4500,7.3000,7.3100,7.4100,72100,529878.0000,3,0.291903,1,-1.349526,11.104796,4.953291,0.000000,1.441998,0
1994-06-22,sz.000532,7.3000,7.5000,7.3000,7.4000,7.3100,74500,551420.0000,3,0.301619,1,1.231192,11.241517,5.014275,0.000000,1.459752,0
1994-06-23,sz.000532,7.4700,7.5300,7.3800,7.4000,7.4000,46400,344815.0000,3,0.187854,1,0.000000,11.241517,5.014275,0.000000,1.459752,0
1994-06-24,sz.000532,7.4000,7.4000,7.2900,7.2900,7.4000,74300,543950.0000,3,0.300810,1,-1.486488,11.074413,4.939739,0.000000,1.438053,0
1994-06-27,sz.000532,7.2000,7.2000,6.7300,6.7500,7.2900,300200,2044826.0000,3,1.215385,1,-7.407407,10.254086,4.573832,0.000000,1.331530,0
1994-06-28,sz.000532,6.7500,6.7500,6.5600,6.6000,6.7500,141900,941528.0000,3,0.574494,1,-2.222224,10.026218,4.472191,0.000000,1.301941,0
1994-06-29,sz.000532,6.6000,6.7900,6.5100,6.6000,6.6000,203600,1359833.0000,3,0.824291,1,0.000000,10.026218,4.472191,0.000000,1.301941,0
1994-06-30,sz.000532,6.5000,6.6800,6.5000,6.6500,6.6000,141600,931526.0000,3,0.573279,1,0.757579,10.102174,4.506072,0.000000,1.311804,0
1994-07-01,sz.000532,6.7900,6.7900,6.5500,6.5800,6.6500,193500,1289320.0000,3,0.783401,1,-1.052634,9.995835,4.458639,0.000000,1.297995,0
1994-07-04,sz.000532,6.4500,6.4500,6.3000,6.3800,6.5800,119600,760042.0000,3,0.484211,1,-3.039511,9.692011,4.323118,0.000000,1.258543,0
1994-07-05,sz.000532,6.3800,6.3800,6.3800,6.3800,6.3800,0,0.0000,3,,1,0.000000,9.692011,4.323118,0.000000,1.258543,0
1994-07-06,sz.000532,6.3800,6.3800,6.3800,6.3800,6.3800,0,0.0000,3,,1,0.000000,9.692011,4.323118,0.000000,1.258543,0
1994-07-07,sz.000532,6.3800,6.3800,6.3800,6.3800,6.3800,0,0.0000,3,,1,0.000000,9.692011,4.323118,0.000000,1.258543,0
1994-07-08,sz.000532,6.1000,6.3500,6.1000,6.3500,6.3800,205500,1285465.0000,3,0.831984,1,-0.470223,9.646437,4.302790,0.000000,1.252625,0
1994-07-11,sz.000532,6.3500,6.4100,6.1400,6.2200,6.3500,200600,1257530.0000,3,0.812146,1,-2.047246,9.448951,4.214702,0.000000,1.226980,0
1994-07-12,sz.000532,6.2000,6.3000,6.1800,6.2300,6.2200,95900,598142.0000,3,0.388259,1,0.160775,9.464142,4.221478,0.000000,1.228953,0
1994-07-13,sz.000532,6.2800,6.3200,6.2500,6.2800,6.2300,263000,1653784.0000,3,1.064777,1,0.802571,9.540098,4.255358,0.000000,1.238816,0
1994-07-14,sz.000532,4.6900,5.9800,3.6300,3.6300,3.6900,296800,1157045.0000,3,0.472969,1,-1.626015,10.831778,4.831511,0.000000,1.406546,0
1994-07-15,sz.000532,3.6300,3.6300,3.2000,3.2900,3.6300,303700,1014530.0000,3,0.483965,1,-9.366395,9.817231,4.378973,0.000000,1.274803,0
1994-07-18,sz.000532,3.1500,3.2000,3.0100,3.1600,3.2900,212100,665815.0000,3,0.337995,1,-3.951364,9.429316,4.205944,0.000000,1.224431,0
1994-07-19,sz.000532,3.1000,3.2400,3.0500,3.1600,3.1600,350600,1093975.0000,3,0.558703,1,0.000000,9.429316,4.205944,0.000000,1.224431,0
1994-07-20,sz.000532,3.2000,3.2000,3.0600,3.0700,3.1600,228400,715466.0000,3,0.363970,1,-2.848106,9.160760,4.086154,0.000000,1.189558,0
1994-07-21,sz.000532,3.0000,3.1400,3.0000,3.0500,3.0700,285300,862765.0000,3,0.454643,1,-0.651465,9.101081,4.059534,0.000000,1.181808,0
1994-07-22,sz.000532,3.0500,3.1200,3.0200,3.0700,3.0500,224100,688711.0000,3,0.357117,1,0.655737,9.160760,4.086154,0.000000,1.189558,0
1994-07-25,sz.000532,3.0300,3.2400,3.0000,3.2400,3.0700,1025500,3210108.0000,3,1.634198,1,5.537462,9.668033,4.312423,0.000000,1.255429,0
1994-07-26,sz.000532,3.3000,3.4200,3.2000,3.4000,3.2400,1439800,4798460.0000,3,2.294411,1,4.938274,10.145467,4.525382,0.000000,1.317426,0
1994-07-27,sz.000532,3.4000,3.4600,3.1200,3.1700,3.4000,1385000,4625149.0000,3,2.207083,1,-6.764706,9.459156,4.219254,0.000000,1.228306,0
1994-07-28,sz.000532,3.1000,3.1600,3.0000,3.0000,3.1700,719500,2204223.0000,3,1.146568,1,-5.362778,8.951883,3.992985,0.000000,1.162434,0
1994-07-29,sz.000532,3.0000,3.1000,3.0000,3.0500,3.0000,638700,1936345.0000,3,1.017808,1,1.666665,9.101081,4.059534,0.000000,1.181808,0
1994-08-01,sz.000532,3.6000,4.2000,3.5000,4.1600,3.0500,3361300,13315102.0000,3,5.356440,1,36.393440,12.413277,5.536939,0.000000,1.611909,0
1994-08-02,sz.000532,4.3500,4.8500,4.0000,4.1500,4.1600,3588900,15967256.0000,3,5.719135,1,-0.240379,12.383438,5.523629,0.000000,1.608034,0
1994-08-03,sz.000532,4.1000,4.8100,4.0100,4.8000,4.1500,4173400,18342768.0000,3,6.650572,1,15.662650,14.323012,6.388775,0.000000,1.859895,0
1994-08-04,sz.000532,5.1000,5.2800,4.7000,4.9400,4.8000,6253200,31153577.0000,3,9.964862,1,2.916664,14.740767,6.575114,0.000000,1.914142,0
1994-08-05,sz.000532,4.9500,5.4500,4.8500,5.4300,4.9400,4458500,22900750.0000,3,7.104896,1,9.919024,16.202908,7.227302,0.000000,2.104006,0
1994-08-08,sz.000532,5.6000,5.8100,5.2000,5.4800,5.4300,5679900,31478734.0000,3,9.051273,1,0.920814,16.352106,7.293852,0.000000,2.123380,0
1994-08-09,sz.000532,5.4500,5.4500,5.0000,5.0200,5.4800,2804800,14509667.0000,3,4.469623,1,-8.394161,14.979484,6.681594,0.000000,1.945140,0
1994-08-10,sz.000532,5.0000,5.7500,5.0000,5.6500,5.0200,4883100,26034701.0000,3,7.781523,1,12.549800,16.859379,7.520121,0.000000,2.189251,0
1994-08-11,sz.000532,5.9000,5.9700,5.2100,5.3200,5.6500,6182100,35039246.0000,3,9.851560,1,-5.840706,15.874672,7.080893,0.000000,2.061383,0
1994-08-12,sz.000532,5.3000,5.5400,5.2000,5.3500,5.3200,2494800,13391208.0000,3,3.975619,1,0.563905,15.964191,7.120822,0.000000,2.073008,0
1994-08-15,sz.000532,5.1500,5.3500,5.0000,5.1500,5.3500,1514300,7790670.0000,3,2.413131,1,-3.738314,15.367399,6.854623,0.000000,1.995512,0
1994-08-16,sz.000532,5.1500,5.3500,5.1000,5.1800,5.1500,1250300,6537513.0000,3,1.992431,1,0.582519,15.456918,6.894553,0.000000,2.007137,0
1994-08-17,sz.000532,5.2200,5.3500,5.2100,5.3000,5.1800,998900,5259015.0000,3,1.591809,1,2.316609,15.814993,7.054273,0.000000,2.053634,0
1994-08-18,sz.000532,5.4900,5.5300,5.3500,5.4000,5.3000,2709200,14744390.0000,3,4.317278,1,1.886791,16.113389,7.187372,0.000000,2.092382,0
1994-08-19,sz.000532,5.4000,5.4700,5.2000,5.2300,5.4000,1647700,8756931.0000,3,2.625712,1,-3.148149,15.606116,6.961103,0.000000,2.026510,0
1994-08-22,sz.000532,5.1000,5.1500,5.0000,5.0500,5.2300,1189600,6037516.0000,3,1.895701,1,-3.441679,15.069003,6.721524,0.000000,1.956764,0
1994-08-23,sz.000532,5.3000,5.3000,4.9500,5.1200,5.0500,1348500,6787775.0000,3,2.148918,1,1.386133,15.277880,6.814694,0.000000,1.983888,0
1994-08-24,sz.000532,5.1500,5.2000,5.0000,5.0500,5.1200,649900,3337870.0000,3,1.035656,1,-1.367182,15.069003,6.721524,0.000000,1.810187,0
1994-08-25,sz.000532,5.0500,5.1500,5.0500,5.0900,5.0500,1243000,6328716.0000,3,1.980798,1,0.792078,15.188361,6.774764,0.000000,1.824525,0
1994-08-26,sz.000532,5.0900,5.2000,5.0300,5.1300,5.0900,1353000,6925530.0000,3,2.156089,1,0.785854,15.307719,6.828004,0.000000,1.838863,0
1994-08-29,sz.000532,5.1300,5.1500,4.9800,5.1000,5.1300,1264200,6440544.0000,3,2.014581,1,-0.584799,15.218201,6.788074,0.000000,1.828110,0
1994-08-30,sz.000532,5.1000,5.3500,5.0800,5.2500,5.1000,1583300,8236769.0000,3,2.523087,1,2.941178,15.665795,6.987723,0.000000,1.881878,0
1994-08-31,sz.000532,5.3000,5.6500,4.8000,5.5000,5.2500,3213900,17389195.0000,3,5.121549,1,4.761905,16.411785,7.320472,0.000000,1.971491,0
1994-09-01,sz.000532,5.7000,5.8000,5.4000,5.7500,5.5000,5599300,31682695.0000,3,8.922832,1,4.545455,17.157775,7.653220,0.000000,2.061104,0
1994-09-02,sz.000532,5.7000,6.5000,5.6000,6.3000,5.7500,6125600,35925329.0000,3,9.761523,1,9.565221,18.798954,8.385267,0.000000,2.258253,0
1994-09-05,sz.000532,6.6000,7.3000,6.6000,7.2000,6.3000,7536400,52566275.0000,3,12.009721,1,14.285710,21.484519,9.583163,0.000000,2.580861,0
1994-09-06,sz.000532,7.3800,7.7000,6.8000,7.5700,7.2000,10833200,79169891.0000,3,17.263376,1,5.138894,22.588584,10.075631,0.000000,2.713488,0
1994-09-07,sz.000532,7.6800,8.4000,6.8100,7.3500,7.5700,10204300,79778663.0000,3,16.261185,1,-2.906212,21.932113,9.782812,0.000000,2.634629,0
1994-09-08,sz.000532,7.3500,7.9500,7.3500,7.9000,7.3500,6663600,51568153.0000,3,10.618860,1,7.482996,23.573291,10.514859,0.000000,2.831778,0
1994-09-09,sz.000532,8.3000,8.5000,7.3800,7.5000,7.9000,8999300,73015270.0000,3,14.340943,1,-5.063293,22.379707,9.982461,0.000000,2.688397,0
1994-09-12,sz.000532,7.9500,8.2000,7.8100,8.1000,7.5000,5666900,45766571.0000,3,9.030557,1,8.000005,24.170083,10.781058,0.000000,2.903468,0
1994-09-13,sz.000532,8.2500,8.4000,7.7500,7.9500,8.1000,6793600,55222041.0000,3,10.826023,1,-1.851859,23.722489,10.581409,0.000000,2.849700,0
1994-09-14,sz.000532,8.0000,8.1700,7.6100,7.8800,7.9500,3647300,28791941.0000,3,5.812199,1,-0.880499,23.513612,10.488239,0.000000,2.824609,0
1994-09-15,sz.000532,7.6000,7.8000,7.5100,7.6800,7.8800,1805100,13866430.0000,3,2.876539,1,-2.538075,22.916820,10.222040,0.000000,2.752918,0
1994-09-16,sz.000532,7.9000,8.1500,7.7100,7.8300,7.6800,2467500,19486982.0000,3,3.932114,1,1.953126,23.364414,10.421690,0.000000,2.806686,0
1994-09-19,sz.000532,7.8000,7.8000,7.5500,7.6300,7.8300,901000,6887811.0000,3,1.435799,1,-2.554276,22.767622,10.155491,0.000000,2.734996,0
1994-09-20,sz.000532,7.5500,8.2000,7.5100,8.1000,7.6300,9165200,73641521.0000,3,14.605315,1,6.159899,24.170083,10.781058,0.000000,2.903468,0
1994-09-21,sz.000532,8.1900,8.3000,8.1000,8.2000,8.1000,4099300,33621609.0000,3,6.532489,1,1.234561,24.468479,10.914158,0.000000,2.939314,0
1994-09-22,sz.000532,8.3000,8.3300,7.7500,7.9000,8.2000,3099300,24828305.0000,3,4.938927,1,-3.658533,23.573291,10.514859,0.000000,2.831778,0
1994-09-23,sz.000532,7.7500,7.9500,7.6800,7.9000,7.9000,2178000,16992477.0000,3,3.470778,1,0.000000,23.573291,10.514859,0.000000,2.831778,0
1994-09-26,sz.000532,8.2500,8.2500,7.9000,8.0400,7.9000,3760300,30168235.0000,3,5.992271,1,1.772150,23.991046,10.701198,0.000000,2.881961,0
1994-09-27,sz.000532,8.2000,9.1000,8.1900,8.9500,8.0400,18401800,160442858.0000,3,29.324409,1,11.318410,26.706450,11.912404,0.000000,3.208153,0
1994-09-28,sz.000532,9.1600,9.1900,8.6800,8.7800,8.9500,8924200,78704653.0000,3,14.221266,1,-1.899442,26.199177,11.686135,0.000000,3.147216,0
1994-09-29,sz.000532,8.8500,8.9000,6.5000,7.7100,8.7800,4898200,39652031.0000,3,7.805585,1,-12.186780,23.006339,10.261970,0.000000,2.763672,0
1994-09-30,sz.000532,7.5000,7.5000,6.9000,7.0800,7.7100,4320400,30624948.0000,3,6.884825,1,-8.171207,21.126443,9.423443,0.000000,2.537846,0
1994-10-05,sz.000532,6.8100,7.1500,6.1000,6.3000,7.0800,2976200,19993553.0000,3,4.742759,1,-11.016950,18.798954,8.385267,0.000000,2.258253,0
1994-10-06,sz.000532,6.3000,6.7000,5.9500,6.1000,6.3000,2892200,18647005.0000,3,4.608900,1,-3.174608,18.202162,8.119068,0.000000,2.186563,0
1994-10-07,sz.000532,6.0500,7.4900,5.3500,7.1500,6.1000,5753700,35495835.0000,3,9.168878,1,17.213120,21.335321,9.516613,0.000000,2.562938,0
1994-10-10,sz.000532,5.8000,5.9600,5.2000,5.6400,6.5700,9328200,53300970.0000,3,14.865065,1,-14.155260,16.829540,7.506811,0.000000,2.021674,0
1994-10-11,sz.000532,5.6500,5.8500,5.5000,5.5500,5.6400,2360600,13312467.0000,3,3.761762,1,-1.595739,16.560983,7.387021,0.000000,1.989414,0
1994-10-12,sz.000532,5.5000,5.7000,5.4000,5.5000,5.5500,2169200,11974546.0000,3,3.456755,1,-0.900904,16.411785,7.320472,0.000000,1.971491,0
1994-10-13,sz.000532,5.5000,5.5000,4.8800,4.8800,5.5000,2302700,11778051.0000,3,3.669495,1,-11.272730,14.561729,6.495255,0.000000,1.749250,0
1994-10-14,sz.000532,4.7000,5.0700,4.5500,4.9000,4.8800,3065600,14627157.0000,3,4.885224,1,0.409836,14.621408,6.521875,0.000000,1.756419,0
1994-10-17,sz.000532,4.9000,4.9000,4.6100,4.7000,4.9000,1730300,8276174.0000,3,2.757340,1,-4.081638,14.024616,6.255676,0.000000,1.684729,0
1994-10-18,sz.000532,4.6000,4.7800,4.6000,4.6500,4.7000,658600,3081871.0000,3,1.049520,1,-1.063824,13.875418,6.189126,0.000000,1.666806,0
1994-10-19,sz.000532,4.6500,4.8800,4.6500,4.8500,4.6500,975500,4697690.0000,3,1.554520,1,4.301071,14.472210,6.455325,0.000000,1.738496,0
1994-10-20,sz.000532,4.8500,5.0800,4.8300,5.0500,4.8500,1590200,7837326.0000,3,2.534082,1,4.123717,15.069003,6.721524,0.000000,1.810187,0
1994-10-21,sz.000532,5.1000,5.1500,4.7500,4.7800,5.0500,1277400,6335158.0000,3,2.035616,1,-5.346534,14.263333,6.362155,0.000000,1.713405,0
1994-10-24,sz.000532,5.0000,5.1000,4.7800,5.0400,4.7800,1389100,6870334.0000,3,2.213617,1,5.439325,15.039163,6.708214,0.000000,1.806603,0
1994-10-25,sz.000532,5.0500,5.1000,4.8000,4.8500,5.0400,1852200,9191502.0000,3,2.951596,1,-3.769843,14.472210,6.455325,0.000000,1.738496,0
1994-10-26,sz.000532,4.8500,5.1600,4.7800,4.9000,4.8500,3048500,15273149.0000,3,4.857974,1,1.030932,14.621408,6.521875,0.000000,1.756419,0
1994-10-27,sz.000532,5.0000,5.0800,4.9000,5.0300,4.9000,1248400,6232016.0000,3,1.989403,1,2.653064,15.009323,6.694904,0.000000,1.803018,0
1994-10-28,sz.000532,5.0300,5.1000,4.9000,4.9300,5.0300,1365900,6880668.0000,3,2.176646,1,-1.988079,14.710927,6.561805,0.000000,1.767173,0
1994-10-31,sz.000532,4.9300,4.9300,4.6600,4.7300,4.9300,619800,2948251.0000,3,0.987690,1,-4.056792,14.114135,6.295606,0.000000,1.695482,0
1994-11-01,sz.000532,4.7000,4.8000,4.6800,4.7400,4.7300,335300,1586141.0000,3,0.534321,1,0.211411,14.143975,6.308916,0.000000,1.699067,0
1994-11-02,sz.000532,4.8000,4.9900,4.6900,4.7800,4.7400,762800,3685270.0000,3,1.215569,1,0.843891,14.263333,6.362155,0.000000,1.713405,0
1994-11-03,sz.000532,4.7100,4.9400,4.7100,4.9000,4.7800,974300,4749069.0000,3,1.552607,1,2.510458,14.621408,6.521875,0.000000,1.756419,0
1994-11-04,sz.000532,4.9000,4.9200,4.7000,4.7600,4.9000,660200,3158276.0000,3,1.052070,1,-2.857140,14.203654,6.335535,0.000000,1.706236,0
1994-11-07,sz.000532,4.7800,4.9800,4.7000,4.9400,4.7600,978200,4754480.0000,3,1.558822,1,3.781509,14.740767,6.575114,0.000000,1.770757,0
1994-11-08,sz.000532,4.9500,5.1000,4.8700,4.9800,4.9400,3444600,17252182.0000,3,5.489184,1,0.809716,14.860125,6.628354,0.000000,1.785095,0
1994-11-09,sz.000532,4.9200,4.9200,4.7800,4.9000,4.9800,1480800,7185058.0000,3,2.359747,1,-1.606424,14.621408,6.521875,0.000000,1.756419,0
1994-11-10,sz.000532,4.9500,4.9900,4.8000,4.8000,4.9000,1005600,4919960.0000,3,1.602486,1,-2.040814,14.323012,6.388775,0.000000,1.720574,0
1994-11-11,sz.000532,4.8000,4.9500,4.8000,4.9000,4.8000,612600,2979058.0000,3,0.976216,1,2.083331,14.621408,6.521875,0.000000,1.756419,0
1994-11-14,sz.000532,4.9500,4.9700,4.8000,4.8200,4.9000,823400,3988801.0000,3,1.312139,1,-1.632651,14.382692,6.415395,0.000000,1.727743,0
1994-11-15,sz.000532,4.8000,4.8000,4.7200,4.7300,4.8200,956700,4543901.0000,3,1.524561,1,-1.867223,14.114135,6.295606,0.000000,1.695482,0
1994-11-16,sz.000532,4.7300,4.7900,4.7100,4.7400,4.7300,181800,860768.0000,3,0.289710,1,0.211411,14.143975,6.308916,0.000000,1.699067,0
1994-11-17,sz.000532,4.7400,4.7900,4.6800,4.6800,4.7400,291900,1374901.0000,3,0.465161,1,-1.265822,13.964937,6.229056,0.000000,1.677560,0
1994-11-18,sz.000532,4.6800,4.7000,4.6500,4.6800,4.6800,232100,1082579.0000,3,0.369866,1,0.000000,13.964937,6.229056,0.000000,1.677560,0
1994-11-21,sz.000532,4.6800,4.6800,4.5500,4.6000,4.6800,176400,816959.0000,3,0.281104,1,-1.709400,13.726220,6.122576,0.000000,1.648883,0
1994-11-22,sz.000532,4.6000,4.7400,4.5900,4.6100,4.6000,218600,1010044.0000,3,0.348353,1,0.217396,13.756060,6.135886,0.000000,1.652468,0
1994-11-23,sz.000532,4.6000,4.6500,4.5400,4.5600,4.6100,246200,1125769.0000,3,0.392335,1,-1.084603,13.606862,6.069336,0.000000,1.634545,0
1994-11-24,sz.000532,4.5500,4.5900,4.4600,4.4600,4.5600,248700,1120117.0000,3,0.396520,1,-2.192981,14.973397,6.678879,0.000000,1.798702,0
1994-11-25,sz.000532,4.5000,4.6000,4.5000,4.5200,4.4600,242600,1097738.0000,3,0.386794,1,1.345290,15.174833,6.768729,0.000000,1.822900,0
1994-11-28,sz.000532,4.4000,4.5000,4.4000,4.4600,4.5200,378200,1674080.0000,3,0.602990,1,-1.327432,14.973397,6.678879,0.000000,1.798702,0
1994-11-29,sz.000532,4.4500,4.5000,4.3700,4.4900,4.4600,172500,761526.0000,3,0.275029,1,0.672640,15.074115,6.723804,0.000000,1.810801,0
1994-11-30,sz.000532,4.5000,4.5100,4.4200,4.4500,4.4900,137800,615487.0000,3,0.219704,1,-0.890868,14.939824,6.663904,0.000000,1.794669,0
1994-12-01,sz.000532,4.4500,4.5000,3.9000,4.4300,4.4500,237200,1039490.0000,3,0.378184,1,-0.449438,14.872679,6.633954,0.000000,1.786603,0
1994-12-02,sz.000532,4.4800,4.5100,4.4000,4.4100,4.4300,181200,809746.0000,3,0.288900,1,-0.451467,14.805534,6.604004,0.000000,1.778537,0
1994-12-05,sz.000532,4.4000,4.4000,4.2500,4.2500,4.4100,352600,1526371.0000,3,0.562174,1,-3.628115,14.268371,6.364403,0.000000,1.714010,0
1994-12-06,sz.000532,4.2100,4.2300,4.1600,4.1600,4.2500,300800,1261850.0000,3,0.479586,1,-2.117651,13.966218,6.229627,0.000000,1.677713,0
1994-12-07,sz.000532,4.1700,4.2500,4.1300,4.1600,4.1600,125700,522362.0000,3,0.200412,1,0.000000,13.966218,6.229627,0.000000,1.677713,0
1994-12-08,sz.000532,4.1000,4.1500,4.0500,4.0600,4.1600,180100,738031.0000,3,0.287146,1,-2.403844,13.630491,6.079876,0.000000,1.637384,0
1994-12-09,sz.000532,4.0400,4.1400,3.9900,4.0400,4.0600,211100,851903.0000,3,0.336571,1,-0.492610,13.563346,6.049926,0.000000,1.629318,0
1994-12-12,sz.000532,4.0100,4.0400,3.9900,4.0000,4.0400,206600,827687.0000,3,0.329397,1,-0.990098,13.429055,5.990026,0.000000,1.613186,0
1994-12-13,sz.000532,3.9800,4.1400,3.9800,4.0800,4.0000,331500,1340460.0000,3,0.528533,1,1.999998,13.697637,6.109827,0.000000,1.645450,0
1994-12-14,sz.000532,4.1000,4.1000,3.9800,4.0000,4.0800,327900,1316964.0000,3,0.522794,1,-1.960783,13.429055,5.990026,0.000000,1.613186,0
1994-12-15,sz.000532,4.0000,4.4500,3.9900,4.4000,4.0000,1177800,4948357.0000,3,1.877848,1,10.000000,14.771961,6.589029,0.000000,1.774504,0
1994-12-16,sz.000532,4.4500,4.5500,4.2800,4.3500,4.4000,1900400,8427814.0000,3,3.029939,1,-1.136368,14.604098,6.514153,0.000000,1.754340,0
1994-12-19,sz.000532,4.3000,4.4700,4.1000,4.1600,4.3500,625200,2660031.0000,3,0.996799,1,-4.367817,13.966218,6.229627,0.000000,1.677713,0
1994-12-20,sz.000532,4.1600,4.2900,4.1100,4.1700,4.1600,306200,1281158.0000,3,0.488196,1,0.240390,13.999790,6.244602,0.000000,1.681746,0
1994-12-21,sz.000532,4.1700,4.2900,4.1000,4.1500,4.1700,313000,1322309.0000,3,0.499037,1,-0.479616,13.932645,6.214652,0.000000,1.673680,0
1994-12-22,sz.000532,4.1700,4.1700,4.0000,4.0800,4.1500,293600,1200365.0000,3,0.468107,1,-1.686751,13.697637,6.109827,0.000000,1.645450,0
1994-12-23,sz.000532,4.0800,4.1200,4.0200,4.0600,4.0800,211000,862691.0000,3,0.336412,1,-0.490196,13.630491,6.079876,0.000000,1.637384,0
1994-12-26,sz.000532,4.0800,4.1200,3.9000,4.0000,4.0600,336300,1347648.0000,3,0.536186,1,-1.477831,13.429055,5.990026,0.000000,1.613186,0
1994-12-27,sz.000532,3.9100,4.0000,3.9100,4.0000,4.0000,214700,855182.0000,3,0.342311,1,0.000000,13.429055,5.990026,0.000000,1.613186,0
1994-12-28,sz.000532,4.0000,4.0300,3.9800,4.0100,4.0000,235400,941755.0000,3,0.375314,1,0.250006,13.462628,6.005001,0.000000,1.617219,0
1994-12-29,sz.000532,4.0100,4.0300,4.0000,4.0000,4.0100,188700,756490.0000,3,0.300857,1,-0.249382,13.429055,5.990026,0.000000,1.613186,0
1994-12-30,sz.000532,4.0100,4.1000,3.9800,4.0300,4.0000,277200,1114388.0000,3,0.441959,1,0.750005,13.529773,6.034951,0.000000,1.625285,0
1995-01-03,sz.000532,4.0300,4.0300,3.9400,3.9800,4.0300,122000,484601.0000,3,0.194513,1,-1.240699,13.361910,5.960076,0.000000,1.605120,0
1995-01-04,sz.000532,4.1000,4.1000,4.0000,4.0800,3.9800,194100,788628.0000,3,0.309467,1,2.512560,13.697637,6.109827,0.000000,1.645450,0
1995-01-05,sz.000532,4.0800,4.2000,4.0500,4.0700,4.0800,406300,1683853.0000,3,0.647792,1,-0.245092,13.664064,6.094851,0.000000,1.641417,0
1995-01-06,sz.000532,4.0700,4.0800,4.0000,4.0600,4.0700,127300,513513.0000,3,0.202963,1,-0.245706,13.630491,6.079876,0.000000,1.637384,0
1995-01-09,sz.000532,4.0700,4.0700,3.9800,3.9800,4.0600,174300,697791.0000,3,0.277899,1,-1.970441,13.361910,5.960076,0.000000,1.605120,0
1995-01-10,sz.000532,3.9000,3.9100,3.8600,3.8700,3.9800,282700,1100445.0000,3,0.450728,1,-2.763823,12.992611,5.795350,0.000000,1.560757,0
1995-01-11,sz.000532,3.9000,3.9200,3.8800,3.9000,3.8700,119400,465786.0000,3,0.190368,1,0.775199,13.093329,5.840275,0.000000,1.572856,0
1995-01-12,sz.000532,3.9000,3.9900,3.8200,3.8300,3.9000,106200,411113.0000,3,0.169322,1,-1.794876,12.858321,5.735450,0.000000,1.544626,0
1995-01-13,sz.000532,3.8300,3.8800,3.7800,3.8000,3.8300,204300,777716.0000,3,0.325730,1,-0.783289,12.757603,5.690525,0.000000,1.532527,0
1995-01-16,sz.000532,3.8000,3.8000,3.6600,3.6800,3.8000,226800,837905.0000,3,0.361603,1,-3.157892,12.354731,5.510824,0.000000,1.484131,0
1995-01-17,sz.000532,3.6800,3.7300,3.6400,3.6700,3.6800,190900,701601.0000,3,0.304365,1,-0.271739,12.321158,5.495849,0.000000,1.480098,0
1995-01-18,sz.000532,3.6800,3.7100,3.6300,3.6800,3.6700,228100,836905.0000,3,0.363676,1,0.272479,12.354731,5.510824,0.000000,1.484131,0
1995-01-19,sz.000532,3.6900,3.6900,3.5000,3.5000,3.6800,132700,474712.0000,3,0.211573,1,-4.891306,11.750424,5.241273,0.000000,1.411538,0
1995-01-20,sz.000532,3.5000,3.6000,3.4000,3.5100,3.5000,243000,851096.0000,3,0.387432,1,0.285714,11.783996,5.256248,0.000000,1.415571,0
1995-01-23,sz.000532,3.5000,3.5000,3.4000,3.4800,3.5100,131600,453151.0000,3,0.209819,1,-0.854700,11.683278,5.211323,0.000000,1.403472,0
1995-01-24,sz.000532,3.4400,3.5000,3.4400,3.4800,3.4800,121900,425088.0000,3,0.194354,1,0.000000,11.683278,5.211323,0.000000,1.403472,0
1995-01-25,sz.000532,3.4800,3.5500,3.4800,3.5400,3.4800,192500,675522.0000,3,0.306916,1,1.724136,11.884714,5.301173,0.000000,1.427670,0
1995-01-26,sz.000532,3.5500,3.5500,3.4800,3.5100,3.5400,152400,535088.0000,3,0.242982,1,-0.847457,11.783996,5.256248,0.000000,1.415571,0
1995-01-27,sz.000532,3.5500,3.6000,3.5300,3.5600,3.5100,227400,810613.0000,3,0.362560,1,1.424500,11.951859,5.331123,0.000000,1.435735,0
1995-02-06,sz.000532,3.5600,3.5600,3.5600,3.5600,3.5600,0,0.0000,3,,1,0.000000,11.951859,5.331123,0.000000,1.435735,0
1995-02-07,sz.000532,3.5600,3.5600,3.5600,3.5600,3.5600,0,0.0000,3,,1,0.000000,11.951859,5.331123,0.000000,1.435735,0
1995-02-08,sz.000532,3.5600,3.5600,3.5600,3.5600,3.5600,0,0.0000,3,,1,0.000000,11.951859,5.331123,0.000000,1.435735,0
1995-02-09,sz.000532,3.5600,3.5600,3.5600,3.5600,3.5600,0,0.0000,3,,1,0.000000,11.951859,5.331123,0.000000,1.435735,0
1995-02-10,sz.000532,3.5600,3.5600,3.5600,3.5600,3.5600,0,0.0000,3,,1,0.000000,11.951859,5.331123,0.000000,1.435735,0
1995-02-13,sz.000532,3.4500,3.6000,3.4000,3.5600,3.5600,69500,244872.0000,3,0.110809,1,0.000000,11.951859,5.331123,0.000000,1.435735,0
1995-02-14,sz.000532,3.5800,3.6100,3.5000,3.5600,3.5600,71400,254661.0000,3,0.113838,1,0.000000,11.951859,5.331123,0.000000,1.435735,0
1995-02-15,sz.000532,3.5900,3.6000,3.5500,3.5600,3.5600,40100,143239.0000,3,0.063934,1,0.000000,11.951859,5.331123,0.000000,1.435735,0
1995-02-16,sz.000532,3.5600,3.6000,3.5600,3.5700,3.5600,41400,147854.0000,3,0.066007,1,0.280899,11.985432,5.346098,0.000000,1.439768,0
1995-02-17,sz.000532,3.5600,3.6000,3.5600,3.5900,3.5700,60200,215784.0000,3,0.095981,1,0.560223,12.052577,5.376048,0.000000,1.447834,0
1995-02-20,sz.000532,3.6200,3.6200,3.5700,3.6000,3.5900,87300,313862.0000,3,0.139188,1,0.278551,12.086150,5.391023,0.000000,1.451867,0
1995-02-21,sz.000532,3.5100,3.6000,3.5000,3.6000,3.6000,64000,228652.0000,3,0.102040,1,0.000000,12.086150,5.391023,0.000000,1.451867,0
1995-02-22,sz.000532,3.5100,4.1000,3.5000,4.0500,3.6000,621400,2434519.0000,3,0.990741,1,12.500010,13.596919,6.064901,0.000000,1.633351,0
1995-02-23,sz.000532,4.0000,4.0500,3.7600,3.9800,4.0500,905100,3541836.0000,3,1.443063,1,-1.728399,13.361910,5.960076,0.000000,1.605120,0
1995-02-24,sz.000532,3.9800,3.9800,3.6500,3.7000,3.9800,332400,1245359.0000,3,0.529968,1,-7.035175,12.421876,5.540774,0.000000,1.492197,0
1995-02-27,sz.000532,3.8000,4.0100,3.6800,3.6900,3.7000,372000,1427991.0000,3,0.593105,1,-0.270270,12.388304,5.525799,0.000000,1.488164,0
1995-02-28,sz.000532,3.7000,3.7000,3.6000,3.6900,3.6900,86700,315252.0000,3,0.138232,1,0.000000,12.388304,5.525799,0.000000,1.488164,0
1995-03-01,sz.000532,3.6700,3.7700,3.6700,3.7100,3.6900,140500,525017.0000,3,0.224009,1,0.542005,12.455449,5.555749,0.000000,1.496230,0
1995-03-02,sz.000532,3.7200,3.7600,3.7100,3.7400,3.7100,165500,619229.0000,3,0.263868,1,0.808625,12.556167,5.600674,0.000000,1.508329,0
1995-03-03,sz.000532,3.7800,3.8600,3.7600,3.8300,3.7400,379300,1444055.0000,3,0.604744,1,2.406415,12.858321,5.735450,0.000000,1.544626,0
1995-03-06,sz.000532,3.9500,3.9900,3.9000,3.9900,3.8300,661500,2619597.0000,3,1.054675,1,4.177548,13.395483,5.975051,0.000000,1.609153,0
1995-03-07,sz.000532,4.1400,4.2100,4.0400,4.1800,3.9900,2594400,10683983.0000,3,4.136431,1,4.761900,14.033363,6.259577,0.000000,1.685779,0
1995-03-08,sz.000532,4.2000,4.2500,4.0600,4.1500,4.1800,1846800,7701724.0000,3,2.944481,1,-0.717697,13.932645,6.214652,0.000000,1.673680,0
1995-03-09,sz.000532,4.0800,4.1300,4.0000,4.0000,4.1500,805400,3279208.0000,3,1.284105,1,-3.614460,13.429055,5.990026,0.000000,1.613186,0
1995-03-10,sz.000532,3.9900,4.0200,3.8800,3.8800,4.0000,731500,2887575.0000,3,1.166281,1,-2.999997,13.026184,5.810325,0.000000,1.564790,0
1995-03-13,sz.000532,3.9900,3.9900,3.7800,3.8300,3.8800,432700,1662360.0000,3,0.689883,1,-1.288665,12.858321,5.735450,0.000000,1.544626,0
1995-03-14,sz.000532,3.8000,3.9000,3.8000,3.8300,3.8300,314900,1215507.0000,3,0.502067,1,0.000000,12.858321,5.735450,0.000000,1.544626,0
1995-03-15,sz.000532,3.9000,3.9200,3.7000,3.7200,3.8300,239200,899922.0000,3,0.381373,1,-2.872060,12.489022,5.570724,0.000000,1.500263,0
1995-03-16,sz.000532,3.7200,3.8000,3.7000,3.7900,3.7200,201000,752916.0000,3,0.320468,1,1.881719,12.724030,5.675550,0.000000,1.528494,0
1995-03-17,sz.000532,3.8100,3.8600,3.7800,3.8500,3.7900,161000,615665.0000,3,0.256693,1,1.583112,12.925466,5.765400,0.000000,1.552691,0
1995-03-20,sz.000532,3.9000,3.9200,3.7600,3.7600,3.8500,279200,1073016.0000,3,0.445148,1,-2.337660,12.623312,5.630624,0.000000,1.516395,0
1995-03-21,sz.000532,3.8100,3.8100,3.7500,3.7800,3.7600,162100,612831.0000,3,0.258447,1,0.531914,12.690457,5.660575,0.000000,1.524461,0
1995-03-22,sz.000532,3.7800,4.0000,3.7800,3.9000,3.7800,257800,994534.0000,3,0.411028,1,3.174606,13.093329,5.840275,0.000000,1.572856,0
1995-03-23,sz.000532,3.9200,3.9300,3.8200,3.8400,3.9000,468600,1821914.0000,3,0.747121,1,-1.538466,12.891893,5.750425,0.000000,1.548658,0
1995-03-24,sz.000532,3.8800,3.8800,3.8300,3.8800,3.8400,150300,577713.0000,3,0.239634,1,1.041672,13.026184,5.810325,0.000000,1.564790,0
1995-03-27,sz.000532,3.8800,3.9500,3.8800,3.9000,3.8800,632300,2471872.0000,3,1.008119,1,0.515463,13.093329,5.840275,0.000000,1.572856,0
1995-03-28,sz.000532,3.9500,3.9500,3.7500,3.8100,3.9000,477300,1838960.0000,3,0.760992,1,-2.307696,12.791175,5.705500,0.000000,1.536560,0
1995-03-29,sz.000532,3.8200,3.8900,3.8200,3.8900,3.8100,400300,1539509.0000,3,0.638226,1,2.099742,13.059756,5.825300,0.000000,1.568823,0
1995-03-30,sz.000532,3.9000,3.9400,3.8300,3.8300,3.8900,327800,1272725.0000,3,0.522634,1,-1.542421,12.858321,5.735450,0.000000,1.544626,0
1995-03-31,sz.000532,3.8000,3.9200,3.7600,3.9000,3.8300,485500,1872205.0000,3,0.701379,1,1.827681,13.093329,5.840275,0.000000,1.572856,0
1995-04-03,sz.000532,3.9200,3.9500,3.8700,3.9000,3.9000,425300,1663162.0000,3,0.614411,1,0.000000,13.093329,5.840275,0.000000,1.572856,0
1995-04-04,sz.000532,3.9200,3.9200,3.7800,3.9100,3.9000,331000,1276597.0000,3,0.478180,1,0.256410,13.126902,5.855250,0.000000,1.576889,0
1995-04-05,sz.000532,3.9000,3.9100,3.8500,3.8600,3.9100,169500,658205.0000,3,0.244869,1,-1.278777,12.959039,5.780375,0.000000,1.556724,0
1995-04-06,sz.000532,3.8400,3.9000,3.8300,3.8800,3.8600,138400,533951.0000,3,0.199940,1,0.518140,13.026184,5.810325,0.000000,1.564790,0
1995-04-07,sz.000532,3.8800,4.0200,3.8800,4.0000,3.8800,821300,3251329.0000,3,1.186494,1,3.092781,13.429055,5.990026,0.000000,1.613186,0
1995-04-10,sz.000532,4.0000,4.1000,4.0000,4.0400,4.0000,1013200,4127450.0000,3,1.463723,1,0.999999,13.563346,6.049926,0.000000,1.629318,0
1995-04-11,sz.000532,4.0000,4.0100,3.9000,3.9000,4.0400,482300,1904870.0000,3,0.696757,1,-3.465343,13.093329,5.840275,0.000000,1.572856,0
1995-04-12,sz.000532,3.9000,3.9100,3.8300,3.9000,3.9000,264600,1027856.0000,3,0.382255,1,0.000000,13.093329,5.840275,0.000000,1.572856,0
1995-04-13,sz.000532,3.9000,3.9400,3.8900,3.9100,3.9000,215800,844161.0000,3,0.311756,1,0.256410,13.126902,5.855250,0.000000,1.576889,0
1995-04-14,sz.000532,3.8500,3.9300,3.8500,3.9200,3.9100,90700,353596.0000,3,0.131030,1,0.255754,13.160474,5.870225,0.000000,1.580922,0
1995-04-17,sz.000532,3.9300,3.9400,3.8800,3.8800,3.9200,75300,293339.0000,3,0.108782,1,-1.020407,13.026184,5.810325,0.000000,1.564790,0
1995-04-18,sz.000532,3.9300,3.9300,3.8700,3.8700,3.8800,70900,275099.0000,3,0.102426,1,-0.257738,12.992611,5.795350,0.000000,1.560757,0
1995-04-19,sz.000532,3.8800,3.9000,3.8500,3.8900,3.8700,107600,417916.0000,3,0.155445,1,0.516802,13.059756,5.825300,0.000000,1.568823,0
1995-04-20,sz.000532,3.8900,3.9500,3.8900,3.9500,3.8900,192300,752081.0000,3,0.277807,1,1.542415,13.261192,5.915151,0.000000,1.593021,0
1995-04-21,sz.000532,3.9000,3.9300,3.8900,3.9000,3.9500,192300,751700.0000,3,0.277807,1,-1.265822,13.093329,5.840275,0.000000,1.572856,0
1995-04-24,sz.000532,3.7300,3.7800,3.6500,3.6800,3.9000,367500,1370897.0000,3,0.530910,1,-5.641026,11.664497,5.409702,0.000000,1.223450,0
1995-04-25,sz.000532,3.6900,3.6900,3.6000,3.6500,3.6800,142500,516621.0000,3,0.205863,1,-0.815217,11.569406,5.365601,0.000000,1.213476,0
1995-04-26,sz.000532,3.6700,3.6800,3.4500,3.4600,3.6500,265300,948607.0000,3,0.383267,1,-5.205481,10.967163,5.086296,0.000000,1.150309,0
1995-04-27,sz.000532,3.4100,3.6000,3.1200,3.3300,3.4600,373900,1238674.0000,3,0.540156,1,-3.757229,10.555102,4.895192,0.000000,1.107089,0
1995-04-28,sz.000532,3.3300,3.5000,3.3300,3.4500,3.3300,190600,649664.0000,3,0.275351,1,3.603607,10.935466,5.071596,0.000000,1.146984,0
1995-05-02,sz.000532,3.4500,3.4500,3.3000,3.3800,3.4500,113800,383866.0000,3,0.164402,1,-2.028983,10.713587,4.968694,0.000000,1.123712,0
1995-05-03,sz.000532,3.3800,3.4600,3.3600,3.3700,3.3800,88100,300108.0000,3,0.127274,1,-0.295865,10.681890,4.953993,0.000000,1.120388,0
1995-05-04,sz.000532,3.3800,3.4000,3.3500,3.3600,3.3700,79300,266079.0000,3,0.114561,1,-0.296736,10.650193,4.939293,0.000000,1.117063,0
1995-05-05,sz.000532,3.3200,3.3600,3.3200,3.3500,3.3600,48500,162654.0000,3,0.070066,1,-0.297619,10.618496,4.924593,0.000000,1.113739,0
1995-05-08,sz.000532,3.3500,3.3700,3.3200,3.3600,3.3500,149100,499370.0000,3,0.215398,1,0.298507,10.650193,4.939293,0.000000,1.117063,0
1995-05-09,sz.000532,3.3500,3.3700,3.3000,3.3700,3.3600,94500,314637.0000,3,0.136520,1,0.297619,10.681890,4.953993,0.000000,1.120388,0
1995-05-10,sz.000532,3.3200,3.3300,3.0800,3.1500,3.3700,472700,1521412.0000,3,0.682888,1,-6.528184,9.984556,4.630587,0.000000,1.047247,0
1995-05-11,sz.000532,3.2000,3.2800,3.1600,3.1800,3.1500,223300,713760.0000,3,0.322591,1,0.952380,10.079647,4.674688,0.000000,1.057220,0
1995-05-12,sz.000532,3.1800,3.3300,3.1700,3.2500,3.1800,280900,906598.0000,3,0.405803,1,2.201256,10.301526,4.777590,0.000000,1.080493,0
1995-05-15,sz.000532,3.2500,3.2500,3.2000,3.2400,3.2500,62000,200273.0000,3,0.089569,1,-0.307692,10.269829,4.762890,0.000000,1.077168,0
1995-05-16,sz.000532,3.2600,3.2600,3.1800,3.2200,3.2400,59000,188937.0000,3,0.085235,1,-0.617283,10.206435,4.733489,0.000000,1.070519,0
1995-05-17,sz.000532,3.2400,3.2400,3.2000,3.2200,3.2200,49700,159862.0000,3,0.071799,1,0.000000,10.206435,4.733489,0.000000,1.070519,0
1995-05-18,sz.000532,4.0000,4.3000,3.6800,4.0000,3.2200,2841000,11467779.0000,3,4.104261,1,24.223600,12.678801,5.880111,0.000000,1.329837,0
1995-05-19,sz.000532,4.0000,4.2000,3.8000,4.0900,4.0000,2552700,10330326.0000,3,3.687768,1,2.250004,12.964074,6.012413,0.000000,1.359758,0
1995-05-22,sz.000532,4.2800,4.4500,4.0300,4.2900,4.0900,6321600,26794876.0000,3,9.132523,1,4.889971,13.598014,6.306419,0.000000,1.426250,0
1995-05-23,sz.000532,4.0000,4.0000,3.4500,3.4900,4.2900,2364600,8642561.0000,3,3.416028,1,-18.648020,11.062254,5.130397,0.000000,1.160283,0
1995-05-24,sz.000532,3.4900,3.6000,3.3400,3.4200,3.4900,813500,2794888.0000,3,1.175226,1,-2.005729,10.840375,5.027495,0.000000,1.137011,0
1995-05-25,sz.000532,3.4200,3.5500,3.3000,3.3400,3.4200,595300,2033577.0000,3,0.860002,1,-2.339186,10.586799,4.909893,0.000000,1.110414,0
1995-05-26,sz.000532,3.2900,3.5000,3.2500,3.3600,3.3400,740800,2481215.0000,3,1.070199,1,0.598802,10.650193,4.939293,0.000000,1.117063,0
1995-05-29,sz.000532,3.3600,3.3600,3.3600,3.3600,3.3600,0,0.0000,3,,1,0.000000,10.650193,4.939293,0.000000,1.117063,0
1995-05-30,sz.000532,2.3600,3.4000,2.3600,3.3000,3.3600,133500,442742.0000,3,0.192861,1,-1.785713,10.460011,4.851091,0.000000,1.097116,0
1995-05-31,sz.000532,3.3000,3.3400,3.2500,3.2500,3.3000,190100,622511.0000,3,0.274629,1,-1.515150,10.301526,4.777590,0.000000,1.080493,0
1995-06-01,sz.000532,3.2500,3.3500,3.2300,3.3000,3.2500,230400,756818.0000,3,0.332848,1,1.538460,10.460011,4.851091,0.000000,1.097116,0
1995-06-02,sz.000532,3.2500,3.5000,3.2500,3.3000,3.3000,195500,655642.0000,3,0.282430,1,0.000000,10.460011,4.851091,0.000000,1.097116,0
1995-06-05,sz.000532,3.3500,3.3500,3.2400,3.2500,3.3000,139100,455541.0000,3,0.200951,1,-1.515150,10.301526,4.777590,0.000000,1.080493,0
1995-06-06,sz.000532,3.2500,3.2500,3.1800,3.2100,3.2500,186200,597132.0000,3,0.268995,1,-1.230768,10.174738,4.718789,0.000000,1.067194,0
1995-06-07,sz.000532,3.2500,3.3000,3.1900,3.2800,3.2100,131900,425632.0000,3,0.190550,1,2.180683,10.396617,4.821691,0.000000,1.090466,0
1995-06-08,sz.000532,3.3000,3.3200,3.1800,3.1800,3.2800,247100,799276.0000,3,0.356974,1,-3.048778,10.079647,4.674688,0.000000,1.057220,0
1995-06-09,sz.000532,3.2000,3.2400,3.1700,3.2100,3.1800,215000,684753.0000,3,0.310601,1,0.943395,10.174738,4.718789,0.000000,1.067194,0
1995-06-12,sz.000532,3.2000,3.2100,3.1700,3.1800,3.2100,168100,536779.0000,3,0.242846,1,-0.934579,10.079647,4.674688,0.000000,1.057220,0
1995-06-13,sz.000532,3.1800,3.2100,3.1600,3.2000,3.1800,98500,314226.0000,3,0.142298,1,0.628930,10.143041,4.704089,0.000000,1.063870,0
1995-06-14,sz.000532,3.1900,3.2100,3.1700,3.2000,3.2000,127000,405122.0000,3,0.183471,1,0.000000,10.143041,4.704089,0.000000,1.063870,0
1995-06-15,sz.000532,3.1700,3.1800,3.0000,3.0300,3.2000,318900,973575.0000,3,0.460700,1,-5.312502,9.604192,4.454184,0.000000,1.007352,0
1995-06-16,sz.000532,3.0300,3.1200,3.0000,3.0700,3.0300,275800,838189.0000,3,0.398436,1,1.320131,9.730980,4.512985,0.000000,1.020650,0
1995-06-19,sz.000532,3.0200,3.1000,3.0100,3.0700,3.0700,156700,480001.0000,3,0.226377,1,0.000000,9.730980,4.512985,0.000000,1.020650,0
1995-06-20,sz.000532,3.1000,3.1200,3.0600,3.0800,3.0700,132500,408928.0000,3,0.191417,1,0.325733,9.762677,4.527685,0.000000,1.023975,0
1995-06-21,sz.000532,3.0900,3.1200,3.0600,3.1200,3.0800,150300,464569.0000,3,0.217131,1,1.298700,9.889465,4.586486,0.000000,1.037273,0
1995-06-22,sz.000532,3.1500,3.1500,3.0900,3.1000,3.1200,180600,563256.0000,3,0.260904,1,-0.641025,9.826071,4.557086,0.000000,1.030624,0
1995-06-23,sz.000532,3.1000,3.1300,3.1000,3.1200,3.1000,159200,495558.0000,3,0.229989,1,0.645161,9.889465,4.586486,0.000000,1.037273,0
1995-06-26,sz.000532,3.1200,3.1900,3.1200,3.1800,3.1200,211000,667432.0000,3,0.304822,1,1.923083,10.079647,4.674688,0.000000,1.057220,0
1995-06-27,sz.000532,3.1900,3.2400,3.1600,3.1800,3.1800,423300,1356680.0000,3,0.611522,1,0.000000,10.079647,4.674688,0.000000,1.057220,0
1995-06-28,sz.000532,3.0800,3.1500,3.0500,3.1200,3.1800,146400,452259.0000,3,0.211497,1,-1.886798,9.889465,4.586486,0.000000,1.037273,0
1995-06-29,sz.000532,3.1200,3.1200,3.0800,3.0900,3.1200,205200,635268.0000,3,0.296443,1,-0.961538,9.794374,4.542386,0.000000,1.027299,0
1995-06-30,sz.000532,3.0900,3.0900,3.0400,3.0700,3.0900,232200,710621.0000,3,0.335449,1,-0.647249,9.730980,4.512985,0.000000,1.020650,0
1995-07-03,sz.000532,3.0700,3.0700,3.0100,3.0100,3.0700,168500,509783.0000,3,0.243424,1,-1.954396,9.540798,4.424783,0.000000,1.000702,0
1995-07-04,sz.000532,3.0100,3.0500,3.0100,3.0500,3.0100,98400,297611.0000,3,0.142154,1,1.328902,9.667586,4.483584,0.000000,1.014001,0
1995-07-05,sz.000532,3.0400,3.0800,3.0200,3.0500,3.0500,107600,326981.0000,3,0.155445,1,0.000000,9.667586,4.483584,0.000000,1.014001,0
1995-07-06,sz.000532,3.0700,3.1000,3.0300,3.0500,3.0500,166000,506511.0000,3,0.239813,1,0.000000,9.667586,4.483584,0.000000,1.014001,0
1995-07-07,sz.000532,3.0300,3.1200,3.0200,3.1200,3.0500,203900,625898.0000,3,0.294565,1,2.295080,9.889465,4.586486,0.000000,1.037273,0
1995-07-10,sz.000532,3.1500,3.1500,3.0500,3.1000,3.1200,270000,835116.0000,3,0.390057,1,-0.641025,9.826071,4.557086,0.000000,1.030624,0
1995-07-11,sz.000532,3.1000,3.1000,3.0400,3.0500,3.1000,186200,569781.0000,3,0.268995,1,-1.612902,9.667586,4.483584,0.000000,1.014001,0
1995-07-12,sz.000532,3.0500,3.0500,3.0200,3.0300,3.0500,129600,393464.0000,3,0.187227,1,-0.655737,9.604192,4.454184,0.000000,1.007352,0
1995-07-13,sz.000532,3.0300,3.0700,3.0300,3.0300,3.0300,146900,447069.0000,3,0.212220,1,0.000000,9.604192,4.454184,0.000000,1.007352,0
1995-07-14,sz.000532,3.0300,3.0800,3.0300,3.0500,3.0300,165400,505802.0000,3,0.238946,1,0.660065,9.667586,4.483584,0.000000,1.014001,0
1995-07-17,sz.000532,3.0500,3.1400,3.0500,3.1100,3.0500,399700,1245126.0000,3,0.577428,1,1.967211,9.857768,4.571786,0.000000,1.033948,0
1995-07-18,sz.000532,3.1000,3.1200,3.0600,3.1000,3.1100,324900,1002739.0000,3,0.469368,1,-0.321543,9.826071,4.557086,0.000000,1.030624,0
1995-07-19,sz.000532,3.0500,3.1300,3.0500,3.0600,3.1000,272700,841132.0000,3,0.393957,1,-1.290321,9.699283,4.498285,0.000000,1.017325,0
1995-07-20,sz.000532,3.0500,3.2000,3.0500,3.1500,3.0600,493200,1548557.0000,3,0.712503,1,2.941181,9.984556,4.630587,0.000000,1.047247,0
1995-07-21,sz.000532,3.1500,3.2500,3.1100,3.2300,3.1500,975600,3118708.0000,3,1.409404,1,2.539680,10.238132,4.748189,0.000000,1.073843,0
1995-07-24,sz.000532,3.2400,3.4000,3.2400,3.2800,3.2300,1070200,3539509.0000,3,1.546068,1,1.547986,10.396617,4.821691,0.000000,1.090466,0
1995-07-25,sz.000532,3.3500,3.3500,3.1800,3.2000,3.2800,355900,1152180.0000,3,0.514152,1,-2.439022,10.143041,4.704089,0.000000,1.063870,0
1995-07-26,sz.000532,3.2000,3.2000,3.1500,3.1600,3.2000,168800,535836.0000,3,0.243858,1,-1.249999,10.016253,4.645288,0.000000,1.050571,0
1995-07-27,sz.000532,3.1200,3.1600,3.1200,3.1600,3.1600,88200,276902.0000,3,0.127418,1,0.000000,10.016253,4.645288,0.000000,1.050571,0
1995-07-28,sz.000532,3.1600,3.1700,3.1300,3.1500,3.1600,149100,469445.0000,3,0.215398,1,-0.316455,9.984556,4.630587,0.000000,1.047247,0
1995-07-31,sz.000532,3.1400,3.1900,3.1000,3.1500,3.1500,135900,426795.0000,3,0.196328,1,0.000000,9.984556,4.630587,0.000000,1.047247,0
1995-08-01,sz.000532,3.1100,3.2000,3.1000,3.2000,3.1500,370100,1162138.0000,3,0.534666,1,1.587300,10.143041,4.704089,0.000000,1.063870,0
1995-08-02,sz.000532,3.2500,3.2500,3.1500,3.1600,3.2000,250400,796323.0000,3,0.361741,1,-1.249999,10.016253,4.645288,0.000000,1.050571,0
1995-08-03,sz.000532,3.1800,3.2500,3.1600,3.2300,3.1600,327400,1054304.0000,3,0.472980,1,2.215188,10.238132,4.748189,0.000000,1.073843,0
1995-08-04,sz.000532,3.2300,3.2300,3.2300,3.2300,3.2300,0,0.0000,3,,1,0.000000,10.238132,4.748189,0.000000,1.073843,0
1995-08-07,sz.000532,3.2900,3.4800,3.2900,3.4800,3.2300,2832300,9662740.0000,3,4.091693,1,7.739938,11.030557,5.115696,0.000000,1.156958,0
1995-08-08,sz.000532,3.5000,3.5300,3.3500,3.3600,3.4800,1929400,6609446.0000,3,2.787315,1,-3.448280,10.650193,4.939293,0.000000,1.117063,0
1995-08-09,sz.000532,3.3600,3.4000,3.3000,3.4000,3.3600,799100,2667301.0000,3,1.154423,1,1.190482,10.776981,4.998094,0.000000,1.130362,0
1995-08-10,sz.000532,3.3500,3.4200,3.3000,3.4200,3.4000,892200,2992918.0000,3,1.288920,1,0.588235,10.840375,5.027495,0.000000,1.137011,0
1995-08-11,sz.000532,3.3200,3.4200,3.3200,3.4000,3.4200,985700,3325731.0000,3,1.423995,1,-0.584795,10.776981,4.998094,0.000000,1.130362,0
1995-08-14,sz.000532,3.4800,3.9500,3.4100,3.7800,3.4000,3029500,10855490.0000,3,4.376579,1,11.176470,11.981467,5.556705,0.000000,1.256696,0
1995-08-15,sz.000532,3.7600,3.7600,3.5100,3.5200,3.7800,1707900,6143657.0000,3,2.467324,1,-6.878307,11.157345,5.174498,0.000000,1.170257,0
1995-08-16,sz.000532,3.4500,3.5800,3.4500,3.5700,3.5200,864600,3034665.0000,3,1.249048,1,1.420453,11.315830,5.247999,0.000000,1.186880,0
1995-08-17,sz.000532,3.5700,3.6000,3.5300,3.5400,3.5700,1270400,4518333.0000,3,1.835288,1,-0.840335,11.220739,5.203898,0.000000,1.176906,0
1995-08-18,sz.000532,3.5700,3.6800,3.5300,3.6200,3.5400,2018600,7281514.0000,3,2.916178,1,2.259885,11.474315,5.321500,0.000000,1.203503,0
1995-08-21,sz.000532,3.6400,3.8800,3.5900,3.6200,3.6200,2323700,8643439.0000,3,3.356942,1,0.000000,11.474315,5.321500,0.000000,1.203503,0
1995-08-22,sz.000532,3.5900,3.6200,3.4700,3.4900,3.6200,767300,2709197.0000,3,1.108483,1,-3.591157,11.062254,5.130397,0.000000,1.160283,0
1995-08-23,sz.000532,3.4500,3.5500,3.3600,3.4000,3.4900,1156400,3942340.0000,3,1.670598,1,-2.578794,10.776981,4.998094,0.000000,1.130362,0
1995-08-24,sz.000532,3.3800,3.4000,3.3500,3.3900,3.4000,305100,1027003.0000,3,0.440764,1,-0.294117,10.745284,4.983394,0.000000,1.127037,0
1995-08-25,sz.000532,3.3600,3.4000,3.3500,3.3700,3.3900,277100,933854.0000,3,0.400314,1,-0.589977,10.681890,4.953993,0.000000,1.120388,0
1995-08-28,sz.000532,3.2500,3.3500,3.2200,3.3000,3.3700,149300,492071.0000,3,0.215687,1,-2.077149,10.460011,4.851091,0.000000,1.097116,0
1995-08-29,sz.000532,3.3000,3.3800,3.3000,3.3300,3.3000,217600,725707.0000,3,0.314357,1,0.909090,10.555102,4.895192,0.000000,1.107089,0
1995-08-30,sz.000532,3.3300,3.3800,3.3300,3.3400,3.3300,345600,1160189.0000,3,0.499272,1,0.300300,10.586799,4.909893,0.000000,1.110414,0
1995-08-31,sz.000532,3.1500,3.2600,3.1200,3.2300,3.3400,555300,1775645.0000,3,0.802216,1,-3.293410,16.762198,4.276180,0.000000,0.914886,0
1995-09-01,sz.000532,3.2300,3.2300,3.2300,3.2300,3.2300,0,0.0000,3,,1,0.000000,16.762198,4.276180,0.000000,0.914886,0
1995-09-04,sz.000532,3.2300,3.2500,3.2000,3.2200,3.2300,396300,1278420.0000,3,0.572516,1,-0.309597,16.710303,4.262941,0.000000,0.912054,0
1995-09-05,sz.000532,3.2700,3.2700,3.2200,3.2300,3.2200,231000,748435.0000,3,0.333715,1,0.310559,16.762198,4.276180,0.000000,0.914886,0
1995-09-06,sz.000532,3.2300,3.2800,3.2200,3.2500,3.2300,387500,1257837.0000,3,0.559803,1,0.619194,16.865989,4.302658,0.000000,0.920551,0
1995-09-07,sz.000532,3.2800,3.2800,3.2300,3.2600,3.2500,481700,1565754.0000,3,0.695890,1,0.307692,16.917884,4.315897,0.000000,0.923383,0
1995-09-08,sz.000532,3.2300,3.2500,3.2200,3.2300,3.2600,189600,611680.0000,3,0.273906,1,-0.920245,16.762198,4.276180,0.000000,0.914886,0
1995-09-11,sz.000532,3.3700,3.3800,3.3000,3.3700,3.2300,801100,2690816.0000,3,1.157312,1,4.334361,17.488733,4.461525,0.000000,0.954541,0
1995-09-12,sz.000532,3.4500,3.4800,3.4100,3.4200,3.3700,1049600,3614977.0000,3,1.516309,1,1.483685,17.748210,4.527720,0.000000,0.968703,0
1995-09-13,sz.000532,3.4300,3.4500,3.3500,3.4200,3.4200,448700,1527331.0000,3,0.648216,1,0.000000,17.748210,4.527720,0.000000,0.968703,0
1995-09-14,sz.000532,3.4300,3.4500,3.4000,3.4200,3.4200,548400,1875829.0000,3,0.792248,1,0.000000,17.748210,4.527720,0.000000,0.968703,0
1995-09-15,sz.000532,3.4200,3.4400,3.4000,3.4400,3.4200,521600,1785712.0000,3,0.753531,1,0.584795,17.852001,4.554198,0.000000,0.974368,0
1995-09-18,sz.000532,3.4500,3.4800,3.4400,3.4500,3.4400,536100,1852611.0000,3,0.774479,1,0.290697,17.903896,4.567437,0.000000,0.977200,0
1995-09-19,sz.000532,3.4200,3.4500,3.2800,3.3700,3.4500,574100,1952417.0000,3,0.829376,1,-2.318845,17.488733,4.461525,0.000000,0.954541,0
1995-09-20,sz.000532,3.1000,3.1000,3.0200,3.0700,3.1200,377100,1149643.0000,3,0.544779,1,-1.602563,15.931873,4.064357,0.000000,0.869567,0
1995-09-21,sz.000532,3.0500,3.0800,3.0200,3.0800,3.0700,280900,857725.0000,3,0.405803,1,0.325733,15.983768,4.077596,0.000000,0.872399,0
1995-09-22,sz.000532,3.0700,3.1000,3.0500,3.0800,3.0800,251400,774133.0000,3,0.363186,1,0.000000,15.983768,4.077596,0.000000,0.872399,0
1995-09-25,sz.000532,3.1000,3.1400,3.0600,3.0700,3.0800,216100,666352.0000,3,0.312190,1,-0.324675,15.931873,4.064357,0.000000,0.869567,0
1995-09-26,sz.000532,3.0600,3.0800,3.0600,3.0700,3.0700,112600,345640.0000,3,0.162668,1,0.000000,15.931873,4.064357,0.000000,0.869567,0
1995-09-27,sz.000532,3.0700,3.0700,3.0100,3.0200,3.0700,252800,767757.0000,3,0.365208,1,-1.628663,15.672396,3.998162,0.000000,0.855404,0
1995-09-28,sz.000532,3.0000,3.0100,2.9800,3.0000,3.0200,195100,583809.0000,3,0.281852,1,-0.662251,15.568605,3.971684,0.000000,0.849739,0
1995-09-29,sz.000532,3.0100,3.0500,2.9900,3.0500,3.0000,290100,873904.0000,3,0.419094,1,1.666665,15.828082,4.037879,0.000000,0.863902,0
1995-10-04,sz.000532,3.0900,3.0900,3.0100,3.0300,3.0500,103000,312291.0000,3,0.148799,1,-0.655737,15.724291,4.011401,0.000000,0.858237,0
1995-10-05,sz.000532,3.0500,3.0500,3.0300,3.0400,3.0300,109800,333692.0000,3,0.158623,1,0.330033,15.776187,4.024640,0.000000,0.861069,0
1995-10-06,sz.000532,3.0400,3.0600,3.0200,3.0300,3.0400,100000,303007.0000,3,0.144465,1,-0.328947,15.724291,4.011401,0.000000,0.858237,0
1995-10-09,sz.000532,3.0400,3.0400,2.9800,2.9900,3.0300,172000,515640.0000,3,0.248480,1,-1.320131,15.516710,3.958445,0.000000,0.846907,0
1995-10-10,sz.000532,2.9900,3.0000,2.9500,2.9700,2.9900,147300,438233.0000,3,0.212797,1,-0.668896,15.412919,3.931967,0.000000,0.841242,0
1995-10-11,sz.000532,2.9300,2.9300,2.9000,2.9300,2.9700,160100,467114.0000,3,0.231289,1,-1.346800,15.205338,3.879011,0.000000,0.829912,0
1995-10-12,sz.000532,2.9500,2.9500,2.9000,2.9400,2.9300,221300,648954.0000,3,0.319702,1,0.341297,15.257233,3.892250,0.000000,0.832745,0
1995-10-13,sz.000532,2.9500,2.9600,2.9200,2.9500,2.9400,150000,440856.0000,3,0.216698,1,0.340136,15.309129,3.905489,0.000000,0.835577,0
1995-10-16,sz.000532,3.0000,3.1500,2.9800,3.1400,2.9500,1103700,3410355.0000,3,1.594464,1,6.440680,16.295140,4.157029,0.000000,0.889394,0
1995-10-17,sz.000532,3.1900,3.3800,3.1800,3.2900,3.1400,3906000,12858646.0000,3,5.642818,1,4.777065,17.073570,4.355614,0.000000,0.931881,0
1995-10-18,sz.000532,3.3000,3.3500,3.2300,3.3100,3.2900,2051000,6731765.0000,3,2.962985,1,0.607902,17.177361,4.382091,0.000000,0.937546,0
1995-10-19,sz.000532,3.3100,3.3100,3.1900,3.2000,3.3100,966200,3135752.0000,3,1.395824,1,-3.323260,16.606512,4.236463,0.000000,0.906389,0
1995-10-20,sz.000532,3.2000,3.6500,3.1800,3.5800,3.2000,6711200,23290667.0000,3,9.695360,1,11.875000,18.578536,4.739543,0.000000,1.014022,0
1995-10-23,sz.000532,3.5000,3.5500,3.3600,3.4700,3.5800,4876400,17001633.0000,3,7.044710,1,-3.072623,18.007687,4.593915,0.000000,0.982865,0
1995-10-24,sz.000532,3.4500,3.5000,3.4100,3.4500,3.4700,1445500,4984854.0000,3,2.088247,1,-0.576368,17.903896,4.567437,0.000000,0.977200,0
1995-10-25,sz.000532,3.5300,3.8000,3.4600,3.5200,3.4500,2566600,9058865.0000,3,3.707848,1,2.028983,18.267164,4.660109,0.000000,0.997027,0
1995-10-26,sz.000532,3.3100,3.5000,3.3100,3.4000,3.5200,1191400,4072694.0000,3,1.721160,1,-3.409088,17.644419,4.501242,0.000000,0.963038,0
1995-10-27,sz.000532,3.3800,3.3800,3.2900,3.2900,3.4000,887500,2953962.0000,3,1.282130,1,-3.235298,17.073570,4.355614,0.000000,0.931881,0
1995-10-30,sz.000532,3.2700,3.2700,3.1800,3.2100,3.2900,563800,1809959.0000,3,0.814496,1,-2.431609,16.658408,4.249702,0.000000,0.909221,0
1995-10-31,sz.000532,3.1800,3.2800,3.1700,3.2200,3.2100,379700,1225976.0000,3,0.548535,1,0.311526,16.710303,4.262941,0.000000,0.912054,0
1995-11-01,sz.000532,3.2800,3.2800,3.1800,3.2700,3.2200,503200,1626118.0000,3,0.726950,1,1.552794,16.969780,4.329136,0.000000,0.926216,0
1995-11-02,sz.000532,3.2500,3.2700,3.2100,3.2300,3.2700,271200,877116.0000,3,0.391790,1,-1.223240,16.762198,4.276180,0.000000,0.914886,0
1995-11-03,sz.000532,3.2800,3.2800,3.2300,3.2600,3.2300,287600,934653.0000,3,0.415482,1,0.928792,16.917884,4.315897,0.000000,0.923383,0
1995-11-06,sz.000532,3.2600,3.2800,3.2100,3.2800,3.2600,343200,1113997.0000,3,0.495805,1,0.613496,17.021675,4.342375,0.000000,0.929048,0
1995-11-07,sz.000532,3.2800,3.3700,3.2300,3.3500,3.2800,986000,3286147.0000,3,1.424429,1,2.134144,17.384943,4.435047,0.000000,0.948876,0
1995-11-08,sz.000532,3.3500,3.3500,3.2600,3.2700,3.3500,487300,1605761.0000,3,0.703980,1,-2.388057,16.969780,4.329136,0.000000,0.926216,0
1995-11-09,sz.000532,3.2500,3.2700,3.2100,3.2500,3.2700,509600,1652026.0000,3,0.736196,1,-0.611620,16.865989,4.302658,0.000000,0.920551,0
1995-11-10,sz.000532,3.2500,3.2800,3.2400,3.2400,3.2500,219500,714877.0000,3,0.317101,1,-0.307692,16.814094,4.289419,0.000000,0.917718,0
1995-11-13,sz.000532,3.2000,3.2300,3.1000,3.1400,3.2400,793900,2491473.0000,3,1.146911,1,-3.086417,16.295140,4.157029,0.000000,0.889394,0
1995-11-14,sz.000532,3.1200,3.1900,3.1200,3.1300,3.1400,234100,736609.0000,3,0.338193,1,-0.318471,16.243245,4.143790,0.000000,0.886561,0
1995-11-15,sz.000532,3.1300,3.1800,3.1200,3.1800,3.1300,206100,647895.0000,3,0.297743,1,1.597443,16.502722,4.209985,0.000000,0.900724,0
1995-11-16,sz.000532,3.2000,3.2000,3.1400,3.1500,3.1800,210100,663831.0000,3,0.303522,1,-0.943395,16.347036,4.170268,0.000000,0.892226,0
1995-11-17,sz.000532,3.1500,3.1600,3.1100,3.1500,3.1500,141200,443251.0000,3,0.203985,1,0.000000,16.347036,4.170268,0.000000,0.892226,0
1995-11-20,sz.000532,3.1100,3.1900,3.1100,3.1800,3.1500,123400,389400.0000,3,0.178270,1,0.952380,16.502722,4.209985,0.000000,0.900724,0
1995-11-21,sz.000532,3.1600,3.1900,3.1500,3.1900,3.1800,221100,701329.0000,3,0.319413,1,0.314465,16.554617,4.223224,0.000000,0.903556,0
1995-11-22,sz.000532,3.1800,3.2000,3.1200,3.1300,3.1900,329400,1039800.0000,3,0.475869,1,-1.880876,16.243245,4.143790,0.000000,0.886561,0
1995-11-23,sz.000532,3.1000,3.1300,3.0900,3.1100,3.1300,213500,663131.0000,3,0.308434,1,-0.638985,16.139454,4.117313,0.000000,0.880896,0
1995-11-24,sz.000532,3.1000,3.1600,3.1000,3.1500,3.1100,164200,515276.0000,3,0.237212,1,1.286180,16.347036,4.170268,0.000000,0.892226,0
1995-11-27,sz.000532,3.1800,3.1800,3.1300,3.1400,3.1500,152414,478783.9200,3,0.220185,1,-0.317460,16.295140,4.157029,0.000000,0.889394,0
1995-11-28,sz.000532,3.1400,3.1400,3.0800,3.1100,3.1400,213312,659800.3300,3,0.308162,1,-0.955421,16.139454,4.117313,0.000000,0.880896,0
1995-11-29,sz.000532,3.1100,3.1500,3.0600,3.0800,3.1100,213500,657700.9100,3,0.308434,1,-0.964629,15.983768,4.077596,0.000000,0.872399,0
1995-11-30,sz.000532,3.0400,3.0700,3.0000,3.0400,3.0800,291777,882021.0400,3,0.421517,1,-1.298700,15.776187,4.024640,0.000000,0.861069,0
1995-12-01,sz.000532,3.0200,3.0500,2.9800,3.0200,3.0400,271691,815589.3800,3,0.392499,1,-0.657894,15.672396,3.998162,0.000000,0.855404,0
1995-12-04,sz.000532,3.0100,3.0500,3.0000,3.0300,3.0200,168273,508027.0700,3,0.243096,1,0.331126,15.724291,4.011401,0.000000,0.858237,0
1995-12-05,sz.000532,3.0000,3.0700,2.9900,3.0600,3.0300,92568,281934.7700,3,0.133729,1,0.990098,15.879977,4.051118,0.000000,0.866734,0
1995-12-06,sz.000532,3.0200,3.0600,3.0200,3.0300,3.0600,92670,281666.1000,3,0.133876,1,-0.980391,15.724291,4.011401,0.000000,0.858237,0
1995-12-07,sz.000532,3.0400,3.0400,3.0000,3.0300,3.0300,90041,272259.6200,3,0.130078,1,0.000000,15.724291,4.011401,0.000000,0.858237,0
1995-12-08,sz.000532,3.0100,3.0600,3.0000,3.0400,3.0300,143880,437775.5400,3,0.207857,1,0.330033,15.776187,4.024640,0.000000,0.861069,0
1995-12-11,sz.000532,3.1800,3.1800,3.0100,3.0100,3.0400,198450,600627.5000,3,0.286692,1,-0.986841,15.620501,3.984923,0.000000,0.852572,0
1995-12-12,sz.000532,3.0100,3.0500,2.9600,3.0500,3.0100,215180,643535.4000,3,0.310861,1,1.328902,15.828082,4.037879,0.000000,0.863902,0
1995-12-13,sz.000532,3.0500,3.0500,2.9800,3.0000,3.0500,216982,651692.9600,3,0.313464,1,-1.639343,15.568605,3.971684,0.000000,0.849739,0
1995-12-14,sz.000532,2.9900,3.0200,2.9800,3.0000,3.0000,131820,394950.6000,3,0.190434,1,0.000000,15.568605,3.971684,0.000000,0.849739,0
1995-12-15,sz.000532,2.9800,3.0000,2.9600,2.9600,3.0000,122506,364628.7700,3,0.176979,1,-1.333332,15.361024,3.918728,0.000000,0.838409,0
1995-12-18,sz.000532,2.9000,2.9000,2.8500,2.9000,2.9600,191911,553308.8200,3,0.277245,1,-2.027025,15.049652,3.839295,0.000000,0.821415,0
1995-12-19,sz.000532,2.8900,2.9500,2.8900,2.8900,2.9000,108697,315971.3300,3,0.157030,1,-0.344827,14.997756,3.826056,0.000000,0.818582,0
1995-12-20,sz.000532,2.9000,2.9300,2.8800,2.9200,2.8900,116100,337238.0000,3,0.167724,1,1.038061,15.153443,3.865773,0.000000,0.827080,0
1995-12-21,sz.000532,2.9200,2.9400,2.8600,2.8800,2.9200,220900,638141.0000,3,0.319124,1,-1.369862,14.945861,3.812817,0.000000,0.815750,0
1995-12-22,sz.000532,2.8700,2.9000,2.8700,2.8800,2.8800,142900,411997.2000,3,0.206441,1,0.000000,14.945861,3.812817,0.000000,0.815750,0
1995-12-25,sz.000532,2.8600,2.8800,2.8000,2.8300,2.8800,109522,308304.7400,3,0.158221,1,-1.736118,14.686384,3.746622,0.000000,0.801587,0
1995-12-26,sz.000532,2.8000,2.8300,2.8000,2.8000,2.8300,108200,304390.0000,3,0.156312,1,-1.060070,14.530698,3.706905,0.000000,0.793090,0
1995-12-27,sz.000532,2.8000,2.8000,2.7500,2.7800,2.8000,116880,324659.4200,3,0.168851,1,-0.714285,14.426908,3.680427,0.000000,0.787425,0
1995-12-28,sz.000532,2.7700,2.8000,2.7400,2.7600,2.7800,178600,493614.4500,3,0.258015,1,-0.719424,14.323117,3.653949,0.000000,0.781760,0
1995-12-29,sz.000532,2.7600,2.7800,2.7300,2.7600,2.7600,189244,523122.5600,3,0.273392,1,0.000000,14.323117,3.653949,0.000000,0.781760,0
1996-01-02,sz.000532,2.7100,2.7100,2.6000,2.6600,2.7600,134600,361049.3000,3,0.194450,1,-3.623185,13.804163,3.521560,0.000000,0.753436,0
1996-01-03,sz.000532,2.6000,2.6600,2.6000,2.6600,2.6600,124825,327179.0000,3,0.180329,1,0.000000,13.804163,3.521560,0.000000,0.753436,0
1996-01-04,sz.000532,2.6300,2.7800,2.6300,2.7300,2.6600,160969,434330.2300,3,0.232544,1,2.631576,14.167431,3.614233,0.000000,0.773263,0
1996-01-05,sz.000532,2.7200,2.7500,2.6400,2.6400,2.7300,173920,464666.8000,3,0.251254,1,-3.296700,13.700373,3.495082,0.000000,0.747771,0
1996-01-08,sz.000532,2.6200,2.7200,2.5500,2.6300,2.6400,134040,351411.5400,3,0.193641,1,-0.378787,13.648477,3.481843,0.000000,0.744938,0
1996-01-09,sz.000532,2.6100,2.6900,2.6100,2.6700,2.6300,145570,387424.1000,3,0.210298,1,1.520911,13.856059,3.534799,0.000000,0.756268,0
1996-01-10,sz.000532,2.7000,2.7000,2.5700,2.6300,2.6700,104602,275700.2600,3,0.151114,1,-1.498126,13.648477,3.481843,0.000000,0.744938,0
1996-01-11,sz.000532,2.6200,2.6600,2.6000,2.6300,2.6300,215420,562726.0000,3,0.311207,1,0.000000,13.648477,3.481843,0.000000,0.744938,0
1996-01-12,sz.000532,2.6300,2.6500,2.6000,2.6200,2.6300,119740,315207.8000,3,0.172983,1,-0.380237,13.596582,3.468604,0.000000,0.742106,0
1996-01-15,sz.000532,2.6000,2.7400,2.6000,2.6700,2.6200,155803,415234.8600,3,0.225081,1,1.908404,13.856059,3.534799,0.000000,0.756268,0
1996-01-16,sz.000532,2.6600,2.6900,2.6600,2.6800,2.6700,134474,359327.6200,3,0.194268,1,0.374532,13.907954,3.548038,0.000000,0.759100,0
1996-01-17,sz.000532,2.6600,2.6600,2.6200,2.6200,2.6800,93100,245988.0000,3,0.134497,1,-2.238813,13.596582,3.468604,0.000000,0.742106,0
1996-01-18,sz.000532,2.6000,2.6200,2.5300,2.5600,2.6200,156491,400659.7400,3,0.226075,1,-2.290074,13.285210,3.389170,0.000000,0.725111,0
1996-01-19,sz.000532,2.5300,2.5700,2.5200,2.5700,2.5600,84601,215991.5500,3,0.122219,1,0.390625,13.337105,3.402409,0.000000,0.727943,0
1996-01-22,sz.000532,2.5200,2.5600,2.5200,2.5400,2.5700,47209,119572.7300,3,0.068201,1,-1.167314,13.181419,3.362693,0.000000,0.719446,0
1996-01-23,sz.000532,2.5200,2.5800,2.5200,2.5600,2.5400,73934,188644.6600,3,0.106809,1,0.787401,13.285210,3.389170,0.000000,0.725111,0
1996-01-24,sz.000532,2.5600,2.5700,2.5400,2.5600,2.5600,67465,172241.1000,3,0.097464,1,0.000000,13.285210,3.389170,0.000000,0.725111,0
1996-01-25,sz.000532,2.5900,2.6400,2.5300,2.5300,2.5600,121525,314715.7500,3,0.175562,1,-1.171874,13.129524,3.349454,0.000000,0.716613,0
1996-01-26,sz.000532,2.5100,2.6100,2.5100,2.6000,2.5300,105395,270769.5000,3,0.152259,1,2.766796,13.492791,3.442126,0.000000,0.736441,0
1996-01-29,sz.000532,2.6000,2.6200,2.5700,2.6100,2.6000,73720,191450.8000,3,0.106500,1,0.384615,13.544687,3.455365,0.000000,0.739273,0
1996-01-30,sz.000532,2.6000,2.6800,2.6000,2.6500,2.6100,345780,915152.5900,3,0.499532,1,1.532575,13.752268,3.508321,0.000000,0.750603,0
1996-01-31,sz.000532,2.6800,2.6800,2.6300,2.6500,2.6500,245137,648557.7000,3,0.354138,1,0.000000,13.752268,3.508321,0.000000,0.750603,0
1996-02-01,sz.000532,2.6200,2.6400,2.6000,2.6400,2.6500,88760,233338.3000,3,0.128227,1,-0.377358,13.700373,3.495082,0.000000,0.747771,0
1996-02-02,sz.000532,2.6400,2.6400,2.6000,2.6100,2.6400,78051,203658.6000,3,0.112757,1,-1.136371,13.544687,3.455365,0.000000,0.739273,0
1996-02-05,sz.000532,2.6500,2.6500,2.5500,2.5500,2.6100,101395,263246.2500,3,0.146481,1,-2.298849,13.233315,3.375931,0.000000,0.722278,0
1996-02-06,sz.000532,2.6000,2.6000,2.5300,2.5400,2.5500,63514,162461.5600,3,0.091756,1,-0.392157,13.181419,3.362693,0.000000,0.719446,0
1996-02-07,sz.000532,2.6200,2.6200,2.5200,2.5700,2.5400,46940,119764.0000,3,0.067812,1,1.181101,13.337105,3.402409,0.000000,0.727943,0
1996-02-08,sz.000532,2.5900,2.6000,2.5500,2.5500,2.5700,56501,144956.5500,3,0.081624,1,-0.778209,13.233315,3.375931,0.000000,0.722278,0
1996-02-09,sz.000532,2.5500,2.5800,2.5500,2.5700,2.5500,46509,119231.7500,3,0.067189,1,0.784313,13.337105,3.402409,0.000000,0.727943,0
1996-02-12,sz.000532,2.5600,2.5700,2.5300,2.5700,2.5700,54961,140645.7600,3,0.079400,1,0.000000,13.337105,3.402409,0.000000,0.727943,0
1996-02-13,sz.000532,2.5800,2.6300,2.5800,2.6200,2.5700,122100,318585.9000,3,0.176392,1,1.945524,13.596582,3.468604,0.000000,0.742106,0
1996-02-14,sz.000532,2.6100,2.6500,2.5800,2.5900,2.6200,139500,366590.0000,3,0.201529,1,-1.145037,13.440896,3.428887,0.000000,0.733608,0
1996-02-15,sz.000532,2.6000,2.6200,2.5800,2.6200,2.5900,197250,512824.8500,3,0.284958,1,1.158300,13.596582,3.468604,0.000000,0.742106,0
1996-02-16,sz.000532,2.6400,2.6600,2.6100,2.6500,2.6200,347504,917459.4800,3,0.502023,1,1.145046,13.752268,3.508321,0.000000,0.750603,0
1996-03-04,sz.000532,2.6600,2.7800,2.6600,2.7600,2.6500,414787,1125991.7200,3,0.599224,1,4.150939,14.323117,3.653949,0.000000,0.781760,0
1996-03-05,sz.000532,2.7500,2.7800,2.6800,2.6900,2.7600,409900,1114573.6900,3,0.592164,1,-2.536229,13.959849,3.561277,0.000000,0.761933,0
1996-03-06,sz.000532,2.6900,2.6900,2.6100,2.6200,2.6900,198243,521469.1600,3,0.286392,1,-2.602237,13.596582,3.468604,0.000000,0.742106,0
1996-03-07,sz.000532,2.6100,2.6400,2.5800,2.6200,2.6200,94891,247039.6000,3,0.137085,1,0.000000,13.596582,3.468604,0.000000,0.742106,0
1996-03-08,sz.000532,2.6300,2.6300,2.5700,2.5900,2.6200,179825,465524.6000,3,0.259785,1,-1.145037,13.440896,3.428887,0.000000,0.733608,0
1996-03-11,sz.000532,2.6000,2.6000,2.5500,2.5600,2.5900,190310,489620.5000,3,0.274932,1,-1.158300,13.285210,3.389170,0.000000,0.725111,0
1996-03-12,sz.000532,2.5500,2.5800,2.5200,2.5700,2.5600,201608,513283.8800,3,0.291254,1,0.390625,13.337105,3.402409,0.000000,0.727943,0
1996-03-13,sz.000532,2.5300,2.5700,2.5300,2.5700,2.5700,187583,477396.4800,3,0.270992,1,0.000000,13.337105,3.402409,0.000000,0.727943,0
1996-03-14,sz.000532,2.5600,2.6200,2.5500,2.5800,2.5700,191410,493258.7000,3,0.276521,1,0.389105,13.389001,3.415648,0.000000,0.730776,0
1996-03-15,sz.000532,2.5300,2.5900,2.5300,2.5800,2.5800,204107,521955.3200,3,0.294864,1,0.000000,13.389001,3.415648,0.000000,0.730776,0
1996-03-18,sz.000532,2.5800,2.6000,2.5500,2.5800,2.5800,87600,225453.0000,3,0.126552,1,0.000000,13.389001,3.415648,0.000000,0.730776,0
1996-03-19,sz.000532,2.6100,2.6200,2.5600,2.5800,2.5800,143291,370681.8700,3,0.207006,1,0.000000,13.389001,3.415648,0.000000,0.730776,0
1996-03-20,sz.000532,2.5900,2.6100,2.5800,2.5900,2.5800,84611,219099.3800,3,0.122234,1,0.387597,13.440896,3.428887,0.000000,0.733608,0
1996-03-21,sz.000532,2.6000,2.6200,2.5900,2.6000,2.5900,142100,370615.8000,3,0.205285,1,0.386100,13.492791,3.442126,0.000000,0.736441,0
1996-03-22,sz.000532,2.6200,2.6200,2.5800,2.6200,2.6000,84584,220054.4000,3,0.122195,1,0.769230,13.596582,3.468604,0.000000,0.742106,0
1996-03-25,sz.000532,2.6000,2.6200,2.5900,2.6000,2.6200,200385,521456.0000,3,0.289487,1,-0.763358,13.492791,3.442126,0.000000,0.736441,0
1996-03-26,sz.000532,2.6000,2.6100,2.5900,2.5900,2.6000,205417,534692.7000,3,0.296756,1,-0.384615,13.440896,3.428887,0.000000,0.733608,0
1996-03-27,sz.000532,2.5500,2.5700,2.5500,2.5500,2.5900,107484,275023.2000,3,0.155277,1,-1.544400,13.233315,3.375931,0.000000,0.722278,0
1996-03-28,sz.000532,2.6100,2.6100,2.5600,2.5700,2.5500,158000,410027.8400,3,0.228255,1,0.784313,13.337105,3.402409,0.000000,0.727943,0
1996-03-29,sz.000532,2.5700,2.6300,2.5700,2.6200,2.5700,270076,702711.1700,3,0.390166,1,1.945524,13.596582,3.468604,0.000000,0.742106,0
1996-04-01,sz.000532,2.6500,2.7000,2.6100,2.6300,2.6200,306666,810346.0000,3,0.443026,1,0.381688,13.648477,3.481843,0.000000,0.744938,0
1996-04-02,sz.000532,2.6100,2.6300,2.6000,2.6000,2.6300,264640,692480.0000,3,0.382313,1,-1.140692,13.492791,3.442126,0.000000,0.736441,0
1996-04-03,sz.000532,2.6000,2.6500,2.6000,2.6500,2.6000,215708,567121.8900,3,0.311623,1,1.923084,13.752268,3.508321,0.000000,0.750603,0
1996-04-04,sz.000532,2.6100,2.6500,2.6100,2.6200,2.6500,105600,277955.6600,3,0.152555,1,-1.132083,13.596582,3.468604,0.000000,0.742106,0
1996-04-05,sz.000532,2.6200,2.7000,2.6200,2.6900,2.6200,472133,1261294.9400,3,0.682069,1,2.671762,13.959849,3.561277,0.000000,0.761933,0
1996-04-08,sz.000532,2.7000,2.7500,2.6600,2.7300,2.6900,505989,1372660.1300,3,0.730979,1,1.486987,14.167431,3.614233,0.000000,0.773263,0
1996-04-09,sz.000532,2.7200,2.8100,2.7000,2.7600,2.7300,906417,2508919.6000,3,1.309459,1,1.098900,14.323117,3.653949,0.000000,0.781760,0
1996-04-10,sz.000532,2.7500,2.8100,2.7400,2.7900,2.7600,440086,1224624.5700,3,0.635772,1,1.086956,14.478803,3.693666,0.000000,0.790258,0
1996-04-11,sz.000532,2.7800,2.9000,2.7700,2.9000,2.7900,1136028,3230366.1400,3,1.641167,1,3.942657,15.049652,3.839295,0.000000,0.821415,0
1996-04-12,sz.000532,2.9000,2.9700,2.8800,2.8800,2.9000,1390110,4075783.7300,3,2.008228,1,-0.689654,14.945861,3.812817,0.000000,0.815750,0
1996-04-15,sz.000532,2.8500,2.9400,2.8500,2.9000,2.8800,864050,2496531.4400,3,1.248253,1,0.694444,15.049652,3.839295,0.000000,0.821415,0
1996-04-16,sz.000532,2.9000,2.9800,2.8700,2.9700,2.9000,1158876,3393912.5800,3,1.674175,1,2.413791,15.412919,3.931967,0.000000,0.841242,0
1996-04-17,sz.000532,2.9600,3.0200,2.9500,2.9500,2.9700,912492,2721059.8900,3,1.318235,1,-0.673400,15.309129,3.905489,0.000000,0.835577,0
1996-04-18,sz.000532,2.9300,2.9900,2.9000,2.9700,2.9500,803682,2376492.7800,3,1.161042,1,0.677965,15.412919,3.931967,0.000000,0.841242,0
1996-04-19,sz.000532,3.0000,3.0900,2.9700,2.9900,2.9700,1312219,3955133.7800,3,1.895702,1,0.673400,15.516710,3.958445,0.000000,0.846907,0
1996-04-22,sz.000532,2.9500,3.0500,2.9200,3.0100,2.9900,1274937,3824713.3500,3,1.841843,1,0.668896,15.620501,3.984923,0.000000,0.852572,0
1996-04-23,sz.000532,3.0100,3.1800,2.9800,3.1600,3.0100,1403942,4289925.3900,3,2.028210,1,4.983392,16.398931,4.183507,0.000000,0.895059,0
1996-04-24,sz.000532,3.1900,3.3500,3.1800,3.3500,3.1600,2719674,8859114.0300,3,3.928987,1,6.012652,17.384943,4.435047,0.000000,0.948876,0
1996-04-25,sz.000532,3.3800,3.4500,3.0700,3.1000,3.3500,3014728,9832048.2200,3,4.355238,1,-7.462687,16.087559,4.104074,0.000000,0.878064,0
1996-04-26,sz.000532,3.1200,3.4200,3.1200,3.3800,3.1000,4005729,13210422.9800,3,5.786891,1,9.032265,17.540629,4.474764,0.000000,0.957373,0
1996-04-29,sz.000532,3.2800,3.3000,3.1200,3.2800,3.3800,5981919,19363965.5900,3,8.641802,1,-2.958584,-62.953386,4.623239,0.000000,1.043832,0
1996-04-30,sz.000532,3.3000,3.7500,3.1800,3.3200,3.2800,5583317,18945461.5500,3,8.065960,1,1.219511,-63.721111,4.679620,0.000000,1.056561,0
1996-05-02,sz.000532,3.4800,3.5500,3.0500,3.0800,3.3200,2106728,6838947.3300,3,3.043493,1,-7.228916,-59.114765,4.341334,0.000000,0.980183,0
1996-05-03,sz.000532,3.0700,3.1800,3.0100,3.0800,3.0800,1777232,5477492.4300,3,2.567485,1,0.000000,-59.114765,4.341334,0.000000,0.980183,0
1996-05-06,sz.000532,3.0100,3.1800,3.0100,3.1500,3.0800,1628173,5004939.6300,3,2.352146,1,2.272733,-60.458283,4.440001,0.000000,1.002460,0
1996-05-07,sz.000532,3.2100,3.2300,3.0500,3.1200,3.1500,1288766,4014848.3800,3,1.861821,1,-0.952388,-59.882489,4.397715,0.000000,0.992913,0
1996-05-08,sz.000532,3.1000,3.1000,3.0000,3.0500,3.1200,879712,2696348.4700,3,1.270879,1,-2.243588,-58.538972,4.299048,0.000000,0.970636,0
1996-05-09,sz.000532,3.0000,3.1000,2.9500,2.9700,3.0500,945400,2860464.1900,3,1.365776,1,-2.622948,-57.003524,4.186286,0.000000,0.945177,0
1996-05-10,sz.000532,2.9500,2.9600,2.8100,2.8800,2.9700,719729,2059925.0700,3,1.039759,1,-3.030300,-55.276144,4.059429,0.000000,0.916535,0
1996-05-13,sz.000532,2.8500,3.1000,2.8400,3.0000,2.8800,1524213,4561693.6300,3,2.201960,1,4.166663,-57.579317,4.228572,0.000000,0.954724,0
1996-05-14,sz.000532,3.1000,3.2900,3.0000,3.0700,3.0000,4475138,14173090.2000,3,6.465025,1,2.333331,-58.922834,4.327239,0.000000,0.977001,0
1996-05-15,sz.000532,3.0500,3.1400,3.0200,3.1000,3.0700,1572171,4805830.6400,3,2.271243,1,0.977198,-59.498627,4.369524,0.000000,0.986548,0
1996-05-16,sz.000532,3.1400,3.2500,3.0600,3.1700,3.1000,4002537,12656994.4300,3,5.782280,1,2.258070,-60.842145,4.468191,0.000000,1.008825,0
1996-05-17,sz.000532,3.2000,3.2200,3.1000,3.2000,3.1700,2651769,8446302.0100,3,3.830888,1,0.946371,-61.417938,4.510477,0.000000,1.018372,0
1996-05-20,sz.000532,3.2500,3.4000,3.2000,3.2200,3.2000,5359496,17613341.4500,3,7.742616,1,0.624999,-61.801800,4.538667,0.000000,1.024737,0
1996-05-21,sz.000532,3.1800,3.2600,3.0000,3.0300,3.2200,2173186,6722401.3500,3,3.139501,1,-5.900623,-58.155110,4.270858,0.000000,0.964271,0
1996-05-22,sz.000532,2.9700,3.0400,2.9000,3.0000,3.0300,1161986,3461675.8300,3,1.678667,1,-0.990098,-57.579317,4.228572,0.000000,0.954724,0
1996-05-23,sz.000532,3.0200,3.0800,2.8800,2.8800,3.0000,1117479,3306847.3200,3,1.614370,1,-3.999996,-55.276144,4.059429,0.000000,0.916535,0
1996-05-24,sz.000532,2.8500,2.9200,2.8500,2.8700,2.8800,793694,2279367.7400,3,1.146613,1,-0.347230,-55.084213,4.045334,0.000000,0.913353,0
1996-05-27,sz.000532,2.9500,2.9500,2.8500,2.8600,2.8700,411270,1183119.3000,3,0.594143,1,-0.348432,-54.892282,4.031239,0.000000,0.910170,0
1996-05-28,sz.000532,2.9300,2.9500,2.8500,2.8900,2.8600,385875,1113593.5200,3,0.557456,1,1.048958,-55.468075,4.073524,0.000000,0.919717,0
1996-05-29,sz.000532,2.8900,2.8900,2.8900,2.8900,2.8900,0,0.0000,3,,1,0.000000,-55.468075,4.073524,0.000000,0.919717,0
1996-05-30,sz.000532,2.8500,2.8900,2.8200,2.8400,2.8900,259500,741998.5000,3,0.374888,1,-1.730110,-54.508420,4.003048,0.000000,0.903805,0
1996-05-31,sz.000532,2.8400,2.9500,2.7800,2.8400,2.8400,1414081,4005119.5400,3,2.042857,1,0.000000,-54.508420,4.003048,0.000000,0.903805,0
1996-06-03,sz.000532,2.8100,2.8100,2.7000,2.7600,2.8400,1256249,3465628.9700,3,1.814845,1,-2.816899,-52.972971,3.890286,0.000000,0.878346,0
1996-06-04,sz.000532,2.7500,2.7500,2.6800,2.7100,2.7600,1429380,3873268.0100,3,2.064959,1,-1.811592,-52.013316,3.819810,0.000000,0.862434,0
1996-06-05,sz.000532,2.7100,2.8500,2.6800,2.7700,2.7100,1009709,2790048.7500,3,1.458680,1,2.214020,-53.164902,3.904381,0.000000,0.881529,0
1996-06-06,sz.000532,2.7800,2.8500,2.7100,2.7500,2.7700,1146213,3177985.5400,3,1.655881,1,-0.722021,-52.781040,3.876191,0.000000,0.875164,0
1996-06-07,sz.000532,2.7900,3.0000,2.7500,2.9300,2.7500,2556469,7449499.2700,3,3.693213,1,6.545457,-56.235799,4.129905,0.000000,0.932447,0
1996-06-10,sz.000532,3.0000,3.0500,2.8700,2.9000,2.9300,1319332,3875202.2100,3,1.905978,1,-1.023890,-55.660006,4.087620,0.000000,0.922900,0
1996-06-11,sz.000532,2.9000,2.9300,2.8000,2.8300,2.9000,793695,2264978.3000,3,1.146614,1,-2.413799,-54.316489,3.988953,0.000000,0.900623,0
1996-06-12,sz.000532,2.8300,2.9000,2.8200,2.8400,2.8300,1233305,3514442.2700,3,1.781699,1,0.353357,-54.508420,4.003048,0.000000,0.903805,0
1996-06-13,sz.000532,2.8900,3.1400,2.8500,3.1200,2.8400,3268426,9809679.0000,3,4.721744,1,9.859155,-59.882489,4.397715,0.000000,0.992913,0
1996-06-14,sz.000532,3.1500,3.2000,2.9000,2.9500,3.1200,2653279,8115139.5900,3,3.833069,1,-5.448713,-56.619661,4.158096,0.000000,0.938812,0
1996-06-17,sz.000532,2.9100,2.9800,2.8700,2.8800,2.9500,1029400,3003231.4600,3,1.487127,1,-2.372879,-55.276144,4.059429,0.000000,0.916535,0
1996-06-18,sz.000532,2.8800,2.9300,2.8300,2.9200,2.8800,773804,2236057.1700,3,1.117879,1,1.388888,-56.043868,4.115810,0.000000,0.929265,0
1996-06-19,sz.000532,2.9700,2.9800,2.8800,2.9100,2.9200,1233200,3584931.8900,3,1.781547,1,-0.342465,-55.851937,4.101715,0.000000,0.926082,0
1996-06-20,sz.000532,2.9200,3.0800,2.9100,2.9900,2.9100,1830604,5479370.7400,3,2.644589,1,2.749138,-57.387386,4.214477,0.000000,0.951542,0
1996-06-21,sz.000532,3.0500,3.1800,3.0200,3.0300,2.9900,4040466,12537792.3200,3,5.837074,1,1.337791,-58.155110,4.270858,0.000000,0.964271,0
1996-06-24,sz.000532,3.0800,3.1300,3.0600,3.1200,3.0300,2336245,7223691.2900,3,3.375065,1,2.970294,-59.882489,4.397715,0.000000,0.992913,0
1996-06-25,sz.000532,3.0800,3.2600,3.0300,3.1800,3.1200,4538192,14399075.0500,3,6.556116,1,1.923083,-61.034076,4.482286,0.000000,1.012007,0
1996-06-26,sz.000532,3.1800,3.4500,3.1300,3.3800,3.1800,7832072,25946839.8900,3,11.314632,1,6.289310,-64.872697,4.764191,0.000000,1.075656,0
1996-06-27,sz.000532,3.4500,3.5000,3.2300,3.2500,3.3800,4553438,15192999.6700,3,6.578141,1,-3.846157,-62.377593,4.580953,0.000000,1.034284,0
1996-06-28,sz.000532,3.2000,3.2300,3.0500,3.1000,3.2500,2008351,6289845.8300,3,2.901372,1,-4.615388,-59.498627,4.369524,0.000000,0.986548,0
1996-07-01,sz.000532,3.0000,3.0500,2.9000,2.9100,3.1000,1558395,4641599.1700,3,2.251341,1,-6.129027,-55.851937,4.101715,0.000000,0.926082,0
1996-07-02,sz.000532,2.8800,2.9500,2.8200,2.9300,2.9100,937115,2725299.7400,3,1.353807,1,0.687284,-56.235799,4.129905,0.000000,0.932447,0
1996-07-03,sz.000532,2.9400,3.0300,2.9000,3.0200,2.9300,1289558,3783106.2500,3,1.862965,1,3.071669,-57.963179,4.256762,0.000000,0.961089,0
1996-07-04,sz.000532,3.0500,3.1700,3.0400,3.1300,3.0200,2055869,6350639.9900,3,2.970019,1,3.642388,-60.074420,4.411810,0.000000,0.996095,0
1996-07-05,sz.000532,3.1300,3.1700,3.0600,3.1300,3.1300,2310775,7202317.0500,3,3.338270,1,0.000000,-60.074420,4.411810,0.000000,0.996095,0
1996-07-08,sz.000532,3.1300,3.1600,3.0600,3.1200,3.1300,1887698,5839512.1200,3,2.727070,1,-0.319496,-59.882489,4.397715,0.000000,0.992913,0
1996-07-09,sz.000532,3.1500,3.1500,3.0600,3.1300,3.1200,2130547,6625415.0500,3,3.077903,1,0.320520,-60.074420,4.411810,0.000000,0.996095,0
1996-07-10,sz.000532,3.1800,3.3500,3.1600,3.3100,3.1300,6238370,20450121.8100,3,9.012285,1,5.750793,-63.529179,4.665524,0.000000,1.053379,0
1996-07-11,sz.000532,3.3500,3.5000,3.2000,3.2000,3.3100,7382531,25071276.7000,3,10.665201,1,-3.323260,-61.417938,4.510477,0.000000,1.018372,0
1996-07-12,sz.000532,3.1000,3.3500,3.0500,3.3500,3.2000,3166922,10283145.6400,3,4.575106,1,4.687496,-64.296904,4.721905,0.000000,1.066108,0
1996-07-15,sz.000532,3.4000,3.6800,3.3600,3.6000,3.3500,10538784,37399294.2700,3,15.224894,1,7.462687,-69.095180,5.074286,0.000000,1.145669,0
1996-07-16,sz.000532,3.6500,3.7800,3.4800,3.7300,3.6000,7633699,27663700.7800,3,11.028052,1,3.611114,-71.590284,5.257524,0.000000,1.187040,0
1996-07-17,sz.000532,3.7500,3.9900,3.6000,3.6000,3.7300,8651216,33247455.6400,3,12.498012,1,-3.485258,-69.095180,5.074286,0.000000,1.145669,0
1996-07-18,sz.000532,3.5500,3.9000,3.5000,3.8900,3.6000,5333450,19913597.3000,3,7.704989,1,8.055561,-74.661181,5.483048,0.000000,1.237959,0
1996-07-19,sz.000532,3.9800,4.2000,3.9000,4.1200,3.8900,9215769,37288295.4700,3,13.313595,1,5.912591,-79.075595,5.807239,0.000000,1.311154,0
1996-07-22,sz.000532,4.1500,4.6300,4.0600,4.5700,4.1200,8343668,35890108.5600,3,12.053711,1,10.922340,-87.712492,6.441525,0.000000,1.454363,0
1996-07-23,sz.000532,4.5500,4.7000,4.0500,4.3200,4.5700,8484943,37254552.9600,3,12.257805,1,-5.470459,-82.914216,6.089144,0.000000,1.374803,0
1996-07-24,sz.000532,4.2100,4.2800,4.0100,4.1800,4.3200,5164021,21477423.4200,3,7.460222,1,-3.240748,-80.227181,5.891810,0.000000,1.330249,0
1996-07-25,sz.000532,4.1500,4.3700,4.0500,4.2100,4.1800,5370303,22617608.1200,3,7.758228,1,0.717708,-80.802974,5.934096,0.000000,1.339796,0
1996-07-26,sz.000532,4.2400,4.4000,4.0000,4.0900,4.2100,4241443,17904031.9400,3,6.127417,1,-2.850353,-78.499802,5.764953,0.000000,1.301607,0
1996-07-29,sz.000532,4.1100,4.3000,4.0100,4.2900,4.0900,4014991,16777475.8500,3,5.800272,1,4.889971,-82.338423,6.046858,0.000000,1.365255,0
1996-07-30,sz.000532,4.3200,4.6300,4.3000,4.4800,4.2900,11822955,53223859.4100,3,17.080076,1,4.428905,-85.985113,6.314667,0.000000,1.425721,0
1996-07-31,sz.000532,4.5000,4.5800,4.1500,4.2500,4.4800,4194336,18224755.5000,3,6.059363,1,-5.133929,-81.570699,5.990477,0.000000,1.352526,0
1996-08-01,sz.000532,4.2500,4.3400,4.1400,4.3000,4.2500,2715469,11503842.9700,3,3.922912,1,1.176475,-82.530354,6.060953,0.000000,1.368438,0
1996-08-02,sz.000532,4.3000,4.3500,4.0500,4.1200,4.3000,2432795,10188597.8200,3,3.514546,1,-4.186054,-79.075595,5.807239,0.000000,1.311154,0
1996-08-05,sz.000532,4.1200,4.1900,4.0100,4.1600,4.1200,2006055,8267140.8600,3,2.898055,1,0.970873,-79.843319,5.863620,0.000000,1.323884,0
1996-08-06,sz.000532,4.1700,4.1800,4.0800,4.1600,4.1600,1937830,8013479.1200,3,2.799493,1,0.000000,-79.843319,5.863620,0.000000,1.323884,0
1996-08-07,sz.000532,4.2100,4.2400,4.1000,4.2000,4.1600,2968717,12417988.3900,3,4.288768,1,0.961538,-80.611043,5.920001,0.000000,1.336614,0
1996-08-08,sz.000532,4.2000,4.2800,4.1900,4.2800,4.2000,3615409,15304564.1900,3,5.223014,1,1.904771,-82.146492,6.032763,0.000000,1.362073,0
1996-08-09,sz.000532,4.3000,4.4500,4.2500,4.3100,4.2800,4309381,18753903.7100,3,6.225563,1,0.700928,-82.722285,6.075048,0.000000,1.371620,0
1996-08-12,sz.000532,4.3600,4.5800,4.3300,4.5300,4.3100,7481501,33624124.2500,3,10.808178,1,5.104415,-86.944768,6.385144,0.000000,1.441633,0
1996-08-13,sz.000532,4.5500,4.6000,4.3500,4.4000,4.5300,2826324,12464453.7700,3,4.083060,1,-2.869760,-84.449665,6.201906,0.000000,1.400262,0
1996-08-14,sz.000532,4.4000,4.4300,4.2300,4.2500,4.4000,2513446,10768588.6500,3,3.631059,1,-3.409093,-81.570699,5.990477,0.000000,1.352526,0
1996-08-15,sz.000532,4.2300,4.3200,4.1000,4.1800,4.2500,1894161,8023174.8100,3,2.736407,1,-1.647063,-80.227181,5.891810,0.000000,1.330249,0
1996-08-16,sz.000532,4.1400,4.2000,4.0100,4.1600,4.1800,2324475,9519206.3500,3,3.358062,1,-0.478469,-79.843319,5.863620,0.000000,1.323884,0
1996-08-19,sz.000532,4.0600,4.1500,4.0400,4.0500,4.1600,1228600,5017342.7400,3,1.774902,1,-2.644222,-77.732078,5.708572,0.000000,1.288877,0
1996-08-20,sz.000532,4.0000,4.0000,3.7500,3.7600,4.0500,1477703,5721097.3300,3,2.134769,1,-7.160498,-72.166077,5.299810,0.000000,1.196587,0
1996-08-21,sz.000532,3.7200,3.9400,3.7200,3.9400,3.7600,2051246,7873921.9000,3,2.963340,1,4.787236,-75.620836,5.553525,0.000000,1.253871,0
1996-08-22,sz.000532,4.0000,4.0300,3.7000,3.7400,3.9400,1723781,6672096.8300,3,2.490267,1,-5.076143,-71.782215,5.271620,0.000000,1.190223,0
1996-08-23,sz.000532,3.8000,3.8400,3.6000,3.6000,3.7400,1779903,6541937.2200,3,2.571344,1,-3.743319,-69.095180,5.074286,0.000000,1.145669,0
1996-08-26,sz.000532,3.5000,3.5800,3.3400,3.3600,3.6000,1323810,4569003.4700,3,1.912447,1,-6.666667,-64.488835,4.736001,0.000000,1.069291,0
1996-08-27,sz.000532,3.3000,3.4500,3.3000,3.4200,3.3600,872681,2966041.5900,3,1.260722,1,1.785720,-65.640421,4.820572,0.000000,1.088385,0
1996-08-28,sz.000532,3.4000,3.6800,3.3600,3.6500,3.4200,1718718,6083727.0200,3,2.482952,1,6.725147,-70.054835,5.144763,0.000000,1.161581,0
1996-08-29,sz.000532,3.6400,3.6400,3.5000,3.5900,3.6500,1417400,5050967.1800,3,2.047652,1,-1.643841,-68.903249,5.060191,0.000000,1.142486,0
1996-08-30,sz.000532,3.7200,3.8200,3.4100,3.6700,3.5900,4124173,15059633.7300,3,5.958002,1,2.228417,-21.223645,5.823851,0.000000,1.100992,0
1996-09-02,sz.000532,3.6700,4.2900,3.6500,4.2000,3.6700,10005816,40838405.3400,3,14.454940,1,14.441410,-24.288640,6.664898,0.000000,1.259991,0
1996-09-03,sz.000532,4.3000,4.3500,3.9800,4.0000,4.2000,6568676,27198814.3400,3,9.489462,1,-4.761900,-23.132038,6.347522,0.000000,1.199991,0
1996-09-04,sz.000532,3.9700,4.1500,3.8000,4.1100,4.0000,4687379,18648243.2800,3,6.771640,1,2.750003,-23.768169,6.522078,0.000000,1.232991,0
1996-09-05,sz.000532,4.2100,4.6000,4.1800,4.1900,4.1100,16853391,74752757.8500,3,24.347314,1,1.946470,-24.230810,6.649029,0.000000,1.256991,0
1996-09-06,sz.000532,4.1800,4.1900,3.9300,4.1000,4.1900,4514641,18346289.5300,3,6.522093,1,-2.147975,-23.710339,6.506210,0.000000,1.229991,0
1996-09-09,sz.000532,4.0200,4.1800,3.9300,4.0500,4.1000,2212068,8873305.6300,3,3.195672,1,-1.219505,-23.421188,6.426866,0.000000,1.214991,0
1996-09-10,sz.000532,3.9200,4.0300,3.7800,3.7900,4.0500,2012896,7842469.4100,3,2.907938,1,-6.419758,-21.917606,6.014277,0.000000,1.136991,0
1996-09-11,sz.000532,3.8400,3.9900,3.7300,3.8600,3.7900,1860383,7198105.4400,3,2.687609,1,1.846964,-22.322417,6.125358,0.000000,1.157991,0
1996-09-12,sz.000532,3.8600,3.9500,3.7000,3.7400,3.8600,1385810,5277127.6800,3,2.002016,1,-3.108805,-21.628456,5.934933,0.000000,1.121992,0
1996-09-13,sz.000532,3.7300,3.9200,3.7000,3.8800,3.7400,2462110,9475175.7600,3,3.556896,1,3.743319,-22.438077,6.157096,0.000000,1.163991,0
1996-09-16,sz.000532,3.8300,4.0000,3.7400,4.0000,3.8800,2667608,10348521.9500,3,3.853770,1,3.092781,-23.132038,6.347522,0.000000,1.199991,0
1996-09-17,sz.000532,4.0400,4.0800,3.8900,3.9600,4.0000,2591901,10276952.7000,3,3.744399,1,-0.999999,-22.900718,6.284046,0.000000,1.187991,0
1996-09-18,sz.000532,3.9400,3.9600,3.7100,3.7200,3.9600,2282080,8715837.0200,3,3.296815,1,-6.060606,-21.512795,5.903195,0.000000,1.115992,0
1996-09-19,sz.000532,3.7000,8.4000,3.6600,4.2800,3.7200,2526246,11180180.6400,3,3.649551,1,15.053770,-24.751281,6.791848,0.000000,1.283990,0
1996-09-20,sz.000532,4.1700,5.2600,4.0900,4.6600,4.2800,27050956,130230499.6700,3,39.079265,1,8.878495,-26.948824,7.394863,0.000000,1.397989,0
1996-09-23,sz.000532,4.6200,4.6300,4.1800,4.4000,4.6600,9284483,40907389.5300,3,13.412863,1,-5.579394,-25.445242,6.982274,0.000000,1.319990,0
1996-09-24,sz.000532,4.3200,4.4800,4.2200,4.3800,4.4000,5127425,22375518.0200,3,7.407354,1,-0.454545,-25.329582,6.950536,0.000000,1.313990,0
1996-09-25,sz.000532,4.4000,4.4800,4.2100,4.2700,4.3800,3001788,12968426.2500,3,4.336544,1,-2.511418,-24.693451,6.775979,0.000000,1.280990,0
1996-09-26,sz.000532,4.1100,4.4000,4.1100,4.3000,4.2700,2823946,12138061.2500,3,4.079624,1,0.702581,-24.866941,6.823586,0.000000,1.289990,0
1996-09-27,sz.000532,4.3200,4.3900,4.2300,4.3200,4.3000,3051571,13173076.2200,3,4.408463,1,0.465116,-24.982601,6.855323,0.000000,1.295990,0
1996-10-03,sz.000532,4.3500,4.7000,4.2600,4.5500,4.3200,10137431,46549815.1600,3,14.645078,1,5.324074,-26.312693,7.220306,0.000000,1.364990,0
1996-10-04,sz.000532,4.5500,5.2000,4.5000,5.1600,4.5500,24073855,120638209.2000,3,34.778385,1,13.406580,-29.840329,8.188303,0.000000,1.547988,0
1996-10-07,sz.000532,5.2000,5.4500,4.8500,5.3900,5.1600,18043809,92238926.4300,3,26.067056,1,4.457365,-31.170421,8.553285,0.000000,1.616988,0
1996-10-08,sz.000532,5.3600,5.3800,5.0300,5.1700,5.3900,8948238,46261705.5500,3,12.927106,1,-4.081629,-29.898159,8.204172,0.000000,1.550988,0
1996-10-09,sz.000532,5.1500,5.5800,4.9000,5.2200,5.1700,12029401,63228207.2600,3,17.378319,1,0.967113,-30.187310,8.283516,0.000000,1.565988,0
1996-10-10,sz.000532,5.2000,5.3500,5.0800,5.3100,5.2200,7911411,41529991.8900,3,11.429250,1,1.724141,-30.707780,8.426335,0.000000,1.592988,0
1996-10-11,sz.000532,5.3500,5.4500,5.1600,5.4300,5.3100,9701832,51462281.7000,3,14.015788,1,2.259885,-31.401742,8.616761,0.000000,1.628988,0
1996-10-14,sz.000532,5.4800,5.8000,5.3000,5.7000,5.4300,12082816,67083979.4700,3,17.455485,1,4.972375,-32.963154,9.045218,0.000000,1.709987,0
1996-10-15,sz.000532,5.7000,5.9800,5.5100,5.7400,5.7000,10327939,59237715.0200,3,14.920296,1,0.701754,-33.194474,9.108693,0.000000,1.721987,0
1996-10-16,sz.000532,5.7500,5.8300,5.0000,5.4900,5.7400,9262357,51702944.7400,3,13.380899,1,-4.355401,-31.748722,8.711973,0.000000,1.646988,0
1996-10-17,sz.000532,5.4300,6.3000,5.4000,6.2700,5.4900,15394284,90240048.4300,3,22.239410,1,14.207650,-36.259470,9.949740,0.000000,1.880986,0
1996-10-18,sz.000532,6.3000,7.2000,5.9500,6.0100,6.2700,18254936,119459146.1200,3,26.372062,1,-4.146727,-34.755887,9.537151,0.000000,1.802986,0
1996-10-21,sz.000532,6.0000,6.7000,5.8500,6.6500,6.0100,10056318,63144304.0400,3,14.527897,1,10.648920,-38.457013,10.552755,0.000000,1.994985,0
1996-10-22,sz.000532,6.4800,6.8500,6.0000,6.3500,6.6500,7451506,48111057.2200,3,10.764846,1,-4.511281,-36.722110,10.076691,0.000000,1.904986,0
1996-10-23,sz.000532,6.3800,6.7800,6.1100,6.5900,6.3500,8778909,57089756.3900,3,12.682484,1,3.779532,-38.110033,10.457542,0.000000,1.976985,0
1996-10-24,sz.000532,6.6000,6.6700,6.3800,6.4900,6.5900,5473555,35509057.1800,3,7.907392,1,-1.517456,-37.531732,10.298854,0.000000,1.946985,0
1996-10-25,sz.000532,6.5000,6.7400,6.4500,6.6000,6.4900,6547354,43175285.2100,3,9.458659,1,1.694917,-38.167863,10.473411,0.000000,1.979985,0
1996-10-28,sz.000532,6.6000,7.0000,6.5800,6.9500,6.6000,10455241,70886318.7800,3,15.104203,1,5.303029,-40.191916,11.028819,0.000000,2.084984,0
1996-10-29,sz.000532,7.0800,7.1000,6.6000,6.7300,6.9500,6484284,44117435.1700,3,9.367545,1,-3.165465,-38.919654,10.679705,0.000000,2.018985,0
1996-10-30,sz.000532,6.7000,6.8500,6.3600,6.7400,6.7300,6695472,44442657.8900,3,9.672639,1,0.148585,-38.977484,10.695574,0.000000,2.021985,0
1996-10-31,sz.000532,6.8000,7.4500,6.7800,7.4200,6.7400,13823076,98496376.8400,3,19.969559,1,10.089030,-42.909930,11.774653,0.000000,2.225983,0
1996-11-01,sz.000532,7.0700,7.3500,6.7800,6.9600,7.4200,9841068,69695470.7900,3,14.216936,1,-6.199461,-40.249746,11.044688,0.000000,2.087984,0
1996-11-04,sz.000532,7.0200,7.3500,7.0000,7.2200,6.9600,6973432,50068128.6500,3,10.074195,1,3.735629,-41.753329,11.457276,0.000000,2.165984,0
1996-11-05,sz.000532,7.2900,7.3500,6.8100,6.9400,7.2200,4868707,34415490.7000,3,7.033596,1,-3.878113,-40.134086,11.012950,0.000000,2.081984,0
1996-11-06,sz.000532,6.9400,6.9900,6.3500,6.5000,6.9400,3300611,21585694.2900,3,4.768240,1,-6.340058,-37.589562,10.314723,0.000000,1.949985,0
1996-11-07,sz.000532,6.5000,6.6000,6.0800,6.1800,6.5000,2300974,14325232.1600,3,3.324111,1,-4.923079,-35.738999,9.806921,0.000000,1.853986,0
1996-11-08,sz.000532,6.1000,6.1500,5.8200,6.0000,6.1800,2847372,17064632.8600,3,4.113467,1,-2.912619,-34.698057,9.521282,0.000000,1.799986,0
1996-11-11,sz.000532,6.3500,6.4000,6.0000,6.3600,6.0000,3592888,22433457.2600,3,5.190479,1,6.000002,-36.779940,10.092559,0.000000,1.907986,0
1996-11-12,sz.000532,6.3600,6.6000,6.3500,6.5800,6.3600,4042018,26239571.4900,3,5.839316,1,3.459116,-38.052202,10.441673,0.000000,1.973985,0
1996-11-13,sz.000532,6.6000,6.8600,6.5000,6.7500,6.5800,4842597,32382313.1600,3,6.995876,1,2.583588,-39.035314,10.711443,0.000000,2.024985,0
1996-11-14,sz.000532,6.9000,7.2000,6.8500,7.1000,6.7500,10300036,72471140.5100,3,14.879986,1,5.185184,-41.059367,11.266851,0.000000,2.129984,0
1996-11-15,sz.000532,7.2000,7.8600,7.2000,7.8600,7.1000,24269703,184880136.2000,3,35.061317,1,10.704230,-45.454455,12.472880,0.000000,2.357982,0
1996-11-18,sz.000532,7.9400,8.0300,7.5000,7.8000,7.8600,14145020,108615076.3400,3,20.434656,1,-0.763358,-45.107474,12.377667,0.000000,2.339982,0
1996-11-19,sz.000532,7.8300,8.1000,7.6000,7.9100,7.8000,10018559,78898615.9600,3,14.473349,1,1.410252,-45.743605,12.552224,0.000000,2.372982,0
1996-11-20,sz.000532,7.9000,8.1000,7.6800,8.0400,7.9100,10186201,80813579.6900,3,14.715533,1,1.643491,-46.495396,12.758518,0.000000,2.411982,0
1996-11-21,sz.000532,8.0600,8.1800,7.1000,7.1700,8.0400,7102622,55673596.6100,3,10.260829,1,-10.820890,-41.464178,11.377932,0.000000,2.150984,0
1996-11-22,sz.000532,6.8000,7.4200,6.7300,7.4000,7.1700,3887161,27117003.7800,3,5.615602,1,3.207811,-42.794270,11.742915,0.000000,2.219983,0
1996-11-25,sz.000532,7.4500,7.7500,7.1500,7.7000,7.4000,5062240,38078083.7600,3,7.313184,1,4.054050,-44.529173,12.218979,0.000000,2.309983,0
1996-11-26,sz.000532,7.8000,7.9000,7.4000,7.6900,7.7000,5175620,39719991.8600,3,7.476979,1,-0.129867,-44.471343,12.203110,0.000000,2.306983,0
1996-11-27,sz.000532,7.6700,7.8000,7.4500,7.5000,7.6900,3961817,30238787.2800,3,5.723454,1,-2.470742,-43.372571,11.901603,0.000000,2.249983,0
1996-11-28,sz.000532,7.3200,7.5000,7.1800,7.3000,7.5000,2637925,19291350.8300,3,3.810888,1,-2.666664,-42.215969,11.584227,0.000000,2.189984,0
1996-11-29,sz.000532,7.3600,7.4800,7.1800,7.4000,7.3000,2249203,16522009.2500,3,3.249320,1,1.369862,-42.794270,11.742915,0.000000,2.219983,0
1996-12-02,sz.000532,7.5000,7.7400,7.4000,7.7300,7.4000,3842020,29151866.0000,3,5.550389,1,4.459458,-44.702663,12.266585,0.000000,2.318983,0
1996-12-03,sz.000532,7.7500,8.0000,7.5500,8.0000,7.7300,7212722,56423357.8900,3,10.419886,1,3.492885,-46.264076,12.695043,0.000000,2.399982,0
1996-12-04,sz.000532,8.1500,8.2000,7.8800,8.0000,8.0000,9618205,77281890.9000,3,13.894976,1,0.000000,-46.264076,12.695043,0.000000,2.399982,0
1996-12-05,sz.000532,8.0000,8.0500,7.7600,7.9600,8.0000,4682838,36881520.6600,3,6.765079,1,-0.499999,-46.032756,12.631568,0.000000,2.387982,0
1996-12-06,sz.000532,8.0000,8.2000,7.8500,8.2000,7.9600,9862584,79883051.0500,3,14.248019,1,3.015072,-47.420678,13.012419,0.000000,2.459981,0
1996-12-09,sz.000532,8.2500,8.3800,8.1000,8.2800,8.2000,7381262,60724220.3300,3,10.663368,1,0.975609,-47.883319,13.139370,0.000000,2.483981,0
1996-12-10,sz.000532,8.3000,8.3000,7.9000,7.9400,8.2800,4563170,36622668.9600,3,6.592201,1,-4.106277,-45.917095,12.599830,0.000000,2.381982,0
1996-12-11,sz.000532,7.8100,8.1000,7.7500,7.8000,7.9400,3841157,30544201.7600,3,5.549142,1,-1.763223,-45.107474,12.377667,0.000000,2.339982,0
1996-12-12,sz.000532,7.7900,7.7900,7.1500,7.4000,7.8000,6580266,48393239.5100,3,9.506206,1,-5.128206,-42.794270,11.742915,0.000000,2.219983,0
1996-12-13,sz.000532,7.3500,7.5000,7.1800,7.1900,7.4000,3000440,21909784.4500,3,4.334597,1,-2.837838,-41.579838,11.409670,0.000000,2.156984,0
1996-12-16,sz.000532,6.4700,6.4700,6.4700,6.4700,7.1900,219400,1419518.0000,3,0.316957,1,-10.013910,-37.416071,10.267116,0.000000,1.940985,0
1996-12-17,sz.000532,5.8200,5.8200,5.8200,5.8200,6.4700,133500,776970.0000,3,0.192861,1,-10.046360,-33.657115,9.235644,0.000000,1.745987,0
1996-12-18,sz.000532,5.2400,5.7500,5.2400,5.6300,5.8200,2892627,15604639.4800,3,4.178844,1,-3.264606,-32.558343,8.934137,0.000000,1.688987,0
1996-12-19,sz.000532,5.3800,5.4200,5.0700,5.0700,5.6300,1227300,6426911.0000,3,1.773024,1,-9.946712,-29.319858,8.045484,0.000000,1.520989,0
1996-12-20,sz.000532,4.5600,4.5600,4.5600,4.5600,5.0700,639600,2916576.0000,3,0.924001,1,-10.059180,-26.370523,7.236175,0.000000,1.367990,0
1996-12-23,sz.000532,4.1000,4.4000,4.1000,4.1200,4.5600,2776425,11530504.8200,3,4.010973,1,-9.649124,-23.825999,6.537947,0.000000,1.235991,0
1996-12-24,sz.000532,4.1700,4.2000,3.7200,3.7300,4.1200,1745783,6985947.4900,3,2.522052,1,-9.466017,-21.570625,5.919064,0.000000,1.118992,0
1996-12-25,sz.000532,3.8000,3.9300,3.4000,3.7900,3.7300,1594510,5883049.3000,3,2.303515,1,1.608578,-21.917606,6.014277,0.000000,1.136991,0
1996-12-26,sz.000532,3.8300,3.9800,3.7300,3.9000,3.7900,983100,3816318.2900,3,1.420239,1,2.902378,-22.553737,6.188834,0.000000,1.169991,0
1996-12-27,sz.000532,4.1000,4.2900,4.0200,4.2900,3.9000,3663946,15278052.0600,3,5.293133,1,9.999996,-24.809111,6.807717,0.000000,1.286990,0
1996-12-30,sz.000532,4.3900,4.7200,4.3100,4.7200,4.2900,4324435,19590256.2800,3,6.247311,1,10.023310,-27.295805,7.490075,0.000000,1.415989,0
1996-12-31,sz.000532,4.7200,4.7500,4.3500,4.3600,4.7200,2580125,11572509.0600,3,3.727387,1,-7.627111,-25.213921,6.918799,0.000000,1.307990,0
1997-01-02,sz.000532,4.3500,4.5500,4.3000,4.5000,4.3600,1792920,7944787.3600,3,2.590149,1,3.211006,-26.023543,7.140962,0.000000,1.349990,0
1997-01-03,sz.000532,4.4800,4.6300,4.4100,4.4600,4.5000,2491701,11224426.4900,3,3.599645,1,-0.888888,-25.792222,7.077487,0.000000,1.337990,0
1997-01-06,sz.000532,4.3800,4.4500,4.0800,4.1100,4.4600,1232710,5258784.4000,3,1.780839,1,-7.847531,-23.768169,6.522078,0.000000,1.232991,0
1997-01-07,sz.000532,4.0500,4.3300,3.9500,4.3000,4.1100,1443352,6094644.8000,3,2.085144,1,4.622872,-24.866941,6.823586,0.000000,1.289990,0
1997-01-08,sz.000532,4.3000,4.5000,4.1500,4.3700,4.3000,1452600,6300464.0000,3,2.098504,1,1.627900,-25.271751,6.934667,0.000000,1.310990,0
1997-01-09,sz.000532,4.3500,4.4800,4.3000,4.3600,4.3700,943800,4136595.0000,3,1.363464,1,-0.228827,-25.213921,6.918799,0.000000,1.307990,0
1997-01-10,sz.000532,4.3900,4.4200,4.2500,4.3500,4.3600,819879,3564333.3000,3,1.184441,1,-0.229363,-25.156091,6.902930,0.000000,1.304990,0
1997-01-13,sz.000532,4.3800,4.6200,4.3800,4.6000,4.3500,3181355,14460263.8500,3,4.595956,1,5.747127,-26.601844,7.299650,0.000000,1.379990,0
1997-01-14,sz.000532,4.6000,4.6000,4.3400,4.4100,4.6000,2058100,9186790.4600,3,2.973242,1,-4.130436,-25.503072,6.998143,0.000000,1.322990,0
1997-01-15,sz.000532,4.4000,4.4900,4.3800,4.4300,4.4100,1023627,4533912.7200,3,1.478787,1,0.453514,-25.618732,7.029880,0.000000,1.328990,0
1997-01-16,sz.000532,4.4500,4.5500,4.4000,4.4800,4.4300,1214403,5423653.3100,3,1.754392,1,1.128672,-25.907883,7.109224,0.000000,1.343990,0
1997-01-17,sz.000532,4.4800,4.5000,4.3800,4.4500,4.4800,1185792,5258562.7200,3,1.713059,1,-0.669647,-25.734392,7.061618,0.000000,1.334990,0
1997-01-20,sz.000532,4.5000,4.9000,4.5000,4.9000,4.4500,7326628,34572516.2500,3,10.584441,1,10.112370,-28.336747,7.775714,0.000000,1.469989,0
1997-01-21,sz.000532,5.0000,5.2300,4.9000,4.9500,4.9000,8516903,43264817.5000,3,12.303976,1,1.020402,-28.625897,7.855058,0.000000,1.484989,0
1997-01-22,sz.000532,4.9500,4.9500,4.7200,4.8600,4.9500,2802195,13463217.2000,3,4.048202,1,-1.818175,-28.105426,7.712239,0.000000,1.457989,0
1997-01-23,sz.000532,4.8600,4.9200,4.8000,4.9200,4.8600,2391201,11652294.5800,3,3.454457,1,1.234567,-28.452407,7.807452,0.000000,1.475989,0
1997-01-24,sz.000532,4.9400,4.9600,4.8000,4.9100,4.9200,1879764,9179141.3400,3,2.715608,1,-0.203257,-28.394577,7.791583,0.000000,1.472989,0
1997-01-27,sz.000532,4.9300,4.9700,4.8500,4.9600,4.9100,2198579,10784934.5000,3,3.176185,1,1.018334,-28.683727,7.870927,0.000000,1.487989,0
1997-01-28,sz.000532,4.9600,5.1500,4.8800,5.0300,4.9600,3109794,15636973.1900,3,4.492576,1,1.411294,-29.088538,7.982008,0.000000,1.508989,0
1997-01-29,sz.000532,5.0300,5.0500,4.9000,4.9200,5.0300,1791700,8905272.5000,3,2.588386,1,-2.186881,-28.452407,7.807452,0.000000,1.475989,0
1997-01-30,sz.000532,4.9500,5.1500,4.9500,5.1500,4.9200,4189116,21294832.8900,3,6.051822,1,4.674797,-29.782499,8.172434,0.000000,1.544988,0
1997-01-31,sz.000532,5.1800,5.1800,5.0600,5.0800,5.1500,2777837,14173878.8200,3,4.013013,1,-1.359227,-29.377688,8.061352,0.000000,1.523989,0
1997-02-17,sz.000532,5.0100,5.2500,5.0000,5.2100,5.0800,1797425,9274704.3000,3,2.596657,1,2.559057,-30.129479,8.267647,0.000000,1.562988,0
1997-02-18,sz.000532,5.1900,5.3400,4.6900,4.6900,5.2100,3044460,15321960.2000,3,4.398191,1,-9.980806,-27.122315,7.442469,0.000000,1.406989,0
1997-02-19,sz.000532,4.8000,5.1600,4.7500,5.1500,4.6900,2674740,13445236.0900,3,3.864073,1,9.808103,-29.782499,8.172434,0.000000,1.544988,0
1997-02-20,sz.000532,4.6400,5.4600,4.6400,5.2700,5.1500,5785101,29556848.0200,3,8.357468,1,2.330095,-30.476460,8.362860,0.000000,1.580988,0
1997-02-21,sz.000532,5.2500,5.4500,5.1700,5.4100,5.2700,5433003,28867623.2100,3,7.848808,1,2.656544,-31.286081,8.585023,0.000000,1.622988,0
1997-02-24,sz.000532,5.4500,5.5000,5.2600,5.3500,5.4100,3445698,18503746.0000,3,4.977841,1,-1.109056,-30.939101,8.489810,0.000000,1.604988,0
1997-02-25,sz.000532,5.3600,5.6800,5.3600,5.5600,5.3500,5452823,29917478.9600,3,7.877441,1,3.925235,-32.153533,8.823055,0.000000,1.667987,0
1997-02-26,sz.000532,5.6000,5.6300,5.4700,5.5900,5.5600,3791487,21013577.8100,3,5.477386,1,0.539572,-32.327023,8.870661,0.000000,1.676987,0
1997-02-27,sz.000532,5.5900,5.7700,5.5600,5.6400,5.5900,5387866,30363156.0700,3,7.783601,1,0.894449,-32.616174,8.950005,0.000000,1.691987,0
1997-02-28,sz.000532,5.5800,5.9600,5.5500,5.9400,5.6400,7472324,43493190.8600,3,10.794921,1,5.319152,-34.351076,9.426070,0.000000,1.781987,0
1997-03-03,sz.000532,5.9800,6.2100,5.9500,6.2000,5.9400,6424728,39095549.7500,3,9.281507,1,4.377100,-35.854659,9.838658,0.000000,1.859986,0
1997-03-04,sz.000532,6.2500,6.8200,6.2500,6.8200,6.2000,6821221,46014346.2200,3,9.854302,1,10.000010,-39.440125,10.822524,0.000000,2.045985,0
1997-03-05,sz.000532,7.0900,7.1800,6.6000,6.6300,6.8200,10402786,71114181.4100,3,15.028424,1,-2.785924,-38.341353,10.521017,0.000000,1.988985,0
1997-03-06,sz.000532,6.5500,6.7500,6.4000,6.6900,6.6300,3697358,24450020.3900,3,5.341402,1,0.904976,-38.688334,10.616230,0.000000,2.006985,0
1997-03-07,sz.000532,6.7000,6.7800,6.6000,6.6100,6.6900,2061663,13700063.8700,3,2.978389,1,-1.195814,-38.225693,10.489279,0.000000,1.982985,0
1997-03-10,sz.000532,6.6000,6.6900,6.4000,6.5600,6.6100,1930315,12557776.4500,3,2.788637,1,-0.756432,-37.936542,10.409935,0.000000,1.967985,0
1997-03-11,sz.000532,6.5600,6.8000,6.4800,6.7600,6.5600,2609313,17180654.7600,3,3.769554,1,3.048785,-39.093144,10.727311,0.000000,2.027985,0
1997-03-12,sz.000532,6.7800,6.8300,6.6200,6.6400,6.7600,1543350,10311684.9100,3,2.229606,1,-1.775153,-38.399183,10.536886,0.000000,1.991985,0
1997-03-13,sz.000532,6.6200,6.7500,6.5000,6.6800,6.6400,1649468,10876505.2900,3,2.382910,1,0.602409,-38.630503,10.600361,0.000000,2.003985,0
1997-03-14,sz.000532,6.6600,6.6600,6.4800,6.5500,6.6800,1311532,8585346.9900,3,1.894710,1,-1.946102,-37.878712,10.394067,0.000000,1.964985,0
1997-03-17,sz.000532,6.5600,6.6500,6.3800,6.4100,6.5500,1563700,10078943.9500,3,2.259005,1,-2.137410,-37.069091,10.171903,0.000000,1.922986,0
1997-03-18,sz.000532,6.4100,6.4100,6.1500,6.2500,6.4100,1561319,9796776.8400,3,2.255565,1,-2.496098,-36.143809,9.918002,0.000000,1.874986,0
1997-03-19,sz.000532,6.2500,6.5000,6.1300,6.2300,6.2500,1763750,11097304.0100,3,2.548008,1,-0.320000,-36.028149,9.886265,0.000000,1.868986,0
1997-03-20,sz.000532,6.2000,6.5000,6.1600,6.2400,6.2300,2140991,13522391.8800,3,3.092991,1,0.160510,-36.085979,9.902134,0.000000,1.871986,0
1997-03-21,sz.000532,6.2400,6.3100,6.1500,6.2300,6.2400,1247974,7787220.6400,3,1.802890,1,-0.160252,-36.028149,9.886265,0.000000,1.868986,0
1997-03-24,sz.000532,6.3000,6.4000,6.2300,6.3000,6.2300,1887928,11897030.7300,3,2.727402,1,1.123598,-36.432960,9.997346,0.000000,1.889986,0
1997-03-25,sz.000532,6.3000,6.5000,6.1800,6.3900,6.3000,2263445,14339306.6200,3,3.269894,1,1.428566,-36.953431,10.140166,0.000000,1.916986,0
1997-03-26,sz.000532,6.4200,6.8000,6.3800,6.6500,6.3900,3897038,25782013.6100,3,5.629871,1,4.068861,-38.457013,10.552755,0.000000,1.994985,0
1997-03-27,sz.000532,6.8000,6.9000,6.5000,6.7300,6.6500,3358515,22480888.0500,3,4.851891,1,1.203006,-38.919654,10.679705,0.000000,2.018985,0
1997-03-28,sz.000532,6.7000,6.7500,6.4000,6.4800,6.7300,2117826,13987381.6500,3,3.059525,1,-3.714710,-37.473902,10.282985,0.000000,1.943985,0
1997-03-31,sz.000532,6.5800,6.7500,6.5000,6.7000,6.4800,3004566,20014626.0500,3,4.340558,1,3.395059,-38.746164,10.632099,0.000000,2.009985,0
1997-04-01,sz.000532,6.7500,6.8300,6.6800,6.7800,6.7000,2763363,18661012.0400,3,3.992103,1,1.194036,-39.208804,10.759049,0.000000,2.033985,0
1997-04-02,sz.000532,6.8300,7.0000,6.7500,6.9900,6.7800,5074612,35057144.5400,3,7.331057,1,3.097339,-40.423236,11.092294,0.000000,2.096984,0
1997-04-03,sz.000532,7.0500,7.3700,6.9800,7.0900,6.9900,8530392,61215742.9500,3,12.323463,1,1.430621,-41.001537,11.250982,0.000000,2.126984,0
1997-04-04,sz.000532,7.1000,7.2000,6.7500,6.8400,7.0900,4380096,30202062.7800,3,6.327722,1,-3.526093,-39.555785,10.854262,0.000000,2.051985,0
1997-04-07,sz.000532,6.8400,6.8400,6.6000,6.8000,6.8400,2086380,13899252.2300,3,3.014097,1,-0.584795,-39.324465,10.790787,0.000000,2.039985,0
1997-04-08,sz.000532,6.8000,6.8000,6.4800,6.4900,6.8000,1412945,9324665.8000,3,2.041216,1,-4.558830,-37.531732,10.298854,0.000000,1.946985,0
1997-04-09,sz.000532,6.4000,6.7200,6.4000,6.5500,6.4900,1717524,11260900.9500,3,2.481227,1,0.924506,-37.878712,10.394067,0.000000,1.964985,0
1997-04-10,sz.000532,6.5500,6.8000,6.4700,6.5900,6.5500,1564080,10356173.5800,3,2.259554,1,0.610686,-38.110033,10.457542,0.000000,1.976985,0
1997-04-11,sz.000532,6.5500,6.5900,6.3000,6.3800,6.5900,1252674,8050705.3200,3,1.809680,1,-3.186647,-36.895601,10.124297,0.000000,1.913986,0
1997-04-14,sz.000532,6.4000,6.7000,6.4000,6.6400,6.3800,1248593,8239052.7100,3,1.803785,1,4.075231,-38.399183,10.536886,0.000000,1.991985,0
1997-04-15,sz.000532,6.7000,6.8800,6.7000,6.8000,6.6400,2729787,18503452.5100,3,3.943597,1,2.409643,-39.324465,10.790787,0.000000,2.039985,0
1997-04-16,sz.000532,6.9000,6.9400,6.6500,6.7800,6.8000,1800290,12143770.3200,3,2.600796,1,-0.294117,-39.208804,10.759049,0.000000,2.033985,0
1997-04-17,sz.000532,6.8000,6.9200,6.7500,6.8000,6.7800,1946930,13263903.9800,3,2.812640,1,0.294985,-39.324465,10.790787,0.000000,2.039985,0
1997-04-18,sz.000532,6.8500,6.8800,6.6100,6.7500,6.8000,1250605,8390525.8500,3,1.806691,1,-0.735297,-39.035314,10.711443,0.000000,2.024985,0
1997-04-21,sz.000532,7.2600,7.3900,6.8800,6.9400,6.7500,6436379,45264265.6100,3,9.298339,1,2.814816,227.882916,16.661175,0.000000,2.018216,0
1997-04-22,sz.000532,6.9900,6.9900,6.7600,6.8500,6.9400,2434281,16669471.3600,3,3.516693,1,-1.296832,224.927662,16.445108,0.000000,1.992044,0
1997-04-23,sz.000532,6.8700,7.0800,6.8000,6.9500,6.8500,3693647,25668911.1400,3,5.336041,1,1.459853,228.211278,16.685182,0.000000,2.021125,0
1997-04-24,sz.000532,6.7900,6.8800,6.6200,6.7400,6.9500,2525786,17012645.5000,3,3.648886,1,-3.021583,221.315685,16.181026,0.000000,1.960055,0
1997-04-25,sz.000532,6.7400,6.7400,6.4200,6.4500,6.7400,2346300,15368191.8200,3,3.389591,1,-4.302670,211.793200,15.484809,0.000000,1.875720,0
1997-04-28,sz.000532,6.3800,6.4100,6.0800,6.1600,6.4500,2224413,13881956.1400,3,3.213507,1,-4.496124,202.270715,14.788593,0.000000,1.791385,0
1997-04-29,sz.000532,6.1200,6.7800,6.0700,6.6700,6.1600,4417402,29047388.1700,3,6.381616,1,8.279224,219.017154,16.012974,0.000000,1.939698,0
1997-04-30,sz.000532,6.6900,6.7300,6.3800,6.6800,6.6700,2464102,16195794.1400,3,3.559774,1,0.149921,219.345516,16.036981,0.000000,1.942606,0
1997-05-05,sz.000532,6.7000,6.8900,6.6200,6.8700,6.6800,4613075,31352174.4200,3,6.664296,1,2.844312,225.584385,16.493123,0.000000,1.997860,0
1997-05-06,sz.000532,6.9500,6.9700,6.7500,6.8000,6.8700,4269426,29157938.5000,3,6.167842,1,-1.018918,223.285855,16.325070,0.000000,1.977503,0
1997-05-07,sz.000532,6.8300,6.9500,6.6100,6.7700,6.8000,3850477,26067800.9900,3,5.562606,1,-0.441180,222.300770,16.253048,0.000000,1.968779,0
1997-05-08,sz.000532,6.7500,6.8000,6.2000,6.2600,6.7700,2329661,15399110.4600,3,3.365553,1,-7.533231,205.554331,15.028668,0.000000,1.820466,0
1997-05-09,sz.000532,6.3000,6.6800,6.3000,6.6300,6.2600,2424898,15868781.1100,3,3.503138,1,5.910541,217.703708,15.916944,0.000000,1.928066,0
1997-05-12,sz.000532,6.7200,7.2900,6.7100,7.2900,6.6300,9575148,68702437.2000,3,13.832773,1,9.954748,239.375571,17.501436,0.000000,2.120000,0
1997-05-13,sz.000532,7.4800,7.5000,6.6700,6.9800,7.2900,4872388,34094215.6000,3,7.038914,1,-4.252400,229.196363,16.757205,0.000000,2.029849,0
1997-05-14,sz.000532,7.0200,7.0800,6.2800,6.4600,6.9800,3107605,20548488.5800,3,4.489413,1,-7.449856,212.121562,15.508817,0.000000,1.878628,0
1997-05-15,sz.000532,6.4000,6.9400,6.3500,6.8200,6.4600,2613142,17519728.5500,3,3.775085,1,5.572758,223.942578,16.373085,0.000000,1.983319,0
1997-05-16,sz.000532,6.1500,6.6500,6.1400,6.1900,6.8200,3293603,20859724.4300,3,4.758116,1,-9.237538,203.255800,14.860616,0.000000,1.800110,0
1997-05-19,sz.000532,6.1000,6.5700,6.1000,6.3800,6.1900,1267590,8040452.3000,3,1.831229,1,3.069468,209.494669,15.316757,0.000000,1.855363,0
1997-05-20,sz.000532,6.3800,6.3800,6.3800,6.3800,6.3800,0,0.0000,3,,1,0.000000,209.494669,15.316757,0.000000,1.855363,0
1997-05-21,sz.000532,6.0100,6.2900,6.0100,6.0800,6.3800,742308,4553995.5200,3,1.072378,1,-4.702198,199.643823,14.596534,0.000000,1.768120,0
1997-05-22,sz.000532,5.4700,5.9000,5.4700,5.4700,6.0800,1082062,5989995.0000,3,1.563205,1,-10.032900,179.613768,13.132079,0.000000,1.590727,0
1997-05-23,sz.000532,5.6000,5.6500,5.1000,5.3000,5.4700,1607220,8486306.1100,3,2.321876,1,-3.107854,174.031622,12.723952,0.000000,1.541289,0
1997-05-26,sz.000532,5.3000,5.4000,4.9500,5.1700,5.3000,1006260,5165278.2000,3,1.453697,1,-2.452832,169.762922,12.411855,0.000000,1.503484,0
1997-05-27,sz.000532,5.2000,5.4500,5.1500,5.3900,5.1700,1156746,6148123.1600,3,1.671097,1,4.255315,176.986876,12.940019,0.000000,1.567462,0
1997-05-28,sz.000532,5.3800,5.5000,5.2500,5.3500,5.3900,1198032,6435545.5500,3,1.730741,1,-0.742114,175.673430,12.843989,0.000000,1.555830,0
1997-05-29,sz.000532,5.3400,5.5000,5.2600,5.3700,5.3500,1180023,6382391.8600,3,1.704725,1,0.373831,176.330153,12.892004,0.000000,1.561646,0
1997-05-30,sz.000532,5.3600,5.5500,5.3300,5.5200,5.3700,766342,4165793.8800,3,1.107099,1,2.793298,181.255576,13.252116,0.000000,1.605267,0
1997-06-02,sz.000532,5.5500,5.8200,5.5500,5.8200,5.5200,1656592,9475939.0000,3,2.393202,1,5.434786,191.106423,13.972340,0.000000,1.692510,0
1997-06-03,sz.000532,5.8100,5.8300,5.5200,5.6900,5.8200,1595494,9050665.4700,3,2.304936,1,-2.233679,186.837722,13.660243,0.000000,1.654705,0
1997-06-04,sz.000532,5.8000,5.9800,5.6500,5.9300,5.6900,2564390,14992276.3500,3,3.704656,1,4.217922,194.718400,14.236422,0.000000,1.724499,0
1997-06-05,sz.000532,5.8800,5.8800,5.6300,5.7700,5.9300,1073500,6131058.5000,3,1.550836,1,-2.698143,189.464615,13.852302,0.000000,1.677970,0
1997-06-06,sz.000532,5.1900,5.4700,5.1900,5.2700,5.7700,1780861,9438969.5400,3,2.572728,1,-8.665511,173.046537,12.651930,0.000000,1.532565,0
1997-06-09,sz.000532,5.2700,5.4000,5.2200,5.3900,5.2700,862078,4568056.9600,3,1.245404,1,2.277038,176.986876,12.940019,0.000000,1.567462,0
1997-06-10,sz.000532,5.4000,5.4000,5.0200,5.1300,5.3900,614200,3199122.0000,3,0.887306,1,-4.823743,168.449476,12.315825,0.000000,1.491852,0
1997-06-11,sz.000532,5.1000,5.1200,4.7000,5.0300,5.1300,891181,4407632.8700,3,1.287448,1,-1.949316,165.165860,12.075751,0.000000,1.462771,0
1997-06-12,sz.000532,5.0500,5.2000,5.0000,5.0700,5.0300,706409,3610051.1200,3,1.020516,1,0.795228,166.479306,12.171780,0.000000,1.474403,0
1997-06-13,sz.000532,4.7100,5.2500,4.7100,5.2200,5.0700,969839,4938653.4300,3,1.401082,1,2.958572,171.404730,12.531892,0.000000,1.518024,0
1997-06-16,sz.000532,5.2900,5.4800,5.2300,5.3600,5.2200,1106447,5931794.0600,3,1.598433,1,2.681999,176.001791,12.867997,0.000000,1.558738,0
1997-06-17,sz.000532,5.3200,5.3400,5.1500,5.1800,5.3600,650845,3396513.1500,3,0.940246,1,-3.358215,170.091283,12.435862,0.000000,1.506392,0
1997-06-18,sz.000532,5.1800,5.3000,5.1000,5.1300,5.1800,543303,2803475.6800,3,0.784885,1,-0.965245,168.449476,12.315825,0.000000,1.491852,0
1997-06-19,sz.000532,5.1800,5.2400,5.0800,5.1300,5.1300,547550,2827216.1900,3,0.791020,1,0.000000,168.449476,12.315825,0.000000,1.491852,0
1997-06-20,sz.000532,5.2000,5.4200,5.1500,5.3900,5.1300,847012,4495521.3700,3,1.223639,1,5.068221,176.986876,12.940019,0.000000,1.567462,0
1997-06-23,sz.000532,5.4500,5.5300,5.1500,5.1700,5.3900,1008118,5351210.1100,3,1.456381,1,-4.081629,169.762922,12.411855,0.000000,1.503484,0
1997-06-24,sz.000532,5.2000,5.3900,5.1500,5.3700,5.1700,937158,4959770.7400,3,1.353869,1,3.868468,176.330153,12.892004,0.000000,1.561646,0
1997-06-25,sz.000532,5.3700,5.4500,5.2500,5.3500,5.3700,993018,5313052.2700,3,1.434567,1,-0.372439,175.673430,12.843989,0.000000,1.555830,0
1997-06-26,sz.000532,5.3000,5.3500,5.1600,5.1700,5.3500,758630,3965185.0500,3,1.095958,1,-3.364483,169.762922,12.411855,0.000000,1.503484,0
1997-06-27,sz.000532,5.2000,5.2500,4.9900,5.0400,5.1700,1290447,6517374.4500,3,1.864249,1,-2.514509,165.494222,12.099758,0.000000,1.465679,0
1997-07-02,sz.000532,5.1100,5.1100,4.5500,4.7500,5.0400,636600,3057972.2300,3,0.919667,1,-5.753968,155.971737,11.403542,0.000000,1.381344,0
1997-07-03,sz.000532,4.7200,4.7300,4.5000,4.5000,4.7500,575625,2622767.2000,3,0.831579,1,-5.263158,147.762698,10.803355,0.000000,1.308642,0
1997-07-04,sz.000532,4.4000,4.6500,4.3100,4.5900,4.5000,587500,2660398.0000,3,0.848734,1,2.000003,150.717952,11.019423,0.000000,1.334815,0
1997-07-07,sz.000532,4.6000,4.6400,4.2000,4.2200,4.5900,522300,2291142.9200,3,0.754543,1,-8.061009,138.568574,10.131147,0.000000,1.227215,0
1997-07-08,sz.000532,4.2500,4.3600,4.0600,4.2300,4.2200,450497,1894983.4000,3,0.650812,1,0.236972,138.896936,10.155154,0.000000,1.230123,0
1997-07-09,sz.000532,4.2600,4.2600,4.1000,4.2400,4.2300,449993,1881188.2300,3,0.650084,1,0.236401,139.225298,10.179162,0.000000,1.233031,0
1997-07-10,sz.000532,4.2300,4.2700,4.1500,4.1800,4.2400,501405,2107892.3400,3,0.724357,1,-1.415093,137.255128,10.035117,0.000000,1.215583,0
1997-07-11,sz.000532,4.1500,4.4600,4.1500,4.4100,4.1800,1294623,5511475.7000,3,1.870282,1,5.502393,144.807444,10.587288,0.000000,1.282469,0
1997-07-14,sz.000532,4.4500,4.4900,4.2100,4.4100,4.4100,854423,3753936.7300,3,1.234345,1,0.000000,144.807444,10.587288,0.000000,1.282469,0
1997-07-15,sz.000532,4.4500,4.6500,4.3600,4.5000,4.4100,1237700,5626050.8300,3,1.788048,1,2.040820,147.762698,10.803355,0.000000,1.308642,0
1997-07-16,sz.000532,4.5100,4.5600,4.3500,4.4900,4.5000,876639,3890618.7100,3,1.266440,1,-0.222227,147.434336,10.779348,0.000000,1.305734,0
1997-07-17,sz.000532,4.5000,4.5000,4.3800,4.4600,4.4900,561048,2484313.3700,3,0.810520,1,-0.668145,146.449252,10.707326,0.000000,1.297009,0
1997-07-18,sz.000532,4.5000,4.5500,4.4000,4.5100,4.4600,829967,3721434.2500,3,1.199015,1,1.121081,148.091059,10.827363,0.000000,1.311550,0
1997-07-21,sz.000532,4.4100,4.5400,4.4100,4.5100,4.5100,976500,4361213.0000,3,1.410704,1,0.000000,148.091059,10.827363,0.000000,1.311550,0
1997-07-22,sz.000532,4.5000,4.5400,4.3500,4.5000,4.5100,548777,2445673.2600,3,0.792793,1,-0.221735,147.762698,10.803355,0.000000,1.308642,0
1997-07-23,sz.000532,4.5500,4.7200,4.5400,4.6000,4.5000,1695884,7835153.3500,3,2.449965,1,2.222220,151.046313,11.043430,0.000000,1.337723,0
1997-07-24,sz.000532,4.5400,4.6600,4.5000,4.5000,4.6000,480950,2199484.0000,3,0.694806,1,-2.173911,147.762698,10.803355,0.000000,1.308642,0
1997-07-25,sz.000532,4.4500,4.5200,4.3600,4.4900,4.5000,552909,2463945.2700,3,0.798762,1,-0.222227,147.434336,10.779348,0.000000,1.305734,0
1997-07-28,sz.000532,4.4200,4.4500,4.3600,4.4200,4.4900,460430,2031457.4000,3,0.665162,1,-1.559013,145.135805,10.611296,0.000000,1.285377,0
1997-07-29,sz.000532,4.4000,4.5800,4.4000,4.5700,4.4200,575360,2581741.2000,3,0.831196,1,3.393667,150.061229,10.971408,0.000000,1.328998,0
1997-07-30,sz.000532,4.5800,4.7800,4.5400,4.7000,4.5700,1357439,6351094.3000,3,1.961029,1,2.844631,154.329929,11.283505,0.000000,1.366804,0
1997-07-31,sz.000532,4.7500,4.7500,4.6000,4.6200,4.7000,753750,3504508.6000,3,1.088908,1,-1.702126,151.703037,11.091445,0.000000,1.343539,0
1997-08-01,sz.000532,4.6000,4.7300,4.6000,4.7100,4.6200,718089,3362163.7700,3,1.037390,1,1.948055,154.658290,11.307512,0.000000,1.369712,0
1997-08-04,sz.000532,4.7700,4.9000,4.7000,4.9000,4.7100,1264799,6101010.3700,3,1.827197,1,4.033972,160.897160,11.763654,0.000000,1.424966,0
1997-08-05,sz.000532,4.9000,4.9500,4.7600,4.7700,4.9000,807565,3916935.7000,3,1.166652,1,-2.653064,156.628460,11.451557,0.000000,1.387160,0
1997-08-06,sz.000532,4.8400,4.8500,4.6000,4.6300,4.7700,617112,2887754.1400,3,0.891513,1,-2.935008,152.031398,11.115452,0.000000,1.346447,0
1997-08-07,sz.000532,4.6000,4.7700,4.5000,4.7600,4.6300,504100,2329094.0000,3,0.728250,1,2.807778,156.300098,11.427549,0.000000,1.384252,0
1997-08-08,sz.000532,4.7800,5.0800,4.7700,4.9300,4.7600,2369098,11733380.6000,3,3.422526,1,3.571420,161.882245,11.835676,0.000000,1.433690,0
1997-08-11,sz.000532,4.9600,5.0700,4.9500,5.0000,4.9300,1386433,6944007.7600,3,2.002916,1,1.419882,164.180775,12.003728,0.000000,1.454046,0
1997-08-12,sz.000532,5.0800,5.0800,4.7000,4.7500,5.0000,852475,4142948.5400,3,1.231531,1,-5.000000,155.971737,11.403542,0.000000,1.381344,0
1997-08-13,sz.000532,4.7000,4.8200,4.6000,4.6600,4.7500,555400,2617471.2100,3,0.802361,1,-1.894740,153.016483,11.187475,0.000000,1.355171,0
1997-08-14,sz.000532,4.6300,4.7500,4.6200,4.7400,4.6600,713440,3332298.8000,3,1.030674,1,1.716737,155.643375,11.379534,0.000000,1.378436,0
1997-08-15,sz.000532,4.9000,4.9300,4.6700,4.7900,4.7400,717244,3439389.9900,3,1.036169,1,1.054856,157.285183,11.499572,0.000000,1.392977,0
1997-08-18,sz.000532,4.6000,4.8000,4.6000,4.6600,4.7900,324744,1515514.6000,3,0.469143,1,-2.713990,153.016483,11.187475,0.000000,1.355171,0
1997-08-19,sz.000532,4.2000,4.6500,4.1900,4.3800,4.6600,777800,3476457.4000,3,1.123652,1,-6.008578,47.336286,13.518487,0.000000,1.271799,0
1997-08-20,sz.000532,4.3500,4.5000,4.3500,4.5000,4.3800,531565,2354648.2800,3,0.767927,1,2.739723,48.633171,13.888856,0.000000,1.306643,0
1997-08-21,sz.000532,4.5500,4.6200,4.4400,4.5900,4.5000,758451,3445520.2900,3,1.095699,1,2.000003,49.605834,14.166633,0.000000,1.332776,0
1997-08-22,sz.000532,4.5800,4.6800,4.5000,4.6000,4.5900,812308,3732242.8200,3,1.173504,1,0.217860,49.713908,14.197498,0.000000,1.335680,0
1997-08-25,sz.000532,4.6000,4.8000,4.5200,4.7100,4.6000,1040045,4853113.4300,3,1.502505,1,2.391307,50.902719,14.537003,0.000000,1.367620,0
1997-08-26,sz.000532,4.7200,4.8400,4.6500,4.7900,4.7100,1215999,5804573.8800,3,1.756698,1,1.698512,51.767309,14.783916,0.000000,1.390849,0
1997-08-27,sz.000532,4.7300,4.9800,4.7300,4.9700,4.7900,1642377,8025631.5500,3,2.372666,1,3.757825,53.712635,15.339470,0.000000,1.443115,0
1997-08-28,sz.000532,5.0000,5.1600,4.9500,5.1200,4.9700,2610040,13125549.4200,3,3.770604,1,3.018111,55.333741,15.802432,0.000000,1.486669,0
1997-08-29,sz.000532,5.1100,5.1400,4.9800,5.0100,5.1200,1642598,8286178.3500,3,2.372985,1,-2.148431,54.144930,15.462927,0.000000,1.454729,0
1997-09-01,sz.000532,4.9900,5.0200,4.8500,4.9000,5.0100,1198753,5927502.6500,3,1.731783,1,-2.195611,52.956119,15.123421,0.000000,1.422789,0
1997-09-02,sz.000532,4.8800,4.9700,4.8300,4.8900,4.9000,878080,4292586.5900,3,1.268522,1,-0.204086,52.848046,15.092557,0.000000,1.419885,0
1997-09-03,sz.000532,4.9000,5.0200,4.9000,4.9800,4.8900,999918,4958991.3500,3,1.444535,1,1.840494,53.820709,15.370334,0.000000,1.446018,0
1997-09-04,sz.000532,5.0500,5.0500,4.8700,4.9200,4.9800,989076,4856151.7600,3,1.428872,1,-1.204818,53.172267,15.185150,0.000000,1.428596,0
1997-09-05,sz.000532,4.9200,4.9600,4.8500,4.9500,4.9200,772239,3778739.5800,3,1.115618,1,0.609751,53.496488,15.277742,0.000000,1.437307,0
1997-09-08,sz.000532,4.9000,5.2200,4.9000,5.2000,4.9500,2905793,14870361.8700,3,4.197865,1,5.050505,56.198331,16.049345,0.000000,1.509899,0
1997-09-09,sz.000532,5.2000,5.2000,5.0300,5.0500,5.2000,1546125,7904581.0800,3,2.233615,1,-2.884608,54.577225,15.586383,0.000000,1.466344,0
1997-09-10,sz.000532,5.0400,5.3700,5.0000,5.3400,5.0500,3649260,19193000.8300,3,5.271917,1,5.742573,57.711363,16.481443,0.000000,1.550550,0
1997-09-11,sz.000532,5.3600,5.4900,5.0500,5.0900,5.3400,3314244,17498918.0800,3,4.787935,1,-4.681648,55.009520,15.709840,0.000000,1.477958,0
1997-09-12,sz.000532,5.1000,5.2000,4.9700,4.9800,5.0900,1607570,8141317.3300,3,2.322382,1,-2.161103,53.820709,15.370334,0.000000,1.446018,0
1997-09-15,sz.000532,5.0000,5.0600,4.8000,4.8200,4.9800,985100,4868951.4800,3,1.423128,1,-3.212848,52.091530,14.876508,0.000000,1.399560,0
1997-09-16,sz.000532,4.9000,4.9400,4.8100,4.8800,4.8200,577040,2812104.5800,3,0.833623,1,1.244812,52.739972,15.061693,0.000000,1.416982,0
1997-09-17,sz.000532,4.8900,4.9000,4.6800,4.7200,4.8800,647500,3090445.0000,3,0.935413,1,-3.278695,51.010793,14.567867,0.000000,1.370523,0
1997-09-18,sz.000532,4.7000,4.8000,4.6700,4.7400,4.7200,497220,2347603.2000,3,0.718311,1,0.423728,51.226940,14.629595,0.000000,1.376331,0
1997-09-19,sz.000532,4.7500,4.8500,4.7400,4.8300,4.7400,409783,1969079.8300,3,0.591995,1,1.898737,52.199603,14.907372,0.000000,1.402464,0
1997-09-22,sz.000532,4.8300,4.8500,4.3500,4.4100,4.8300,731640,3338051.6000,3,1.056966,1,-8.695654,47.660507,13.611079,0.000000,1.280510,0
1997-09-23,sz.000532,4.3500,4.4800,4.0500,4.1300,4.4100,768874,3292522.7000,3,1.110757,1,-6.349201,44.634443,12.746884,0.000000,1.199208,0
1997-09-24,sz.000532,4.2000,4.4200,4.2000,4.4100,4.1300,760586,3289371.1700,3,1.098783,1,6.779655,47.660507,13.611079,0.000000,1.280510,0
1997-09-25,sz.000532,4.4200,4.5400,4.3400,4.4600,4.4100,825758,3667276.1100,3,1.192934,1,1.133791,48.200876,13.765400,0.000000,1.295028,0
1997-09-26,sz.000532,4.4700,4.5000,4.3000,4.4400,4.4600,423591,1866920.4700,3,0.611942,1,-0.448430,47.984729,13.703672,0.000000,1.289221,0
1997-09-29,sz.000532,4.3800,4.3900,4.2700,4.2900,4.4400,291100,1256486.0000,3,0.420539,1,-3.378381,46.363623,13.240710,0.000000,1.245666,0
1997-09-30,sz.000532,4.5200,4.5200,4.2500,4.4000,4.2900,317761,1381756.3800,3,0.459055,1,2.564106,47.552434,13.580215,0.000000,1.277607,0
1997-10-06,sz.000532,4.3800,4.4500,4.3500,4.4000,4.4000,272037,1196733.7000,3,0.392999,1,0.000000,47.552434,13.580215,0.000000,1.277607,0
1997-10-07,sz.000532,4.4000,4.4000,4.2900,4.4000,4.4000,222776,967201.7000,3,0.321834,1,0.000000,47.552434,13.580215,0.000000,1.277607,0
1997-10-08,sz.000532,4.4800,4.5800,4.4300,4.5500,4.4000,589936,2669905.5000,3,0.852253,1,3.409093,49.173539,14.043177,0.000000,1.321161,0
1997-10-09,sz.000532,4.5500,4.5500,4.4800,4.5000,4.5500,432700,1954163.3900,3,0.625102,1,-1.098905,48.633171,13.888856,0.000000,1.306643,0
1997-10-10,sz.000532,4.4500,4.6000,4.4500,4.5500,4.5000,443238,2017195.6100,3,0.640325,1,1.111115,49.173539,14.043177,0.000000,1.321161,0
1997-10-13,sz.000532,4.5100,4.6100,4.5000,4.5100,4.5500,344465,1567974.5600,3,0.497633,1,-0.879120,48.741245,13.919720,0.000000,1.309547,0
1997-10-14,sz.000532,4.5000,4.5200,4.4000,4.5100,4.5100,313135,1392977.2500,3,0.452372,1,0.000000,48.741245,13.919720,0.000000,1.309547,0
1997-10-15,sz.000532,4.5500,4.6400,4.5100,4.6000,4.5100,579140,2660289.5000,3,0.836657,1,1.995558,49.713908,14.197498,0.000000,1.335680,0
1997-10-16,sz.000532,4.3600,4.6900,4.3600,4.6100,4.6000,563095,2584435.4800,3,0.813477,1,0.217396,49.821982,14.228362,0.000000,1.338583,0
1997-10-17,sz.000532,4.6000,4.6900,4.5200,4.6200,4.6100,926235,4266540.4000,3,1.338089,1,0.216914,49.930055,14.259226,0.000000,1.341487,0
1997-10-20,sz.000532,4.6300,4.7500,4.6300,4.7500,4.6200,939737,4416216.9300,3,1.357595,1,2.813855,51.335014,14.660459,0.000000,1.379234,0
1997-10-21,sz.000532,4.7800,4.8600,4.6800,4.8000,4.7500,1021794,4882986.6700,3,1.476139,1,1.052636,51.875382,14.814780,0.000000,1.393753,0
1997-10-22,sz.000532,4.8100,4.8500,4.5600,4.5900,4.8000,1071550,4986834.5800,3,1.548019,1,-4.375000,49.605834,14.166633,0.000000,1.332776,0
1997-10-23,sz.000532,4.6000,4.6800,4.5500,4.6300,4.5900,829634,3829229.0600,3,1.198534,1,0.871459,50.038129,14.290090,0.000000,1.344391,0
1997-10-24,sz.000532,4.7000,4.7300,4.6000,4.7200,4.6300,998914,4652841.9400,3,1.443085,1,1.943838,51.010793,14.567867,0.000000,1.370523,0
1997-10-27,sz.000532,4.8000,4.9500,4.7600,4.9000,4.7200,2337330,11402068.4500,3,3.376633,1,3.813566,52.956119,15.123421,0.000000,1.422789,0
1997-10-28,sz.000532,4.8000,4.9000,4.5500,4.5900,4.9000,1254207,5868321.5600,3,1.811895,1,-6.326530,49.605834,14.166633,0.000000,1.332776,0
1997-10-29,sz.000532,4.5500,4.9800,4.4800,4.9000,4.5900,1788570,8556193.1600,3,2.583864,1,6.753811,52.956119,15.123421,0.000000,1.422789,0
1997-10-30,sz.000532,4.9000,5.3000,4.8000,4.8300,4.9000,4644949,23553742.3300,3,6.710343,1,-1.428575,52.199603,14.907372,0.000000,1.402464,0
1997-10-31,sz.000532,4.7600,4.8000,4.6500,4.7900,4.8300,1100300,5193073.0500,3,1.589553,1,-0.828156,51.767309,14.783916,0.000000,1.390849,0
1997-11-03,sz.000532,4.8300,4.9300,4.6600,4.7500,4.7900,644840,3095337.5000,3,0.931571,1,-0.835072,51.335014,14.660459,0.000000,1.379234,0
1997-11-04,sz.000532,4.7000,4.8000,4.6800,4.7400,4.7500,682524,3223675.7200,3,0.986011,1,-0.210531,51.226940,14.629595,0.000000,1.376331,0
1997-11-05,sz.000532,4.7400,4.8000,4.6900,4.7200,4.7400,884357,4176258.6000,3,1.277590,1,-0.421940,51.010793,14.567867,0.000000,1.370523,0
1997-11-06,sz.000532,4.7200,4.8000,4.6100,4.6200,4.7200,990105,4623213.5000,3,1.430359,1,-2.118642,49.930055,14.259226,0.000000,1.341487,0
1997-11-07,sz.000532,4.6200,4.7500,4.6200,4.7300,4.6200,562830,2629352.3200,3,0.813094,1,2.380955,51.118866,14.598731,0.000000,1.373427,0
1997-11-10,sz.000532,4.7500,4.7700,4.6300,4.7000,4.7300,926500,4347453.8500,3,1.338472,1,-0.634254,50.794645,14.506139,0.000000,1.364716,0
1997-11-11,sz.000532,4.7100,4.8300,4.6500,4.8100,4.7000,856615,4049897.7100,3,1.237512,1,2.340429,51.983456,14.845644,0.000000,1.396656,0
1997-11-12,sz.000532,4.7800,4.8100,4.6000,4.6100,4.8100,528650,2494597.8000,3,0.763716,1,-4.158000,49.821982,14.228362,0.000000,1.338583,0
1997-11-13,sz.000532,4.6000,4.6500,4.5000,4.6400,4.6100,525189,2400584.4900,3,0.758716,1,0.650753,50.146203,14.320954,0.000000,1.347294,0
1997-11-14,sz.000532,4.6500,4.7000,4.6000,4.6600,4.6400,571170,2661206.2600,3,0.825143,1,0.431034,50.362350,14.382682,0.000000,1.353101,0
1997-11-17,sz.000532,4.7000,4.7500,4.5600,4.5700,4.6600,241500,1115073.1500,3,0.348884,1,-1.931324,49.389687,14.104905,0.000000,1.326969,0
1997-11-18,sz.000532,4.5700,4.5700,4.4800,4.5000,4.5700,469900,2120268.9500,3,0.678843,1,-1.531732,48.633171,13.888856,0.000000,1.306643,0
1997-11-19,sz.000532,4.5000,4.5100,4.3800,4.4400,4.5000,322525,1431298.7500,3,0.465937,1,-1.333332,47.984729,13.703672,0.000000,1.289221,0
1997-11-20,sz.000532,4.4500,4.4900,4.3900,4.4000,4.4400,411556,1818147.9400,3,0.594556,1,-0.900900,47.552434,13.580215,0.000000,1.277607,0
1997-11-21,sz.000532,4.3700,4.3900,4.3000,4.3100,4.4000,450813,1953780.9000,3,0.651269,1,-2.045458,46.579770,13.302438,0.000000,1.251474,0
1997-11-24,sz.000532,4.3100,4.3900,4.3000,4.3100,4.3100,439827,1909916.1200,3,0.635398,1,0.000000,46.579770,13.302438,0.000000,1.251474,0
1997-11-25,sz.000532,4.3000,4.4000,4.2800,4.3900,4.3100,390374,1694930.9000,3,0.563955,1,1.856147,47.444360,13.549351,0.000000,1.274703,0
1997-11-26,sz.000532,4.4000,4.4200,4.3300,4.4100,4.3900,286781,1255726.1400,3,0.414299,1,0.455580,47.660507,13.611079,0.000000,1.280510,0
1997-11-27,sz.000532,4.3600,4.3900,4.2800,4.2900,4.4100,327213,1415472.0700,3,0.472709,1,-2.721086,46.363623,13.240710,0.000000,1.245666,0
1997-11-28,sz.000532,4.2000,4.3400,4.2000,4.3200,4.2900,240062,1024212.6800,3,0.346806,1,0.699306,46.687844,13.333302,0.000000,1.254377,0
1997-12-01,sz.000532,4.3800,4.3800,4.2800,4.3100,4.3200,247150,1065439.5000,3,0.357046,1,-0.231487,46.579770,13.302438,0.000000,1.251474,0
1997-12-02,sz.000532,4.3000,4.3500,4.2800,4.2900,4.3100,160000,688742.9500,3,0.231145,1,-0.464037,46.363623,13.240710,0.000000,1.245666,0
1997-12-03,sz.000532,4.2900,4.2900,4.2100,4.2200,4.2900,177300,749934.0000,3,0.256137,1,-1.631706,45.607107,13.024661,0.000000,1.225341,0
1997-12-04,sz.000532,4.2000,4.2500,4.1700,4.2200,4.2200,367300,1543588.0000,3,0.530621,1,0.000000,45.607107,13.024661,0.000000,1.225341,0
1997-12-05,sz.000532,4.2200,4.2600,4.2000,4.2400,4.2200,296912,1255099.8400,3,0.428935,1,0.473933,45.823254,13.086389,0.000000,1.231148,0
1997-12-08,sz.000532,4.1800,4.2500,4.1500,4.1900,4.2400,419400,1765122.0000,3,0.605888,1,-1.179239,45.282886,12.932068,0.000000,1.216630,0
1997-12-09,sz.000532,4.1900,4.3000,4.1900,4.3000,4.1900,262286,1111994.5300,3,0.378912,1,2.625301,46.471697,13.271574,0.000000,1.248570,0
1997-12-10,sz.000532,4.3200,4.3500,4.2500,4.3000,4.3000,275800,1185053.3800,3,0.398436,1,0.000000,46.471697,13.271574,0.000000,1.248570,0
1997-12-11,sz.000532,4.3000,4.3000,4.2000,4.2100,4.3000,244000,1032415.0000,3,0.352496,1,-2.093027,45.499033,12.993797,0.000000,1.222437,0
1997-12-12,sz.000532,4.2500,4.2500,4.2000,4.2300,4.2100,323360,1364014.4000,3,0.467143,1,0.475059,45.715181,13.055525,0.000000,1.228244,0
1997-12-15,sz.000532,4.2000,4.2800,4.1800,4.2700,4.2300,335900,1422402.0000,3,0.485259,1,0.945626,46.147475,13.178981,0.000000,1.239859,0
1997-12-16,sz.000532,4.2800,4.2900,4.2000,4.2400,4.2700,280959,1189045.9800,3,0.405888,1,-0.702581,45.823254,13.086389,0.000000,1.231148,0
1997-12-17,sz.000532,4.2000,4.2200,4.1300,4.1400,4.2400,408099,1703088.8600,3,0.589562,1,-2.358488,44.742517,12.777748,0.000000,1.202112,0
1997-12-18,sz.000532,4.1300,4.1900,4.0800,4.1100,4.1400,245300,1009553.0000,3,0.354374,1,-0.724631,44.418296,12.685155,0.000000,1.193401,0
1997-12-19,sz.000532,4.1000,4.3200,4.0800,4.2600,4.1100,655491,2755669.3900,3,0.946958,1,3.649637,46.039402,13.148117,0.000000,1.236955,0
1997-12-22,sz.000532,4.2000,4.3500,4.1000,4.2300,4.2600,742279,3176520.1700,3,1.072336,1,-0.704230,45.715181,13.055525,0.000000,1.228244,0
1997-12-23,sz.000532,4.2200,4.3300,4.1600,4.3100,4.2300,425491,1815509.3700,3,0.614687,1,1.891251,46.579770,13.302438,0.000000,1.251474,0
1997-12-24,sz.000532,4.3200,4.3300,4.2000,4.2800,4.3100,329445,1404301.7900,3,0.475934,1,-0.696049,46.255549,13.209846,0.000000,1.242763,0
1997-12-25,sz.000532,4.2200,4.3200,4.1500,4.2500,4.2800,543328,2286975.6300,3,0.784921,1,-0.700939,45.931328,13.117253,0.000000,1.234052,0
1997-12-26,sz.000532,4.2800,4.4400,4.2000,4.4100,4.2500,910721,3978744.7600,3,1.315677,1,3.764702,47.660507,13.611079,0.000000,1.280510,0
1997-12-29,sz.000532,4.3900,4.5500,4.3900,4.4500,4.4100,1035554,4632658.0800,3,1.496017,1,0.907029,48.092802,13.734536,0.000000,1.292125,0
1997-12-30,sz.000532,4.4600,4.6000,4.3800,4.6000,4.4500,1358575,6156128.7600,3,1.962670,1,3.370789,49.713908,14.197498,0.000000,1.335680,0
1997-12-31,sz.000532,4.5900,4.7200,4.4600,4.5200,4.6000,909163,4176807.7400,3,1.313426,1,-1.739129,48.849318,13.950585,0.000000,1.312450,0
1998-01-05,sz.000532,4.5000,4.5500,4.3800,4.4100,4.5200,670936,2967608.4400,3,0.969270,1,-2.433631,47.660507,13.611079,0.000000,1.280510,0
1998-01-06,sz.000532,4.4100,4.5800,4.4000,4.5300,4.4100,691932,3125260.7800,3,0.999602,1,2.721097,48.957392,13.981449,0.000000,1.315354,0
1998-01-07,sz.000532,4.4800,4.6400,4.4300,4.5700,4.5300,829043,3790554.3000,3,1.197680,1,0.883001,49.389687,14.104905,0.000000,1.326969,0
1998-01-08,sz.000532,4.6000,4.9500,4.5000,4.7500,4.5700,2098957,9952710.1700,3,3.032266,1,3.938727,51.335014,14.660459,0.000000,1.379234,0
1998-01-09,sz.000532,4.7300,4.7900,4.5500,4.6400,4.7500,836240,3882463.2600,3,1.208077,1,-2.315792,50.146203,14.320954,0.000000,1.347294,0
1998-01-12,sz.000532,4.6600,4.8000,4.6000,4.6100,4.6400,823840,3848901.0500,3,1.190164,1,-0.646546,49.821982,14.228362,0.000000,1.338583,0
1998-01-13,sz.000532,4.5600,4.5800,4.1600,4.3300,4.6100,1553747,6652506.0400,3,2.244626,1,-6.073757,46.795918,13.364166,0.000000,1.257281,0
1998-01-14,sz.000532,4.2500,4.7500,4.2500,4.6900,4.3300,1708154,7814316.7900,3,2.467691,1,8.314091,50.686571,14.475275,0.000000,1.361812,0
1998-01-15,sz.000532,4.8000,4.9500,4.6700,4.8000,4.6900,2050624,9821304.8700,3,2.962442,1,2.345418,51.875382,14.814780,0.000000,1.393753,0
1998-01-16,sz.000532,4.8000,4.9500,4.6000,4.6300,4.8000,1663704,8014732.3300,3,2.403476,1,-3.541668,50.038129,14.290090,0.000000,1.344391,0
1998-01-19,sz.000532,4.6500,4.8000,4.5900,4.7100,4.6300,686286,3219427.9200,3,0.991446,1,1.727860,50.902719,14.537003,0.000000,1.367620,0
1998-01-20,sz.000532,4.7000,4.7800,4.5800,4.6000,4.7100,552974,2587563.7500,3,0.798856,1,-2.335459,49.713908,14.197498,0.000000,1.335680,0
1998-01-21,sz.000532,4.6000,4.6400,4.5100,4.5200,4.6000,411320,1875180.4500,3,0.594215,1,-1.739129,48.849318,13.950585,0.000000,1.312450,0
1998-01-22,sz.000532,4.4900,4.5700,4.4700,4.5400,4.5200,535850,2417781.5000,3,0.774118,1,0.442478,49.065466,14.012313,0.000000,1.318258,0
1998-01-23,sz.000532,4.6000,4.6200,4.5400,4.5800,4.5400,349334,1595624.3800,3,0.504667,1,0.881056,49.497761,14.135769,0.000000,1.329872,0
1998-02-09,sz.000532,4.7000,4.9200,4.6300,4.8300,4.5800,1270269,6133979.9600,3,1.835099,1,5.458516,52.199603,14.907372,0.000000,1.402464,0
1998-02-10,sz.000532,4.8800,5.2000,4.7600,5.0700,4.8300,3506604,17539632.9900,3,5.065829,1,4.968949,54.793372,15.648111,0.000000,1.472151,0
1998-02-11,sz.000532,5.0700,5.1300,4.9600,4.9800,5.0700,1809585,9115959.6800,3,2.614224,1,-1.775151,53.820709,15.370334,0.000000,1.446018,0
1998-02-12,sz.000532,4.9800,5.0700,4.9800,5.0100,4.9800,1295056,6491575.3500,3,1.870908,1,0.602414,54.144930,15.462927,0.000000,1.454729,0
1998-02-13,sz.000532,5.0200,5.1400,4.9800,5.0000,5.0100,1183400,5990095.4300,3,1.709603,1,-0.199605,54.036856,15.432063,0.000000,1.451826,0
1998-02-16,sz.000532,4.9000,4.9800,4.8400,4.8800,5.0000,1057235,5176240.7500,3,1.527339,1,-2.399998,52.739972,15.061693,0.000000,1.416982,0
1998-02-17,sz.000532,4.9500,4.9500,4.8800,4.9500,4.8800,624450,3070539.0000,3,0.902114,1,1.434420,53.496488,15.277742,0.000000,1.437307,0
1998-02-18,sz.000532,4.9500,5.0500,4.9500,5.0400,4.9500,942599,4718178.4900,3,1.361729,1,1.818185,54.469151,15.555519,0.000000,1.463440,0
1998-02-19,sz.000532,5.0200,5.0400,4.8800,4.9300,5.0400,726050,3587151.8400,3,1.048891,1,-2.182542,53.280341,15.216014,0.000000,1.431500,0
1998-02-20,sz.000532,4.9400,4.9400,4.7600,4.8100,4.9300,727010,3506618.7000,3,1.050278,1,-2.434075,51.983456,14.845644,0.000000,1.396656,0
1998-02-23,sz.000532,4.7800,4.7800,4.6300,4.7000,4.8100,663892,3117196.5300,3,0.959094,1,-2.286905,50.794645,14.506139,0.000000,1.364716,0
1998-02-24,sz.000532,4.6800,4.8200,4.6800,4.7700,4.7000,304313,1450830.9400,3,0.439627,1,1.489365,51.551161,14.722188,0.000000,1.385042,0
1998-02-25,sz.000532,4.7100,4.7700,4.6100,4.6500,4.7700,412000,1939346.0800,3,0.595197,1,-2.515721,50.254277,14.351818,0.000000,1.350198,0
1998-02-26,sz.000532,4.6400,4.7800,4.6000,4.7600,4.6500,424885,1976228.9500,3,0.613812,1,2.365594,51.443087,14.691324,0.000000,1.382138,0
1998-02-27,sz.000532,4.7500,4.7800,4.6200,4.6700,4.7600,268700,1264210.6000,3,0.388178,1,-1.890759,50.470424,14.413546,0.000000,1.356005,0
1998-03-02,sz.000532,4.6700,4.7300,4.6000,4.6300,4.6700,532780,2476667.8400,3,0.769683,1,-0.856530,50.038129,14.290090,0.000000,1.344391,0
1998-03-03,sz.000532,4.6300,4.7300,4.6300,4.7300,4.6300,323292,1509875.3000,3,0.467045,1,2.159825,51.118866,14.598731,0.000000,1.373427,0
1998-03-04,sz.000532,4.7800,4.9200,4.7300,4.8000,4.7300,472695,2284223.8700,3,0.682881,1,1.479919,51.875382,14.814780,0.000000,1.393753,0
1998-03-05,sz.000532,4.8000,4.8500,4.6800,4.6800,4.8000,274200,1295322.8000,3,0.396124,1,-2.500007,50.578498,14.444411,0.000000,1.358909,0
1998-03-06,sz.000532,4.6800,4.7300,4.6300,4.6700,4.6800,202200,945071.3400,3,0.292109,1,-0.213670,50.470424,14.413546,0.000000,1.356005,0
1998-03-09,sz.000532,4.7100,4.7500,4.6400,4.6400,4.6700,242500,1131226.5400,3,0.350329,1,-0.642403,50.146203,14.320954,0.000000,1.347294,0
1998-03-10,sz.000532,4.6000,4.6700,4.6000,4.6500,4.6400,261305,1207987.1000,3,0.377495,1,0.215522,50.254277,14.351818,0.000000,1.350198,0
1998-03-11,sz.000532,4.7000,4.7000,4.5300,4.5400,4.6500,321100,1478806.0000,3,0.463878,1,-2.365594,49.065466,14.012313,0.000000,1.318258,0
1998-03-12,sz.000532,4.6000,4.6000,4.4800,4.5100,4.5400,291508,1314353.9200,3,0.421128,1,-0.660787,48.741245,13.919720,0.000000,1.309547,0
1998-03-13,sz.000532,4.5000,4.5600,4.4900,4.5200,4.5100,259435,1170765.3900,3,0.374794,1,0.221724,48.849318,13.950585,0.000000,1.312450,0
1998-03-16,sz.000532,4.5800,4.5900,4.5100,4.5700,4.5200,189250,861449.5000,3,0.273401,1,1.106199,49.389687,14.104905,0.000000,1.326969,0
1998-03-17,sz.000532,4.6000,4.6100,4.5600,4.6000,4.5700,245090,1124814.0000,3,0.354070,1,0.656449,49.713908,14.197498,0.000000,1.335680,0
1998-03-18,sz.000532,4.6100,4.6100,4.5300,4.5600,4.6000,231840,1058000.2000,3,0.334929,1,-0.869564,49.281613,14.074041,0.000000,1.324065,0
1998-03-19,sz.000532,4.5900,4.6000,4.5200,4.5500,4.5600,199100,906227.4000,3,0.287631,1,-0.219293,49.173539,14.043177,0.000000,1.321161,0
1998-03-20,sz.000532,4.5900,4.6000,4.5000,4.5000,4.5500,247400,1122752.4000,3,0.357407,1,-1.098905,48.633171,13.888856,0.000000,1.306643,0
1998-03-23,sz.000532,4.5000,4.5000,4.4000,4.4200,4.5000,466314,2064179.1200,3,0.673662,1,-1.777776,47.768581,13.641943,0.000000,1.283414,0
1998-03-24,sz.000532,4.4200,4.5700,4.4000,4.5500,4.4200,365698,1632995.0300,3,0.528307,1,2.941179,49.173539,14.043177,0.000000,1.321161,0
1998-03-25,sz.000532,4.6000,4.6200,4.4200,4.5000,4.5500,228190,1029963.7000,3,0.329656,1,-1.098905,48.633171,13.888856,0.000000,1.306643,0
1998-03-26,sz.000532,4.4500,4.5500,4.4500,4.5300,4.5000,333478,1500653.7600,3,0.481760,1,0.666671,48.957392,13.981449,0.000000,1.315354,0
1998-03-27,sz.000532,4.4800,4.6800,4.4700,4.6400,4.5300,495404,2284989.4200,3,0.715687,1,2.428248,50.146203,14.320954,0.000000,1.347294,0
1998-03-30,sz.000532,4.6500,4.7900,4.6400,4.7500,4.6400,729638,3445226.5100,3,1.054074,1,2.370692,51.335014,14.660459,0.000000,1.379234,0
1998-03-31,sz.000532,4.7500,4.7600,4.6300,4.6600,4.7500,485120,2267894.0000,3,0.700830,1,-1.894740,50.362350,14.382682,0.000000,1.353101,0
1998-04-01,sz.000532,4.6300,4.7000,4.6000,4.6500,4.6600,450715,2089245.9500,3,0.651127,1,-0.214587,50.254277,14.351818,0.000000,1.350198,0
1998-04-02,sz.000532,4.6600,4.9000,4.6600,4.8000,4.6500,1457918,7037151.6400,3,2.106187,1,3.225809,51.875382,14.814780,0.000000,1.393753,0
1998-04-03,sz.000532,4.8500,4.9300,4.7500,4.9100,4.8000,1239924,6009366.8600,3,1.791261,1,2.291659,53.064193,15.154285,0.000000,1.425693,0
1998-04-06,sz.000532,4.9500,5.1000,4.9200,5.0200,4.9100,2041031,10258322.3800,3,2.948583,1,2.240329,54.253004,15.493791,0.000000,1.457633,0
1998-04-07,sz.000532,5.0900,5.0900,4.8900,4.9300,5.0200,975720,4827879.2600,3,1.409578,1,-1.792832,53.280341,15.216014,0.000000,1.431500,0
1998-04-08,sz.000532,4.9000,5.0900,4.8900,5.0800,4.9300,1769868,8823588.9300,3,2.556846,1,3.042598,54.901446,15.678976,0.000000,1.475055,0
1998-04-09,sz.000532,5.0600,5.0800,4.8900,4.9000,5.0800,1536300,7629651.8100,3,2.219422,1,-3.543304,52.956119,15.123421,0.000000,1.422789,0
1998-04-10,sz.000532,4.9100,4.9100,4.7900,4.8200,4.9000,865940,4176847.4600,3,1.250983,1,-1.632651,52.091530,14.876508,0.000000,1.399560,0
1998-04-13,sz.000532,4.8500,4.9700,4.7500,4.8900,4.8200,1010653,4910901.3900,3,1.460044,1,1.452276,52.848046,15.092557,0.000000,1.419885,0
1998-04-14,sz.000532,4.8900,4.9200,4.8000,4.9000,4.8900,557505,2705197.3500,3,0.805402,1,0.204504,52.956119,15.123421,0.000000,1.422789,0
1998-04-15,sz.000532,5.1500,5.1500,4.9500,4.9900,4.9000,1342941,6732872.6100,3,1.940085,1,1.836728,168.131710,5.117469,0.000000,1.438860,0
1998-04-16,sz.000532,5.0000,5.0500,4.8500,4.9400,4.9900,1404996,6948781.8100,3,2.029733,1,-1.001998,166.447024,5.066192,0.000000,1.424442,0
1998-04-17,sz.000532,4.9400,5.4300,4.8200,5.4200,4.9400,4548944,23312972.3600,3,6.571649,1,9.716599,182.620014,5.558453,0.000000,1.562850,0
1998-04-20,sz.000532,5.3000,5.5500,5.2000,5.4000,5.4200,5425748,29136776.5800,3,7.838327,1,-0.369003,181.946140,5.537942,0.000000,1.557083,0
1998-04-21,sz.000532,5.4000,5.4800,5.2500,5.3700,5.4000,1954120,10502563.9500,3,2.823027,1,-0.555559,180.935328,5.507176,0.000000,1.548432,0
1998-04-22,sz.000532,5.4500,5.6300,5.4000,5.4700,5.3700,2916628,16076140.5500,3,4.213518,1,1.862196,184.304701,5.609730,0.000000,1.577267,0
1998-04-23,sz.000532,5.4000,5.5000,5.2000,5.2800,5.4700,1814860,9679546.6000,3,2.621844,1,-3.473484,177.902892,5.414877,0.000000,1.522481,0
1998-04-24,sz.000532,5.2500,5.3500,5.0600,5.0600,5.2800,1590583,8275536.0900,3,2.297842,1,-4.166672,170.490271,5.189257,0.000000,1.459044,0
1998-04-27,sz.000532,5.0000,5.2000,4.8800,5.0700,5.0600,1212866,6138954.5700,3,1.752171,1,0.197633,170.827209,5.199512,0.000000,1.461928,0
1998-04-28,sz.000532,5.0800,5.3100,5.0800,5.2500,5.0700,1554224,8080773.4100,3,2.245316,1,3.550292,176.892080,5.384111,0.000000,1.513831,0
1998-04-29,sz.000532,5.2500,5.2800,5.1400,5.1900,5.2500,1316656,6828766.0600,3,1.902112,1,-1.142856,174.870456,5.322578,0.000000,1.496530,0
1998-04-30,sz.000532,5.2000,5.4600,5.1700,5.4100,5.1900,2429039,13051940.5400,3,3.509120,1,4.238917,182.283077,5.548198,0.000000,1.559966,0
1998-05-04,sz.000532,5.4800,5.5000,5.1800,5.2500,5.4100,1413200,7498652.0900,3,2.041585,1,-2.957483,176.892080,5.384111,0.000000,1.513831,0
1998-05-05,sz.000532,5.2500,5.4000,5.2000,5.2800,5.2500,996072,5244303.4400,3,1.438979,1,0.571433,177.902892,5.414877,0.000000,1.522481,0
1998-05-06,sz.000532,5.3500,5.4500,5.2800,5.4500,5.2800,1758234,9450449.3800,3,2.540039,1,3.219689,183.630826,5.589219,0.000000,1.571500,0
1998-05-07,sz.000532,5.4600,5.8500,5.4600,5.5400,5.4500,6005712,34268321.0500,3,8.676174,1,1.651379,186.663262,5.681519,0.000000,1.597452,0
1998-05-08,sz.000532,5.5400,6.0900,5.4600,6.0000,5.5400,9397523,56017614.7500,3,13.576167,1,8.303249,202.162377,6.153269,0.000000,1.730092,0
1998-05-11,sz.000532,6.0500,6.4500,5.8800,5.9700,6.0000,6353316,39058325.8200,3,9.178342,1,-0.500004,201.151565,6.122503,0.000000,1.721442,0
1998-05-12,sz.000532,5.9700,6.1800,5.7000,5.9400,5.9700,2215603,13111816.0100,3,3.200779,1,-0.502508,200.140753,6.091736,0.000000,1.712791,0
1998-05-13,sz.000532,5.9000,6.1500,5.9000,5.9800,5.9400,1915485,11500163.6800,3,2.767213,1,0.673400,201.488503,6.132758,0.000000,1.724325,0
1998-05-14,sz.000532,6.0000,6.1000,5.7000,5.7500,5.9800,2530357,14669615.9400,3,3.655490,1,-3.846154,193.738945,5.896883,0.000000,1.658005,0
1998-05-15,sz.000532,5.7500,5.7500,5.7500,5.7500,5.7500,0,0.0000,3,,1,0.000000,193.738945,5.896883,0.000000,1.658005,0
1998-05-18,sz.000532,5.7500,5.7500,5.4800,5.6000,5.7500,1243482,6945095.3100,3,1.796401,1,-2.608697,188.684885,5.743051,0.000000,1.614753,0
1998-05-19,sz.000532,5.6100,5.6900,5.5000,5.6200,5.6000,798534,4463590.1100,3,1.153605,1,0.357142,189.358760,5.763562,0.000000,1.620520,0
1998-05-20,sz.000532,5.7000,6.1800,5.7000,6.1800,5.6200,2562312,15679367.6100,3,3.701654,1,9.964412,208.227249,6.337867,0.000000,1.781995,0
1998-05-21,sz.000532,6.5000,6.5700,6.2000,6.3000,6.1800,9691354,61640623.8100,3,14.000651,1,1.941754,212.270496,6.460933,0.000000,1.816597,0
1998-05-22,sz.000532,6.3300,6.3600,6.1000,6.1700,6.3000,3074874,19083502.3500,3,4.442128,1,-2.063494,207.890311,6.327612,0.000000,1.779111,0
1998-05-25,sz.000532,6.1700,6.3400,6.0100,6.2600,6.1700,2768647,17189862.7500,3,3.999736,1,1.458673,210.922747,6.419911,0.000000,1.805063,0
1998-05-26,sz.000532,6.2800,6.5000,6.1600,6.4700,6.2600,3213889,20310547.5100,3,4.642957,1,3.354625,217.998430,6.635275,0.000000,1.865616,0
1998-05-27,sz.000532,6.5100,6.5500,6.3000,6.4100,6.4700,2261161,14465567.4000,3,3.266595,1,-0.927356,215.976806,6.573743,0.000000,1.848315,0
1998-05-28,sz.000532,6.3400,6.3900,6.1300,6.1800,6.4100,1628265,10112217.4500,3,2.352279,1,-3.588144,208.227249,6.337867,0.000000,1.781995,0
1998-05-29,sz.000532,6.2500,6.3000,6.1500,6.2000,6.1800,1356910,8418414.9000,3,1.960265,1,0.323624,208.901123,6.358378,0.000000,1.787762,0
1998-06-01,sz.000532,6.2000,6.4800,6.1800,6.2900,6.2000,1859576,11713940.8500,3,2.686443,1,1.451615,211.933559,6.450677,0.000000,1.813713,0
1998-06-02,sz.000532,6.2500,6.3300,6.0800,6.2800,6.2900,1644964,10174649.0000,3,2.376403,1,-0.158979,211.596622,6.440422,0.000000,1.810830,0
1998-06-03,sz.000532,6.2700,6.7000,6.2400,6.6000,6.2800,4325032,28006488.4700,3,6.248174,1,5.095536,222.378615,6.768596,0.000000,1.903101,0
1998-06-04,sz.000532,6.5500,6.7800,6.3500,6.7500,6.6000,3638349,23874113.6500,3,5.256155,1,2.272729,227.432674,6.922428,0.000000,1.946354,0
1998-06-05,sz.000532,6.6000,6.7800,6.3800,6.4700,6.7500,2772884,18199876.4200,3,4.005857,1,-4.148151,217.998430,6.635275,0.000000,1.865616,0
1998-06-08,sz.000532,6.4200,6.5900,6.2300,6.2500,6.4700,1616815,10301530.2000,3,2.335738,1,-3.400306,210.585810,6.409655,0.000000,1.802179,0
1998-06-09,sz.000532,6.1800,6.1800,5.6300,5.7800,6.2500,2008257,11852698.1800,3,2.901236,1,-7.519997,194.749757,5.927649,0.000000,1.666655,0
1998-06-10,sz.000532,5.7000,5.9600,5.6000,5.8200,5.7800,1074099,6184718.1100,3,1.551701,1,0.692041,196.097506,5.968671,0.000000,1.678189,0
1998-06-11,sz.000532,5.9000,5.9000,5.6200,5.6600,5.8200,654497,3736509.3000,3,0.945522,1,-2.749146,190.706509,5.804584,0.000000,1.632053,0
1998-06-12,sz.000532,5.8100,5.9900,5.8000,5.9400,5.6600,1220681,7201588.8300,3,1.763461,1,4.947001,200.140753,6.091736,0.000000,1.712791,0
1998-06-15,sz.000532,5.9400,5.9400,5.6400,5.6900,5.9400,881543,5042476.1100,3,1.273524,1,-4.208754,191.717321,5.835350,0.000000,1.640704,0
1998-06-16,sz.000532,5.6700,5.6800,5.4200,5.6600,5.6900,863256,4778329.0200,3,1.247106,1,-0.527244,190.706509,5.804584,0.000000,1.632053,0
1998-06-17,sz.000532,5.6000,5.7900,5.6000,5.6500,5.6600,504651,2876040.2900,3,0.729046,1,-0.176674,190.369572,5.794328,0.000000,1.629170,0
1998-06-18,sz.000532,5.6300,5.9000,5.6300,5.9000,5.6500,2058100,11965436.6500,3,2.973242,1,4.424779,198.793004,6.050715,0.000000,1.701257,0
1998-06-19,sz.000532,5.9300,6.1900,5.8500,6.0800,5.9000,3080629,18639418.5300,3,4.450442,1,3.050845,204.857876,6.235313,0.000000,1.753160,0
1998-06-22,sz.000532,6.0800,6.1500,5.9500,6.0600,6.0800,1262900,7639491.0000,3,1.824453,1,-0.328947,204.184001,6.214802,0.000000,1.747393,0
1998-06-23,sz.000532,6.0200,6.0500,5.8600,5.9500,6.0600,870101,5161499.6700,3,1.256995,1,-1.815184,200.477691,6.101992,0.000000,1.715675,0
1998-06-24,sz.000532,5.9500,6.0500,5.8400,5.9800,5.9500,566935,3354710.4200,3,0.819025,1,0.504205,201.488503,6.132758,0.000000,1.724325,0
1998-06-25,sz.000532,6.0500,6.0600,5.7100,5.7300,5.9800,489800,2857582.0000,3,0.707591,1,-4.180602,193.065070,5.876372,0.000000,1.652238,0
1998-06-26,sz.000532,5.6000,5.8600,5.6000,5.7800,5.7300,499796,2881606.1000,3,0.722032,1,0.872604,194.749757,5.927649,0.000000,1.666655,0
1998-06-29,sz.000532,5.7800,5.7800,5.5900,5.6000,5.7800,501920,2830313.4000,3,0.725101,1,-3.114192,188.684885,5.743051,0.000000,1.614753,0
1998-06-30,sz.000532,5.6500,5.7800,5.5900,5.6800,5.6000,428974,2416128.7200,3,0.619719,1,1.428570,191.380384,5.825095,0.000000,1.637820,0
1998-07-01,sz.000532,5.8000,5.9500,5.6800,5.7000,5.6800,825750,4808474.6000,3,1.192923,1,0.352112,192.054258,5.845606,0.000000,1.643587,0
1998-07-02,sz.000532,5.7200,5.8000,5.5100,5.7300,5.7000,460114,2580487.4200,3,0.664705,1,0.526320,193.065070,5.876372,0.000000,1.652238,0
1998-07-03,sz.000532,5.8000,5.8000,5.6000,5.6400,5.7300,372840,2116507.0000,3,0.538625,1,-1.570683,190.032635,5.784073,0.000000,1.626287,0
1998-07-06,sz.000532,5.6000,5.7000,5.6000,5.6200,5.6400,276960,1562987.1000,3,0.400111,1,-0.354610,189.358760,5.763562,0.000000,1.620520,0
1998-07-07,sz.000532,5.6000,5.7000,5.5800,5.7000,5.6200,204410,1151886.3000,3,0.295302,1,1.423486,192.054258,5.845606,0.000000,1.643587,0
1998-07-08,sz.000532,5.7000,5.7700,5.6500,5.6900,5.7000,257875,1475120.3500,3,0.372540,1,-0.175434,191.717321,5.835350,0.000000,1.640704,0
1998-07-09,sz.000532,5.6000,5.7000,5.6000,5.6100,5.6900,386380,2171375.4200,3,0.558185,1,-1.405974,189.021823,5.753307,0.000000,1.617636,0
1998-07-10,sz.000532,5.6100,5.7800,5.6000,5.7200,5.6100,380682,2157153.5800,3,0.549954,1,1.960778,192.728133,5.866117,0.000000,1.649354,0
1998-07-13,sz.000532,5.7000,5.7200,5.5900,5.6500,5.7200,509768,2870516.9000,3,0.736438,1,-1.223771,190.369572,5.794328,0.000000,1.629170,0
1998-07-14,sz.000532,5.6800,5.8800,5.6500,5.6600,5.6500,814650,4711344.0000,3,1.176887,1,0.176987,190.706509,5.804584,0.000000,1.632053,0
1998-07-15,sz.000532,5.6000,5.7000,5.6000,5.6300,5.6600,309040,1739755.4000,3,0.446456,1,-0.530031,189.695697,5.773818,0.000000,1.623403,0
1998-07-16,sz.000532,5.6300,5.6900,5.6000,5.6100,5.6300,411540,2314063.4000,3,0.594533,1,-0.355239,189.021823,5.753307,0.000000,1.617636,0
1998-07-17,sz.000532,5.6000,5.9400,5.6000,5.8000,5.6100,1211625,7039416.7000,3,1.750379,1,3.386810,195.423631,5.948160,0.000000,1.672422,0
1998-07-20,sz.000532,5.8200,6.1000,5.7800,6.0400,5.8000,2872141,17287332.6200,3,4.149249,1,4.137927,203.510126,6.194291,0.000000,1.741626,0
1998-07-21,sz.000532,6.0600,6.1000,5.9000,6.0000,6.0400,1256922,7548345.1000,3,1.815817,1,-0.662251,202.162377,6.153269,0.000000,1.730092,0
1998-07-22,sz.000532,6.0000,6.0600,5.8000,5.8600,6.0000,693138,4099061.0400,3,1.001344,1,-2.333331,197.445255,6.009693,0.000000,1.689723,0
1998-07-23,sz.000532,5.8600,6.0300,5.8600,5.9500,5.8600,805027,4794379.6600,3,1.162985,1,1.535831,200.477691,6.101992,0.000000,1.715675,0
1998-07-24,sz.000532,6.0000,6.1500,5.9100,6.0600,5.9500,1204652,7262445.4000,3,1.740305,1,1.848742,204.184001,6.214802,0.000000,1.747393,0
1998-07-27,sz.000532,6.1200,6.1500,5.9800,6.1200,6.0600,907352,5502607.1500,3,1.310809,1,0.990098,206.205625,6.276335,0.000000,1.764694,0
1998-07-28,sz.000532,6.1300,6.1300,6.0000,6.0200,6.1200,667427,4030777.7200,3,0.964201,1,-1.633985,202.836252,6.173780,0.000000,1.735859,0
1998-07-29,sz.000532,6.0200,6.0600,5.8200,5.8400,6.0200,716918,4256883.3100,3,1.035698,1,-2.990030,196.771381,5.989182,0.000000,1.683956,0
1998-07-30,sz.000532,5.8000,5.9400,5.8000,5.8300,5.8400,444373,2592741.2200,3,0.641965,1,-0.171237,196.434443,5.978927,0.000000,1.681073,0
1998-07-31,sz.000532,5.8500,6.1000,5.8100,6.0700,5.8300,925081,5549526.4400,3,1.336422,1,4.116642,204.520938,6.225057,0.000000,1.750276,0
1998-08-03,sz.000532,6.1500,6.3700,6.0700,6.1800,6.0700,3872863,24291554.6500,3,5.594946,1,1.812185,208.227249,6.337867,0.000000,1.781995,0
1998-08-04,sz.000532,6.1800,6.2500,6.0800,6.2200,6.1800,1218958,7528999.4400,3,1.760972,1,0.647249,209.574998,6.378889,0.000000,1.793529,0
1998-08-05,sz.000532,6.2200,6.3800,6.2200,6.3400,6.2200,1833743,11580704.2200,3,2.649124,1,1.929266,213.618245,6.501954,0.000000,1.828131,0
1998-08-06,sz.000532,6.3000,6.3500,6.1800,6.2000,6.3400,1177492,7354188.5200,3,1.701068,1,-2.208207,208.901123,6.358378,0.000000,1.787762,0
1998-08-07,sz.000532,6.2500,6.2500,6.1000,6.1100,6.2000,1197180,7372819.3000,3,1.729511,1,-1.451608,205.868688,6.266079,0.000000,1.761810,0
1998-08-10,sz.000532,6.0800,6.0800,5.8800,5.9100,6.1100,959500,5729677.6600,3,1.386145,1,-3.273327,199.129942,6.060970,0.000000,1.704141,0
1998-08-11,sz.000532,5.8800,5.9900,5.5500,5.5900,5.9100,1230931,7050873.5700,3,1.778269,1,-5.414546,188.347948,5.732796,0.000000,1.611869,0
1998-08-12,sz.000532,5.3500,5.4000,5.1500,5.2800,5.5900,1297776,6809828.3500,3,1.874837,1,-5.545616,363.456394,4.489093,0.000000,1.527499,0
1998-08-13,sz.000532,5.2000,5.4900,5.1500,5.4000,5.2800,1669981,8872912.3700,3,2.412544,1,2.272725,371.716766,4.591118,0.000000,1.562215,0
1998-08-14,sz.000532,5.4000,5.4000,5.1400,5.1500,5.4000,870999,4535433.7200,3,1.258292,1,-4.629630,354.507657,4.378566,0.000000,1.489890,0
1998-08-17,sz.000532,5.0100,5.0300,4.6400,4.6400,5.1500,1102668,5206746.5200,3,1.592973,1,-9.902917,319.401073,3.944961,0.000000,1.342348,0
1998-08-18,sz.000532,4.5000,4.7300,4.3200,4.5000,4.6400,816334,3712748.2200,3,1.179320,1,-3.017239,309.763972,3.825932,0.000000,1.301846,0
1998-08-19,sz.000532,4.4900,4.8300,4.4900,4.7900,4.5000,1121930,5304585.9900,3,1.620800,1,6.444444,329.726539,4.072492,0.000000,1.385742,0
1998-08-20,sz.000532,4.7900,4.9500,4.7000,4.9400,4.7900,913166,4420183.5700,3,1.319209,1,3.131526,340.052005,4.200023,0.000000,1.429137,0
1998-08-21,sz.000532,4.9800,4.9800,4.7500,4.9200,4.9400,1106730,5367821.3400,3,1.598842,1,-0.404858,338.675276,4.183019,0.000000,1.423351,0
1998-08-24,sz.000532,4.9100,5.0900,4.7100,5.0000,4.9200,1205650,5953801.0800,3,1.741747,1,1.626015,344.182191,4.251035,0.000000,1.446495,0
1998-08-25,sz.000532,5.0000,5.0000,4.8500,4.9700,5.0000,487002,2394506.3000,3,0.703549,1,-0.600004,342.117098,4.225529,0.000000,1.437816,0
1998-08-26,sz.000532,5.0000,5.0900,4.9000,4.9600,4.9700,607976,3046232.2800,3,0.878315,1,-0.201202,341.428734,4.217027,0.000000,1.434923,0
1998-08-27,sz.000532,4.8800,4.9800,4.8000,4.8000,4.9600,442800,2154504.9000,3,0.639693,1,-3.225803,330.414903,4.080994,0.000000,1.388635,0
1998-08-28,sz.000532,4.7400,4.8400,4.6000,4.6000,4.8000,627540,2943402.7600,3,0.906578,1,-4.166672,316.647616,3.910952,0.000000,1.330776,0
1998-08-31,sz.000532,4.5200,4.7800,4.3100,4.7700,4.6000,665284,3010848.4000,3,0.961105,1,3.695654,328.349810,4.055488,0.000000,1.379956,0
1998-09-01,sz.000532,4.7500,4.9000,4.6100,4.8000,4.7700,530164,2515495.1900,3,0.765903,1,0.628935,330.414903,4.080994,0.000000,1.388635,0
1998-09-02,sz.000532,4.7300,4.7900,4.6000,4.6500,4.8000,306260,1435334.2000,3,0.442440,1,-3.125002,320.089438,3.953463,0.000000,1.345241,0
1998-09-03,sz.000532,4.5400,4.7100,4.5400,4.6900,4.6500,309700,1442130.0000,3,0.447409,1,0.860214,322.842895,3.987471,0.000000,1.356813,0
1998-09-04,sz.000532,4.7000,4.7800,4.6600,4.7400,4.6900,301600,1429852.6400,3,0.435708,1,1.066092,326.284717,4.029981,0.000000,1.371278,0
1998-09-07,sz.000532,4.7400,4.8500,4.7400,4.8500,4.7400,455056,2186273.2000,3,0.657398,1,2.320678,333.856725,4.123504,0.000000,1.403100,0
1998-09-08,sz.000532,4.7800,4.9400,4.7600,4.7800,4.8500,521800,2540990.8000,3,0.753820,1,-1.443293,329.038175,4.063990,0.000000,1.382849,0
1998-09-09,sz.000532,4.8000,4.8600,4.7100,4.8600,4.7800,578773,2777611.3200,3,0.836127,1,1.673638,334.545090,4.132006,0.000000,1.405993,0
1998-09-10,sz.000532,4.8600,4.9800,4.8000,4.9200,4.8600,946947,4638252.0600,3,1.368011,1,1.234567,338.675276,4.183019,0.000000,1.423351,0
1998-09-11,sz.000532,4.9500,4.9800,4.8200,4.8600,4.9200,693227,3386382.9600,3,1.001473,1,-1.219511,334.545090,4.132006,0.000000,1.405993,0
1998-09-14,sz.000532,4.8200,5.0200,4.8200,4.9900,4.8600,1082619,5344516.1800,3,1.564010,1,2.674890,343.493827,4.242533,0.000000,1.443602,0
1998-09-15,sz.000532,4.9500,5.1700,4.9100,5.0100,4.9900,1221499,6194925.4000,3,1.764643,1,0.400811,344.870555,4.259537,0.000000,1.449388,0
1998-09-16,sz.000532,5.0300,5.1200,4.9000,4.9900,5.0100,924816,4612331.9000,3,1.336039,1,-0.399211,343.493827,4.242533,0.000000,1.443602,0
1998-09-17,sz.000532,5.0100,5.4700,5.0000,5.1200,4.9900,2279906,11942584.1000,3,3.293675,1,2.605213,352.442564,4.353060,0.000000,1.481211,0
1998-09-18,sz.000532,5.0900,5.3500,5.0100,5.0600,5.1200,1764517,9190201.0800,3,2.549116,1,-1.171874,348.312377,4.302048,0.000000,1.463853,0
1998-09-21,sz.000532,5.0600,5.2000,5.0100,5.1800,5.0600,660563,3381826.2300,3,0.954285,1,2.371539,356.572750,4.404072,0.000000,1.498569,0
1998-09-22,sz.000532,5.1800,5.2000,5.0500,5.0900,5.1800,811410,4130272.3100,3,1.172206,1,-1.737446,350.377471,4.327554,0.000000,1.472532,0
1998-09-23,sz.000532,5.1000,5.1400,5.0500,5.1000,5.0900,443619,2258058.3800,3,0.640876,1,0.196459,351.065835,4.336056,0.000000,1.475425,0
1998-09-24,sz.000532,5.0800,5.1000,4.8200,4.8700,5.1000,833300,4118429.0500,3,1.203830,1,-4.509804,335.233454,4.140508,0.000000,1.408886,0
1998-09-25,sz.000532,4.9200,4.9800,4.8400,4.9600,4.8700,470247,2314422.6200,3,0.679344,1,1.848053,341.428734,4.217027,0.000000,1.434923,0
1998-09-28,sz.000532,4.9900,5.0500,4.9100,4.9900,4.9600,450865,2251001.5300,3,0.651344,1,0.604833,343.493827,4.242533,0.000000,1.443602,0
1998-09-29,sz.000532,4.9900,5.0500,4.9100,4.9500,4.9900,415895,2066910.4200,3,0.600824,1,-0.801602,340.740369,4.208525,0.000000,1.432030,0
1998-09-30,sz.000532,5.0000,5.1300,4.9800,5.0300,4.9500,510894,2581768.0500,3,0.738065,1,1.616170,346.247284,4.276541,0.000000,1.455174,0
1998-10-05,sz.000532,5.0300,5.1400,5.0000,5.1400,5.0300,536555,2726907.1500,3,0.775136,1,2.186872,353.819292,4.370064,0.000000,1.486997,0
1998-10-06,sz.000532,5.1400,5.1400,4.9900,5.0000,5.1400,414577,2088660.3400,3,0.598920,1,-2.723733,344.182191,4.251035,0.000000,1.446495,0
1998-10-07,sz.000532,5.0000,5.0500,4.9200,4.9500,5.0000,310900,1548304.0000,3,0.449143,1,-1.000004,340.740369,4.208525,0.000000,1.432030,0
1998-10-08,sz.000532,4.9300,5.1100,4.9300,5.0800,4.9500,551696,2793728.6200,3,0.797010,1,2.626265,349.689106,4.319052,0.000000,1.469639,0
1998-10-09,sz.000532,5.1000,5.1200,5.0000,5.0300,5.0800,483300,2440300.0000,3,0.698201,1,-0.984246,346.247284,4.276541,0.000000,1.455174,0
1998-10-12,sz.000532,5.0300,5.1100,4.9600,5.0400,5.0300,569925,2863912.6900,3,0.823344,1,0.198802,346.935649,4.285043,0.000000,1.458067,0
1998-10-13,sz.000532,5.0700,5.1200,5.0100,5.1200,5.0400,855192,4339792.0300,3,1.235456,1,1.587300,352.442564,4.353060,0.000000,1.481211,0
1998-10-14,sz.000532,5.1200,5.3100,5.0500,5.2600,5.1200,1954162,10193625.5400,3,2.823087,1,2.734382,362.079665,4.472089,0.000000,1.521713,0
1998-10-15,sz.000532,5.2600,5.3000,5.1500,5.1900,5.2600,753909,3929487.5500,3,1.089137,1,-1.330802,357.261114,4.412574,0.000000,1.501462,0
1998-10-16,sz.000532,5.2000,5.3500,4.9000,5.3500,5.1900,1580332,8291131.5300,3,2.283033,1,3.082849,368.274944,4.548608,0.000000,1.547750,0
1998-10-19,sz.000532,5.4000,5.4000,5.2600,5.2900,5.3500,868529,4637533.0400,3,1.254724,1,-1.121494,364.144758,4.497595,0.000000,1.530392,0
1998-10-20,sz.000532,5.3500,5.3500,5.1000,5.1400,5.2900,703416,3683645.3200,3,1.016193,1,-2.835541,353.819292,4.370064,0.000000,1.486997,0
1998-10-21,sz.000532,5.1400,5.1400,4.9800,4.9800,5.1400,956400,4817891.6100,3,1.381667,1,-3.112838,342.805462,4.234031,0.000000,1.440709,0
1998-10-22,sz.000532,4.9500,4.9500,4.8000,4.9300,4.9800,721918,3530977.1300,3,1.042922,1,-1.004020,339.363640,4.191521,0.000000,1.426244,0
1998-10-23,sz.000532,4.9800,5.0000,4.8800,4.8900,4.9300,645454,3179445.8600,3,0.932458,1,-0.811358,336.610183,4.157512,0.000000,1.414672,0
1998-10-26,sz.000532,4.8000,4.8800,4.7400,4.8400,4.8900,747377,3578255.5200,3,1.079701,1,-1.022489,333.168361,4.115002,0.000000,1.400207,0
1998-10-27,sz.000532,4.8000,4.8800,4.7700,4.8600,4.8400,481640,2323041.0000,3,0.695803,1,0.413223,334.545090,4.132006,0.000000,1.405993,0
1998-10-28,sz.000532,4.8200,4.9700,4.8200,4.9100,4.8600,394204,1933461.4400,3,0.569488,1,1.028801,337.986912,4.174517,0.000000,1.420458,0
1998-10-29,sz.000532,4.9500,4.9500,4.8300,4.8600,4.9100,585200,2843748.0000,3,0.845411,1,-1.018324,334.545090,4.132006,0.000000,1.405993,0
1998-10-30,sz.000532,4.8600,5.0600,4.8600,4.9200,4.8600,484650,2405010.2300,3,0.700151,1,1.234567,338.675276,4.183019,0.000000,1.423351,0
1998-11-02,sz.000532,4.9200,4.9500,4.8000,4.8500,4.9200,490372,2373512.5800,3,0.708418,1,-1.422768,333.856725,4.123504,0.000000,1.403100,0
1998-11-03,sz.000532,4.9500,5.0300,4.8000,4.9100,4.8500,527500,2582981.2800,3,0.762055,1,1.237112,337.986912,4.174517,0.000000,1.420458,0
1998-11-04,sz.000532,4.9000,5.0000,4.8300,4.9200,4.9100,445105,2187228.9500,3,0.643023,1,0.203671,338.675276,4.183019,0.000000,1.423351,0
1998-11-05,sz.000532,4.9800,4.9800,4.8500,4.9400,4.9200,608455,2971386.3200,3,0.879007,1,0.406504,340.052005,4.200023,0.000000,1.429137,0
1998-11-06,sz.000532,4.9800,5.0300,4.8800,4.9800,4.9400,979604,4870844.9700,3,1.415189,1,0.809716,342.805462,4.234031,0.000000,1.440709,0
1998-11-09,sz.000532,5.0300,5.1300,4.9500,5.1000,4.9800,901424,4542037.5700,3,1.302246,1,2.409636,351.065835,4.336056,0.000000,1.475425,0
1998-11-10,sz.000532,5.1000,5.1200,5.0000,5.0500,5.1000,660430,3331986.0700,3,0.954093,1,-0.980387,347.624013,4.293546,0.000000,1.460960,0
1998-11-11,sz.000532,5.0500,5.2400,5.0100,5.1700,5.0500,1003836,5155723.6000,3,1.450195,1,2.376235,355.884386,4.395570,0.000000,1.495676,0
1998-11-12,sz.000532,5.2000,5.2000,5.0500,5.0800,5.1700,587909,3009475.6800,3,0.849325,1,-1.740815,349.689106,4.319052,0.000000,1.469639,0
1998-11-13,sz.000532,5.0500,5.1400,4.9900,5.0600,5.0800,448900,2260459.6000,3,0.648505,1,-0.393700,348.312377,4.302048,0.000000,1.463853,0
1998-11-16,sz.000532,5.0500,5.0500,4.9300,5.0200,5.0600,696292,3470391.6600,3,1.005901,1,-0.790513,345.558920,4.268039,0.000000,1.452281,0
1998-11-17,sz.000532,5.0000,5.0100,4.8800,4.9100,5.0200,598802,2953642.2000,3,0.865062,1,-2.191238,337.986912,4.174517,0.000000,1.420458,0
1998-11-18,sz.000532,4.9000,5.0000,4.8900,4.9200,4.9100,317336,1564267.7600,3,0.458441,1,0.203671,338.675276,4.183019,0.000000,1.423351,0
1998-11-19,sz.000532,4.9200,4.9900,4.8800,4.8900,4.9200,442984,2173181.0000,3,0.639958,1,-0.609760,336.610183,4.157512,0.000000,1.414672,0
1998-11-20,sz.000532,4.8900,4.9500,4.8300,4.8600,4.8900,443200,2157707.0000,3,0.640271,1,-0.613491,334.545090,4.132006,0.000000,1.405993,0
1998-11-23,sz.000532,4.9000,4.9000,4.8000,4.9000,4.8600,386820,1871482.0000,3,0.558821,1,0.823044,337.298547,4.166014,0.000000,1.417565,0
1998-11-24,sz.000532,4.9000,4.9800,4.8300,4.9600,4.9000,357395,1763445.0000,3,0.516312,1,1.224489,341.428734,4.217027,0.000000,1.434923,0
1998-11-25,sz.000532,4.9000,4.9600,4.8300,4.8400,4.9600,314500,1532264.0000,3,0.454344,1,-2.419353,333.168361,4.115002,0.000000,1.400207,0
1998-11-26,sz.000532,4.8000,4.8700,4.8000,4.8200,4.8400,271542,1307787.0000,3,0.392284,1,-0.413223,331.791632,4.097998,0.000000,1.394421,0
1998-11-27,sz.000532,4.8300,4.9900,4.8000,4.9600,4.8200,589810,2900651.4000,3,0.852071,1,2.904562,341.428734,4.217027,0.000000,1.434923,0
1998-11-30,sz.000532,5.0000,5.0200,4.9000,4.9700,4.9600,359829,1784644.8500,3,0.519828,1,0.201608,342.117098,4.225529,0.000000,1.437816,0
1998-12-01,sz.000532,5.0000,5.0300,4.8500,4.9200,4.9700,274110,1348701.9500,3,0.395994,1,-1.006030,338.675276,4.183019,0.000000,1.423351,0
1998-12-02,sz.000532,4.9200,4.9800,4.8000,4.9700,4.9200,543845,2676311.9000,3,0.785668,1,1.016254,342.117098,4.225529,0.000000,1.437816,0
1998-12-03,sz.000532,4.9700,5.0800,4.9200,4.9900,4.9700,699587,3507782.1200,3,1.010661,1,0.402414,343.493827,4.242533,0.000000,1.443602,0
1998-12-04,sz.000532,5.0100,5.0100,4.8200,4.8400,4.9900,375650,1836207.5000,3,0.542684,1,-3.006005,333.168361,4.115002,0.000000,1.400207,0
1998-12-07,sz.000532,4.9100,4.9600,4.7300,4.7400,4.8400,458400,2203050.0000,3,0.662229,1,-2.066123,326.284717,4.029981,0.000000,1.371278,0
1998-12-08,sz.000532,4.7600,4.7900,4.7100,4.7800,4.7400,347525,1650494.0000,3,0.502053,1,0.843891,329.038175,4.063990,0.000000,1.382849,0
1998-12-09,sz.000532,4.7500,4.8500,4.7200,4.7800,4.7800,165500,787517.0000,3,0.239090,1,0.000000,329.038175,4.063990,0.000000,1.382849,0
1998-12-10,sz.000532,4.7800,4.7800,4.5200,4.6000,4.7800,300880,1408556.2000,3,0.434667,1,-3.765697,316.647616,3.910952,0.000000,1.330776,0
1998-12-11,sz.000532,4.5600,4.8000,4.5300,4.7100,4.6000,288463,1342927.1700,3,0.416729,1,2.391307,324.219624,4.004475,0.000000,1.362599,0
1998-12-14,sz.000532,4.7000,4.7000,4.5300,4.5900,4.7100,324500,1491004.1600,3,0.468790,1,-2.547768,315.959251,3.902450,0.000000,1.327883,0
1998-12-15,sz.000532,4.5900,4.5900,4.4900,4.5800,4.5900,284888,1288760.8400,3,0.411565,1,-0.217870,315.270887,3.893948,0.000000,1.324990,0
1998-12-16,sz.000532,4.5600,4.6400,4.5100,4.5900,4.5800,121900,558299.3200,3,0.176103,1,0.218346,315.959251,3.902450,0.000000,1.327883,0
1998-12-17,sz.000532,4.5500,4.6000,4.5400,4.5700,4.5900,219945,1005342.9500,3,0.317744,1,-0.435729,314.582523,3.885446,0.000000,1.322097,0
1998-12-18,sz.000532,4.5100,4.6000,4.4500,4.5300,4.5700,188978,851753.9400,3,0.273008,1,-0.875273,311.829065,3.851438,0.000000,1.310525,0
1998-12-21,sz.000532,4.4900,4.6000,4.4600,4.5000,4.5300,164029,738938.9400,3,0.236965,1,-0.662256,309.763972,3.825932,0.000000,1.301846,0
1998-12-22,sz.000532,4.4900,4.6500,4.4800,4.6200,4.5000,233325,1069142.7400,3,0.337074,1,2.666664,318.024345,3.927956,0.000000,1.336562,0
1998-12-23,sz.000532,4.6000,4.6300,4.5200,4.5700,4.6200,200080,917021.0000,3,0.289046,1,-1.082245,314.582523,3.885446,0.000000,1.322097,0
1998-12-24,sz.000532,4.5500,4.6000,4.5100,4.5500,4.5700,134187,611170.4500,3,0.193854,1,-0.437636,313.205794,3.868442,0.000000,1.316311,0
1998-12-25,sz.000532,4.5500,4.6800,4.5300,4.5600,4.5500,156850,719186.0000,3,0.226594,1,0.219775,313.894158,3.876944,0.000000,1.319204,0
1998-12-28,sz.000532,4.6700,4.6800,4.5000,4.5300,4.5600,253734,1164592.6800,3,0.366558,1,-0.657889,311.829065,3.851438,0.000000,1.310525,0
1998-12-29,sz.000532,4.5000,4.5400,4.4000,4.4600,4.5300,269372,1203410.1200,3,0.389149,1,-1.545258,307.010514,3.791923,0.000000,1.290274,0
1998-12-30,sz.000532,4.4600,4.6500,4.3800,4.4900,4.4600,219244,975187.2200,3,0.316732,1,0.672640,309.075608,3.817430,0.000000,1.298953,0
1998-12-31,sz.000532,4.5000,4.5200,4.4100,4.4300,4.4900,150180,672835.0000,3,0.216958,1,-1.336302,304.945421,3.766417,0.000000,1.281595,0
1999-01-04,sz.000532,4.4300,4.4300,4.2600,4.3100,4.4300,242996,1053398.9200,3,0.351045,1,-2.708801,296.685049,3.664392,0.000000,1.246879,0
1999-01-05,sz.000532,4.3800,4.3800,4.2000,4.2900,4.3100,169600,721427.0000,3,0.245013,1,-0.464037,295.308320,3.647388,0.000000,1.241093,0
1999-01-06,sz.000532,4.2900,4.4800,4.2400,4.3700,4.2900,239270,1050686.1800,3,0.345662,1,1.864800,300.815235,3.715405,0.000000,1.264237,0
1999-01-07,sz.000532,4.3900,4.3900,4.3000,4.3400,4.3700,104000,450249.6500,3,0.150244,1,-0.686493,298.750142,3.689899,0.000000,1.255558,0
1999-01-08,sz.000532,4.3900,4.5000,4.3400,4.5000,4.3400,287466,1272655.6100,3,0.415289,1,3.686632,309.763972,3.825932,0.000000,1.301846,0
1999-01-11,sz.000532,4.4800,4.4800,4.4000,4.4500,4.5000,286400,1269801.3700,3,0.413749,1,-1.111115,306.322150,3.783421,0.000000,1.287381,0
1999-01-12,sz.000532,4.4100,4.4100,4.2900,4.3000,4.4500,331170,1446007.5000,3,0.478426,1,-3.370778,295.996684,3.655890,0.000000,1.243986,0
1999-01-13,sz.000532,4.3200,4.3800,4.2300,4.2600,4.3000,335500,1436676.7300,3,0.484681,1,-0.930232,293.243227,3.621882,0.000000,1.232414,0
1999-01-14,sz.000532,4.2100,4.2800,4.1900,4.2000,4.2600,263732,1113433.0400,3,0.381001,1,-1.408460,289.113041,3.570870,0.000000,1.215056,0
1999-01-15,sz.000532,4.2000,4.2000,4.0000,4.0100,4.2000,621650,2525173.4000,3,0.898069,1,-4.523799,276.034117,3.409330,0.000000,1.160089,0
1999-01-18,sz.000532,3.9000,3.9000,3.6500,3.8700,4.0100,851385,3211560.4500,3,1.229957,1,-3.491280,266.397016,3.290301,0.000000,1.119587,0
1999-01-19,sz.000532,3.8500,3.9400,3.7500,3.9100,3.8700,546671,2103246.5600,3,0.789750,1,1.033597,269.150473,3.324309,0.000000,1.131159,0
1999-01-20,sz.000532,3.8600,3.9600,3.8600,3.9000,3.9100,297300,1162187.0600,3,0.429496,1,-0.255754,268.462109,3.315807,0.000000,1.128266,0
1999-01-21,sz.000532,3.8600,3.9400,3.8500,3.9300,3.9000,244333,948194.7400,3,0.352977,1,0.769230,270.527202,3.341314,0.000000,1.136945,0
1999-01-22,sz.000532,3.9300,4.0000,3.9200,3.9900,3.9300,302750,1198789.5000,3,0.437369,1,1.526716,274.657389,3.392326,0.000000,1.154303,0
1999-01-25,sz.000532,3.9900,4.0000,3.8900,3.9400,3.9900,354894,1398436.3600,3,0.512699,1,-1.253132,271.215567,3.349816,0.000000,1.139838,0
1999-01-26,sz.000532,3.9400,3.9400,3.8200,3.8400,3.9400,325011,1257824.1300,3,0.469528,1,-2.538075,264.331923,3.264795,0.000000,1.110908,0
1999-01-27,sz.000532,3.9000,4.0200,3.8400,4.0100,3.8400,555161,2200291.1000,3,0.802015,1,4.427092,276.034117,3.409330,0.000000,1.160089,0
1999-01-28,sz.000532,4.0500,4.0900,4.0000,4.0200,4.0100,391223,1579952.2400,3,0.565182,1,0.249370,276.722482,3.417832,0.000000,1.162982,0
1999-01-29,sz.000532,4.0300,4.1600,3.9700,4.1400,4.0200,539408,2207258.0000,3,0.779258,1,2.985072,284.982854,3.519857,0.000000,1.197698,0
1999-02-01,sz.000532,4.1500,4.3800,4.1300,4.3000,4.1400,1421160,6104888.2200,3,2.053084,1,3.864742,295.996684,3.655890,0.000000,1.243986,0
1999-02-02,sz.000532,4.3000,4.3000,4.1300,4.1400,4.3000,433737,1814479.2400,3,0.626600,1,-3.720938,284.982854,3.519857,0.000000,1.197698,0
1999-02-03,sz.000532,4.1500,4.1700,4.0400,4.0400,4.1400,319300,1301544.0000,3,0.461278,1,-2.415457,278.099210,3.434836,0.000000,1.168768,0
1999-02-04,sz.000532,4.0400,4.0900,3.9700,3.9800,4.0400,272100,1095897.5000,3,0.393090,1,-1.485147,273.969024,3.383824,0.000000,1.151410,0
1999-02-05,sz.000532,3.9000,3.9500,3.7800,3.8800,3.9800,510900,1953843.0000,3,0.738074,1,-2.512560,267.085380,3.298803,0.000000,1.122480,0
1999-02-08,sz.000532,3.7800,3.8600,3.7200,3.7700,3.8800,317136,1205739.8300,3,0.458152,1,-2.835055,259.513372,3.205281,0.000000,1.090657,0
1999-02-09,sz.000532,3.7600,3.8900,3.7600,3.8800,3.7700,376418,1442726.3000,3,0.543794,1,2.917776,267.085380,3.298803,0.000000,1.122480,0
1999-03-01,sz.000532,3.8900,4.0300,3.8100,3.9800,3.8800,478828,1906017.0400,3,0.691741,1,2.577317,273.969024,3.383824,0.000000,1.151410,0
1999-03-02,sz.000532,3.9800,4.0800,3.9500,4.0400,3.9800,344400,1382388.0000,3,0.497539,1,1.507536,278.099210,3.434836,0.000000,1.168768,0
1999-03-03,sz.000532,4.1000,4.1500,4.0500,4.1300,4.0400,537720,2204662.6000,3,0.776819,1,2.227726,284.294490,3.511355,0.000000,1.194805,0
1999-03-04,sz.000532,4.1300,4.2800,4.0600,4.2400,4.1300,677100,2801077.0000,3,0.978175,1,2.663430,291.866498,3.604878,0.000000,1.226628,0
1999-03-05,sz.000532,4.2600,4.3900,4.2000,4.3100,4.2400,1279883,5513625.6800,3,1.848988,1,1.650948,296.685049,3.664392,0.000000,1.246879,0
1999-03-08,sz.000532,4.2900,4.3100,4.2000,4.2800,4.3100,491598,2088803.6200,3,0.710189,1,-0.696049,294.619956,3.638886,0.000000,1.238200,0
1999-03-09,sz.000532,4.3000,4.3100,4.1500,4.1600,4.2800,548600,2312720.0000,3,0.792537,1,-2.803747,286.359583,3.536861,0.000000,1.203484,0
1999-03-10,sz.000532,4.1000,4.2500,4.1000,4.2200,4.1600,320072,1341051.4000,3,0.462393,1,1.442306,290.489769,3.587874,0.000000,1.220842,0
1999-03-11,sz.000532,4.2500,4.4400,4.2300,4.3600,4.2200,779940,3403846.6200,3,1.126743,1,3.317544,300.126871,3.706903,0.000000,1.261344,0
1999-03-12,sz.000532,4.3500,4.4100,4.2800,4.3900,4.3600,558461,2436658.3800,3,0.806783,1,0.688067,302.191964,3.732409,0.000000,1.270023,0
1999-03-15,sz.000532,4.4000,4.4600,4.2900,4.3700,4.3900,728860,3202484.6000,3,1.052950,1,-0.455580,300.815235,3.715405,0.000000,1.264237,0
1999-03-16,sz.000532,4.3500,4.3500,4.2800,4.3200,4.3700,442526,1904476.4200,3,0.639297,1,-1.144158,297.373413,3.672894,0.000000,1.249772,0
1999-03-17,sz.000532,4.2900,4.4300,4.2900,4.3500,4.3200,609640,2658319.1000,3,0.880719,1,0.694438,299.438506,3.698401,0.000000,1.258451,0
1999-03-18,sz.000532,4.3000,4.4000,4.2100,4.2400,4.3500,346400,1492429.0000,3,0.500428,1,-2.528739,291.866498,3.604878,0.000000,1.226628,0
1999-03-19,sz.000532,4.2300,4.3000,4.1600,4.2900,4.2400,377820,1596100.7000,3,0.545819,1,1.179250,295.308320,3.647388,0.000000,1.241093,0
1999-03-22,sz.000532,4.3000,4.3000,4.2000,4.2800,4.2900,440687,1866241.4000,3,0.636640,1,-0.233095,294.619956,3.638886,0.000000,1.238200,0
1999-03-23,sz.000532,4.2500,4.2800,4.2300,4.2800,4.2800,237416,1009242.9800,3,0.342984,1,0.000000,294.619956,3.638886,0.000000,1.238200,0
1999-03-24,sz.000532,4.3000,4.4200,4.2500,4.3800,4.2800,547646,2379258.9000,3,0.791159,1,2.336446,301.503599,3.723907,0.000000,1.267130,0
1999-03-25,sz.000532,4.3600,4.5400,4.3200,4.4500,4.3800,1416945,6337477.7700,3,2.046995,1,1.598166,306.322150,3.783421,0.000000,1.287381,0
1999-03-26,sz.000532,4.4500,4.5400,4.4000,4.4300,4.4500,892600,4005387.2000,3,1.289498,1,-0.449438,304.945421,3.766417,0.000000,1.281595,0
1999-03-29,sz.000532,4.4000,4.5600,4.4000,4.5600,4.4300,719955,3251541.8500,3,1.040086,1,2.934540,313.894158,3.876944,0.000000,1.319204,0
1999-03-30,sz.000532,4.5700,4.5800,4.4100,4.4300,4.5600,418000,1881950.0000,3,0.603865,1,-2.850880,304.945421,3.766417,0.000000,1.281595,0
1999-03-31,sz.000532,4.4200,4.5600,4.3500,4.5400,4.4300,511174,2273322.5200,3,0.738469,1,2.483073,312.517430,3.859940,0.000000,1.313418,0
1999-04-01,sz.000532,4.5400,4.6400,4.4500,4.6000,4.5400,951184,4344600.7200,3,1.374132,1,1.321585,316.647616,3.910952,0.000000,1.330776,0
1999-04-02,sz.000532,4.6100,4.7700,4.6000,4.7000,4.6000,1434304,6729308.4000,3,2.072073,1,2.173911,323.531260,3.995973,0.000000,1.359706,0
1999-04-05,sz.000532,4.7500,4.7900,4.6500,4.7500,4.7000,770433,3643495.7300,3,1.113009,1,1.063834,326.973082,4.038483,0.000000,1.374171,0
1999-04-06,sz.000532,4.7500,4.7500,4.5800,4.6500,4.7500,693521,3220524.8400,3,1.001898,1,-2.105261,320.089438,3.953463,0.000000,1.345241,0
1999-04-07,sz.000532,4.7000,4.7500,4.6200,4.7500,4.6500,746374,3491333.7800,3,1.078252,1,2.150536,326.973082,4.038483,0.000000,1.374171,0
1999-04-08,sz.000532,4.7900,4.7900,4.6400,4.7000,4.7500,522872,2448330.8900,3,0.755369,1,-1.052636,323.531260,3.995973,0.000000,1.359706,0
1999-04-09,sz.000532,4.7300,4.7300,4.5700,4.5900,4.7000,689421,3171488.1800,3,0.995975,1,-2.340418,315.959251,3.902450,0.000000,1.327883,0
1999-04-12,sz.000532,4.5000,5.0500,4.4200,4.8000,4.5900,4288780,20709087.0600,3,6.195802,1,4.575164,-7.064152,8.915879,132.731235,1.764645,0
1999-04-13,sz.000532,4.7300,4.7700,4.5500,4.5500,4.8000,1427108,6635832.6700,3,2.061677,1,-5.208333,-6.696227,8.451511,125.818150,1.672737,0
1999-04-14,sz.000532,4.5500,4.7500,4.5000,4.6700,4.5500,729160,3361911.7000,3,1.053384,1,2.637360,-6.872831,8.674408,129.136431,1.716853,0
1999-04-15,sz.000532,4.7000,4.7600,4.5800,4.5800,4.6700,643310,2980986.5200,3,0.929360,1,-1.927198,-6.740378,8.507235,126.647720,1.683766,0
1999-04-16,sz.000532,4.5100,4.6100,4.4800,4.5400,4.5800,702650,3190925.5000,3,1.015086,1,-0.873362,-6.681510,8.432936,125.541627,1.669060,0
1999-04-19,sz.000532,4.4900,4.7000,4.4900,4.5900,4.5400,323650,1494526.8600,3,0.467562,1,1.101326,-6.755095,8.525810,126.924244,1.687442,0
1999-04-20,sz.000532,4.6100,4.7700,4.4900,4.7600,4.5900,882417,4077441.1900,3,1.274787,1,3.703705,-7.005284,8.841580,131.625142,1.749940,0
1999-04-21,sz.000532,4.7700,4.9900,4.6500,4.7600,4.7600,1956343,9488104.5700,3,2.826238,1,0.000000,-7.005284,8.841580,131.625142,1.749940,0
1999-04-22,sz.000532,4.6800,5.0100,4.4800,4.9000,4.7600,2443286,11700715.3400,3,3.529702,1,2.941174,-7.211321,9.101627,135.496470,1.801409,0
1999-04-23,sz.000532,4.9100,5.1900,4.8800,5.0500,4.9000,3866173,19613739.4400,3,5.585281,1,3.061226,-7.432076,9.380248,139.644321,1.856554,0
1999-04-26,sz.000532,5.1400,5.1600,4.9200,4.9500,5.0500,1928038,9699286.5000,3,2.785347,1,-1.980205,-7.284906,9.194501,136.879087,1.819790,0
1999-04-27,sz.000532,4.9100,4.9100,4.6500,4.6600,4.9500,1368062,6510444.9000,3,1.976376,1,-5.858585,-6.858114,8.655833,128.859908,1.713176,0
1999-04-28,sz.000532,4.6500,4.7500,4.4800,4.5300,4.6600,1083217,4999340.2800,3,1.564873,1,-2.789692,-6.666793,8.414361,125.265103,1.665384,0
1999-04-29,sz.000532,4.5000,4.7000,4.4600,4.6300,4.5300,527144,2416547.9600,3,0.761541,1,2.207503,-6.813963,8.600109,128.030338,1.702147,0
1999-04-30,sz.000532,4.5800,4.7700,4.5100,4.7000,4.6300,401700,1866555.8000,3,0.580317,1,1.511872,-6.916982,8.730132,129.966001,1.727882,0
1999-05-04,sz.000532,4.7000,4.7800,4.5800,4.6300,4.7000,311500,1450031.0000,3,0.450010,1,-1.489355,-6.813963,8.600109,128.030338,1.702147,0
1999-05-05,sz.000532,4.5600,4.6400,4.4900,4.5500,4.6300,765962,3462873.4000,3,1.106550,1,-1.727860,-6.696227,8.451511,125.818150,1.672737,0
1999-05-06,sz.000532,4.5700,4.5800,4.4600,4.5000,4.5500,574594,2584273.0600,3,0.830089,1,-1.098905,-6.622642,8.358637,124.435533,1.654355,0
1999-05-07,sz.000532,4.4800,4.5800,4.4600,4.4600,4.5000,375587,1691104.0200,3,0.542593,1,-0.888888,-6.563774,8.284338,123.329440,1.639649,0
1999-05-10,sz.000532,4.4000,4.4000,4.1900,4.2300,4.4600,781840,3341111.6000,3,1.129488,1,-5.156951,-6.225284,7.857119,116.969401,1.555094,0
1999-05-11,sz.000532,4.1900,4.3800,4.1900,4.3100,4.2300,253900,1093040.0000,3,0.366798,1,1.891251,-6.343019,8.005717,119.181589,1.584504,0
1999-05-12,sz.000532,4.3300,4.3400,4.2500,4.2800,4.3100,249971,1069280.3600,3,0.361122,1,-0.696049,-6.298868,7.949992,118.352018,1.573475,0
1999-05-13,sz.000532,4.2500,4.2700,4.2000,4.2500,4.2800,238525,1006346.0000,3,0.344586,1,-0.700939,-6.254717,7.894268,117.522448,1.562446,0
1999-05-14,sz.000532,4.2500,4.2500,4.0100,4.0800,4.2500,318300,1325430.0000,3,0.459833,1,-4.000002,-6.004529,7.578497,112.821550,1.499948,0
1999-05-17,sz.000532,4.0200,4.1500,3.9800,4.1000,4.0800,407200,1661437.0000,3,0.588263,1,0.490196,-6.033963,7.615647,113.374597,1.507301,0
1999-05-18,sz.000532,4.1800,4.1800,4.0800,4.0800,4.1000,187100,769937.0000,3,0.270295,1,-0.487804,-6.004529,7.578497,112.821550,1.499948,0
1999-05-19,sz.000532,4.0600,4.2800,4.0200,4.2700,4.0800,230179,958755.2500,3,0.332529,1,4.656864,-6.284151,7.931418,118.075495,1.569799,0
1999-05-20,sz.000532,4.3000,4.4500,4.2500,4.4300,4.2700,570945,2498305.1000,3,0.824818,1,3.747069,-6.519623,8.228614,122.499869,1.628620,0
1999-05-21,sz.000532,4.5000,4.5000,4.2500,4.3300,4.4300,790041,3430700.2100,3,1.141336,1,-2.257334,-6.372453,8.042866,119.734635,1.591857,0
1999-05-24,sz.000532,4.3500,4.4200,4.1500,4.3600,4.3300,1273631,5420350.0800,3,1.839956,1,0.692846,-6.416604,8.098590,120.564206,1.602886,0
1999-05-25,sz.000532,4.3600,4.4900,4.3200,4.3600,4.3600,1078296,4768970.4000,3,1.557764,1,0.000000,-6.416604,8.098590,120.564206,1.602886,0
1999-05-26,sz.000532,4.3600,4.4400,4.3200,4.4200,4.3600,760196,3328891.1600,3,1.098220,1,1.376145,-6.504906,8.210039,122.223346,1.624944,0
1999-05-27,sz.000532,4.4600,4.8600,4.3600,4.7700,4.4200,2519563,11746531.5300,3,3.639896,1,7.918550,-7.020001,8.860155,131.901665,1.753616,0
1999-05-28,sz.000532,5.0000,5.1600,4.6000,5.0100,4.7700,6728074,33363553.5400,3,9.719737,1,5.031452,-7.373208,9.305949,138.538227,1.841848,0
1999-05-31,sz.000532,5.0100,5.0300,4.7100,4.8900,5.0100,2174411,10646908.9200,3,3.141271,1,-2.395217,-7.196604,9.083052,135.219946,1.797732,0
1999-06-01,sz.000532,4.8000,5.1000,4.7500,4.9600,4.8900,1681133,8363919.7600,3,2.428655,1,1.431496,-7.299623,9.213075,137.155610,1.823467,0
1999-06-02,sz.000532,5.0000,5.0000,4.7700,4.8200,4.9600,1559619,7556262.6800,3,2.253109,1,-2.822578,-7.093585,8.953029,133.284282,1.771998,0
1999-06-03,sz.000532,4.7900,4.8000,4.6300,4.7100,4.8200,764750,3601894.4300,3,1.104799,1,-2.282160,-6.931699,8.748707,130.242525,1.731558,0
1999-06-04,sz.000532,4.7100,4.7100,4.7100,4.7100,4.7100,0,0.0000,3,,1,0.000000,-6.931699,8.748707,130.242525,1.731558,0
1999-06-07,sz.000532,4.7000,4.7600,4.5500,4.7400,4.7100,1016696,4700119.8000,3,1.468774,1,0.636937,-6.975850,8.804431,131.072095,1.742587,0
1999-06-08,sz.000532,4.7600,4.8000,4.6500,4.7000,4.7400,1421221,6695226.9000,3,2.053172,1,-0.843881,-6.916982,8.730132,129.966001,1.727882,0
1999-06-09,sz.000532,4.7400,4.8500,4.6800,4.8100,4.7000,1120981,5331210.2200,3,1.619429,1,2.340429,-7.078868,8.934454,133.007759,1.768322,0
1999-06-10,sz.000532,4.8000,4.9800,4.5000,4.8900,4.8100,1763741,8483289.6500,3,2.547995,1,1.663200,-7.196604,9.083052,135.219946,1.797732,0
1999-06-11,sz.000532,4.8500,5.3800,4.8500,5.3800,4.8900,6142576,32358912.9100,3,8.873895,1,10.020460,-7.917736,9.993215,148.769593,1.977873,0
1999-06-14,sz.000532,5.7000,5.9000,5.5500,5.8800,5.3800,6671777,38173764.1000,3,9.638408,1,9.293680,-8.653586,10.921952,162.595763,2.161690,0
1999-06-15,sz.000532,5.8500,6.2700,5.2900,5.3400,5.8800,5959862,35091575.1300,3,8.609937,1,-9.183673,-7.858869,9.918916,147.663499,1.963168,0
1999-06-16,sz.000532,5.3400,5.6500,5.3400,5.5600,5.3400,2899132,15940474.7500,3,4.188242,1,4.119846,-8.182642,10.327560,153.747014,2.044047,0
1999-06-17,sz.000532,5.6200,5.7500,5.2500,5.5200,5.5600,3928918,21056587.4900,3,5.675926,1,-0.719424,-8.123774,10.253261,152.640921,2.029342,0
1999-06-18,sz.000532,5.5800,5.5800,5.3000,5.4300,5.5200,1915257,10323299.9500,3,2.766883,1,-1.630438,-7.991321,10.086088,150.152210,1.996255,0
1999-06-21,sz.000532,5.3900,5.6800,5.3300,5.6200,5.4300,2741855,15194756.3400,3,3.961031,1,3.499080,-8.270944,10.439009,155.406155,2.066105,0
1999-06-22,sz.000532,5.6300,5.8800,5.4800,5.8800,5.6200,2901491,16358248.4400,3,4.191650,1,4.626338,-8.653586,10.921952,162.595763,2.161690,0
1999-06-23,sz.000532,5.9000,6.0300,5.8000,5.9200,5.8800,3220544,19097004.8900,3,4.652571,1,0.680271,-8.712454,10.996251,163.701857,2.176396,0
1999-06-24,sz.000532,5.9500,5.9800,5.6600,5.7900,5.9200,3184177,18483930.4500,3,4.600033,1,-2.195948,-8.521133,10.754779,160.107053,2.128603,0
1999-06-25,sz.000532,5.7500,5.7500,5.3000,5.3200,5.7900,4268356,23816759.0600,3,6.166296,1,-8.117440,-7.829435,9.881766,147.110453,1.955815,0
1999-06-28,sz.000532,5.2500,5.6500,5.2500,5.6100,5.3200,2588327,14222862.1200,3,3.739236,1,5.451127,-8.256227,10.420434,155.129631,2.062429,0
1999-06-29,sz.000532,5.6400,6.1500,5.4000,6.1300,5.6100,4503555,25799567.2000,3,6.506078,1,9.269161,-9.021510,11.386321,169.508849,2.253599,0
1999-06-30,sz.000532,6.2000,6.2500,5.6000,5.7200,6.1300,4420425,26195478.5500,3,6.385984,1,-6.688423,-8.418114,10.624756,158.171389,2.102869,0
1999-07-01,sz.000532,5.7000,5.7000,5.1500,5.4300,5.7200,2791400,15192534.5000,3,4.032606,1,-5.069930,-7.991321,10.086088,150.152210,1.996255,0
1999-07-02,sz.000532,5.5100,5.9700,5.3500,5.9700,5.4300,4074890,23586251.9400,3,5.886805,1,9.944751,-8.786038,11.089125,165.084474,2.194777,0
1999-07-05,sz.000532,5.9900,6.5200,5.8300,6.3700,5.9700,8056212,50606402.1500,3,11.638437,1,6.700169,-9.374718,11.832115,176.145410,2.341831,0
1999-07-06,sz.000532,6.3500,6.3700,5.7300,5.7300,6.3700,3381163,20166044.8200,3,4.884610,1,-10.047090,-8.432831,10.643331,158.447912,2.106545,0
1999-07-07,sz.000532,5.6800,6.1000,5.6000,6.0200,5.7300,2712281,16089706.4700,3,3.918307,1,5.061081,-8.859623,11.181999,166.467091,2.213159,0
1999-07-08,sz.000532,6.2000,6.2000,5.9000,5.9200,6.0200,2041418,12271976.2900,3,2.949142,1,-1.661128,-8.712454,10.996251,163.701857,2.176396,0
1999-07-09,sz.000532,5.8800,6.0500,5.8000,5.9200,5.9200,1222329,7245635.6800,3,1.765842,1,0.000000,-8.712454,10.996251,163.701857,2.176396,0
1999-07-12,sz.000532,5.8800,5.9900,5.7100,5.8000,5.9200,1141097,6674520.7700,3,1.648490,1,-2.027025,-8.535850,10.773354,160.383576,2.132280,0
1999-07-13,sz.000532,5.8200,5.8200,5.5400,5.5800,5.8000,1159800,6584458.0000,3,1.675509,1,-3.793108,-8.212076,10.364710,154.300061,2.051400,0
1999-07-14,sz.000532,5.5800,5.9800,5.5800,5.8800,5.5800,1377050,7974441.2500,3,1.989360,1,5.376348,-8.653586,10.921952,162.595763,2.161690,0
1999-07-15,sz.000532,5.8900,6.0800,5.7200,5.8700,5.8800,1739737,10362358.8600,3,2.513318,1,-0.170072,-8.638869,10.903377,162.319240,2.158014,0
1999-07-16,sz.000532,5.7700,6.0000,5.7700,5.7900,5.8700,970115,5678582.3500,3,1.401480,1,-1.362861,-8.521133,10.754779,160.107053,2.128603,0
1999-07-19,sz.000532,5.7700,6.1900,5.6500,6.0900,5.7900,3172251,18950615.5700,3,4.582804,1,5.181351,-8.962642,11.312022,168.402755,2.238894,0
1999-07-20,sz.000532,6.1000,6.2600,5.9500,6.2300,6.0900,3827109,23516889.9100,3,5.528847,1,2.298848,-9.168680,11.572068,172.274083,2.290362,0
1999-07-21,sz.000532,6.2300,6.3000,6.0600,6.1200,6.2300,2439783,15063785.2200,3,3.524642,1,-1.765652,-9.006793,11.367746,169.232325,2.249923,0
1999-07-22,sz.000532,6.1000,6.1100,5.8300,5.8900,6.1200,1291046,7647187.6500,3,1.865114,1,-3.758170,-8.668303,10.940527,162.872287,2.165367,0
1999-07-23,sz.000532,5.8500,6.0500,5.8100,5.8600,5.8900,888708,5239182.4000,3,1.283875,1,-0.509333,-8.624152,10.884803,162.042717,2.154338,0
1999-07-26,sz.000532,5.9400,5.9400,5.6500,5.7000,5.8600,1912090,10937902.4700,3,2.762308,1,-2.730381,-8.388680,10.587607,157.618342,2.095516,0
1999-07-27,sz.000532,5.7000,5.8900,5.6200,5.7300,5.7000,862210,4932855.0500,3,1.245595,1,0.526320,-8.432831,10.643331,158.447912,2.106545,0
1999-07-28,sz.000532,5.7400,5.8200,5.6600,5.7500,5.7300,888389,5079529.8000,3,1.283414,1,0.349040,-8.462265,10.680480,159.000959,2.113898,0
1999-07-29,sz.000532,5.8000,6.0900,5.7500,6.0100,5.7500,2238918,13378303.3100,3,3.234461,1,4.521743,-8.844906,11.163424,166.190568,2.209483,0
1999-07-30,sz.000532,6.0500,6.0500,5.8500,5.8800,6.0100,994120,5890897.9600,3,1.436159,1,-2.163063,-8.653586,10.921952,162.595763,2.161690,0
1999-08-02,sz.000532,5.9100,6.4700,5.9100,6.4700,5.8800,5255095,32922591.5400,3,7.591793,1,10.034010,-9.521888,12.017862,178.910644,2.378595,0
1999-08-03,sz.000532,6.6000,7.0800,6.5000,6.7000,6.4700,11131140,75993727.5800,3,16.080643,1,3.554869,-9.860378,12.445082,185.270683,2.463151,0
1999-08-04,sz.000532,6.7100,7.0100,6.6100,6.9900,6.7000,5276564,36250850.9800,3,7.622808,1,4.328358,-10.287171,12.983749,193.289862,2.569765,0
1999-08-05,sz.000532,7.1000,7.6900,7.0500,7.6900,6.9900,8557022,63435502.4700,3,12.361934,1,10.014310,-11.317359,14.283982,212.646500,2.827109,0
1999-08-06,sz.000532,7.5000,7.6000,7.0900,7.2300,7.6900,5963636,44052916.9200,3,8.615389,1,-5.981795,-10.838495,24.475906,199.926423,2.654364,0
1999-08-09,sz.000532,7.1800,7.9000,6.9000,7.7000,7.2300,6882025,51522409.0200,3,9.942143,1,6.500689,-11.543072,26.067009,212.923024,2.826916,0
1999-08-10,sz.000532,7.6000,7.8800,7.2500,7.3000,7.7000,3444222,25724453.4600,3,4.975708,1,-5.194800,-10.943432,24.712878,201.862087,2.680063,0
1999-08-11,sz.000532,7.1200,7.4800,6.9800,7.0300,7.3000,2953190,21044971.1800,3,4.266337,1,-3.698630,-10.538675,23.798840,194.395955,2.580937,0
1999-08-12,sz.000532,7.0600,7.1900,6.6000,6.8000,7.0300,2722277,18656725.9500,3,3.932748,1,-3.271693,-10.193882,23.020215,188.035917,2.496497,0
1999-08-13,sz.000532,6.8000,7.0500,6.6600,6.9000,6.8000,2281507,15744300.5200,3,3.295988,1,1.470587,-10.343792,23.358748,190.801151,2.533210,0
1999-08-16,sz.000532,6.8800,6.9500,6.6800,6.8300,6.9000,1385749,9406849.5600,3,2.001927,1,-1.014495,-10.238855,23.121775,188.865487,2.507511,0
1999-08-17,sz.000532,6.8500,7.0900,6.8500,6.9700,6.8300,1661695,11610169.0900,3,2.400574,1,2.049778,-10.448729,23.595721,192.736815,2.558910,0
1999-08-18,sz.000532,6.9700,7.0200,6.8300,7.0000,6.9700,969897,6692089.4700,3,1.401165,1,0.430419,-10.493702,23.697281,193.566385,2.569924,0
1999-08-19,sz.000532,7.0600,7.4400,6.9800,7.3500,7.0000,2482041,17994731.2900,3,3.585690,1,4.999999,-11.018387,24.882145,203.244704,2.698420,0
1999-08-20,sz.000532,7.5000,8.0000,7.5000,7.7100,7.3500,6709553,52286397.3500,3,9.692981,1,4.897961,-11.558063,26.100862,213.199547,2.830587,0
1999-08-23,sz.000532,7.8000,8.1000,7.6000,8.0400,7.7100,3056169,23961827.9000,3,4.415106,1,4.280155,-12.052766,27.218019,222.324819,2.951741,0
1999-08-24,sz.000532,8.0500,8.1500,7.8500,7.8900,8.0400,2616364,20774376.8600,3,3.779740,1,-1.865673,-11.827901,26.710221,218.176968,2.896671,0
1999-08-25,sz.000532,7.8500,7.8800,7.5300,7.5600,7.8900,2435200,18598649.7600,3,3.518021,1,-4.182508,-11.333198,25.593063,209.051696,2.775517,0
1999-08-26,sz.000532,7.5000,7.8400,7.4700,7.7200,7.5600,1592403,12261619.2900,3,2.300471,1,2.116400,-11.573054,26.134715,213.476070,2.834259,0
1999-08-27,sz.000532,7.8000,7.8400,7.5300,7.6300,7.7200,1177647,9014008.6900,3,1.701292,1,-1.165799,-11.438135,25.830036,210.987360,2.801217,0
1999-08-30,sz.000532,7.6000,7.7500,7.2000,7.2500,7.6300,2581600,19054789.8900,3,3.729518,1,-4.980342,-10.868477,24.543612,200.479470,2.661707,0
1999-08-31,sz.000532,7.2500,7.5700,6.9200,7.3600,7.2500,3846665,27745244.1400,3,5.557099,1,1.517243,-11.033378,24.915998,203.521228,2.702091,0
1999-09-01,sz.000532,7.3000,7.4100,7.1500,7.1600,7.3600,1173630,8545906.3600,3,1.695489,1,-2.717395,-10.733558,24.238933,197.990760,2.628665,0
1999-09-02,sz.000532,7.0500,7.3800,7.0000,7.3500,7.1600,1369464,9865139.1800,3,1.978401,1,2.653632,-11.018387,24.882145,203.244704,2.698420,0
1999-09-03,sz.000532,7.3500,7.3900,7.1000,7.2200,7.3500,730780,5301306.5000,3,1.055724,1,-1.768709,-10.823504,24.442052,199.649900,2.650693,0
1999-09-06,sz.000532,7.1500,7.4800,7.1000,7.4500,7.2200,1080703,7932429.6600,3,1.561242,1,3.185596,-11.168297,25.220677,206.009938,2.735133,0
1999-09-07,sz.000532,7.4500,7.6800,7.4500,7.5000,7.4500,1929384,14585540.5400,3,2.787292,1,0.671144,-11.243252,25.389944,207.392555,2.753490,0
1999-09-08,sz.000532,7.4800,7.7500,7.4800,7.5500,7.5000,1669809,12685728.8700,3,2.412296,1,0.666669,-11.318207,25.559210,208.775172,2.771846,0
1999-09-09,sz.000532,7.6500,7.8800,7.4800,7.7900,7.5500,3118659,23921750.1100,3,4.505382,1,3.178805,-11.677991,26.371688,215.411734,2.859958,0
1999-09-10,sz.000532,7.8000,7.8500,7.4200,7.4600,7.7900,2995953,22610055.2500,3,4.328115,1,-4.236199,-11.183288,25.254531,206.286462,2.738804,0
1999-09-13,sz.000532,7.4000,7.6500,7.3800,7.5000,7.4600,1403364,10535013.5600,3,2.027375,1,0.536192,-11.243252,25.389944,207.392555,2.753490,0
1999-09-14,sz.000532,7.5500,7.7000,7.4700,7.6400,7.5000,1700660,12903135.3000,3,2.456865,1,1.866665,-11.453126,25.863889,211.263883,2.804888,0
1999-09-15,sz.000532,7.6400,7.6900,7.4000,7.4600,7.6400,1185663,8853836.7600,3,1.712872,1,-2.356019,-11.183288,25.254531,206.286462,2.738804,0
1999-09-16,sz.000532,7.4200,7.4200,7.1900,7.2400,7.4600,1484330,10801674.2800,3,2.144343,1,-2.949065,-10.853486,24.509759,200.202947,2.658035,0
1999-09-17,sz.000532,7.2000,7.3300,7.1800,7.2600,7.2400,848571,6155615.7400,3,1.225891,1,0.276249,-10.883468,24.577465,200.755994,2.665378,0
1999-09-20,sz.000532,7.2400,7.2600,7.0200,7.0800,7.2600,975900,6948961.6400,3,1.409838,1,-2.479343,-10.613630,23.968107,195.778572,2.599294,0
1999-09-21,sz.000532,7.0000,7.1700,7.0000,7.0500,7.0800,593800,4207446.7600,3,0.857835,1,-0.423725,-10.568657,23.866547,194.949002,2.588280,0
1999-09-22,sz.000532,7.0600,7.1600,7.0600,7.1000,7.0500,489039,3474427.9200,3,0.706492,1,0.709216,-10.643612,24.035813,196.331619,2.606637,0
1999-09-23,sz.000532,7.1800,7.1800,7.0000,7.0400,7.1000,541570,3824866.1300,3,0.782381,1,-0.845070,-10.553666,23.832694,194.672479,2.584609,0
1999-09-24,sz.000532,7.2500,7.2600,7.0800,7.1000,7.0400,257329,1830763.3100,3,0.371751,1,0.852272,-10.643612,24.035813,196.331619,2.606637,0
1999-09-27,sz.000532,7.1300,7.1500,6.8000,6.8500,7.1000,757400,5250018.1500,3,1.094181,1,-3.521127,-10.268837,23.189482,189.418534,2.514854,0
1999-09-28,sz.000532,6.8600,6.8800,6.7000,6.8300,6.8500,614759,4159900.0000,3,0.888114,1,-0.291971,-10.238855,23.121775,188.865487,2.507511,0
1999-09-29,sz.000532,6.8200,6.9500,6.7500,6.7500,6.8300,415219,2833483.9500,3,0.599848,1,-1.171302,-10.118926,22.850949,186.653300,2.478141,0
1999-09-30,sz.000532,6.8800,6.8800,6.7200,6.7500,6.7500,358948,2434059.9600,3,0.518556,1,0.000000,-10.118926,22.850949,186.653300,2.478141,0
1999-10-08,sz.000532,6.7200,6.7900,6.5500,6.5600,6.7500,375890,2513140.6000,3,0.543031,1,-2.814816,-9.834097,22.207737,181.399355,2.408385,0
1999-10-11,sz.000532,6.5000,6.5300,6.3500,6.4500,6.5600,968027,6225411.1500,3,1.398464,1,-1.676831,-9.669196,21.835351,178.357598,2.368001,0
1999-10-12,sz.000532,6.5000,6.5200,6.4000,6.4800,6.4500,234165,1511625.6200,3,0.338287,1,0.465120,-9.714169,21.936911,179.187168,2.379015,0
1999-10-13,sz.000532,6.5100,6.5200,6.0500,6.1000,6.4800,544000,3403535.1900,3,0.785892,1,-5.864199,-9.144511,20.650487,168.679278,2.239505,0
1999-10-14,sz.000532,6.1000,6.3000,6.0500,6.1500,6.1000,540196,3335752.5200,3,0.780396,1,0.819675,-9.219466,20.819754,170.061895,2.257861,0
1999-10-15,sz.000532,6.2500,6.4500,6.2000,6.4300,6.1500,484632,3069898.6300,3,0.700125,1,4.552841,-9.639214,21.767645,177.804551,2.360658,0
1999-10-18,sz.000532,6.4300,6.4300,6.1000,6.1400,6.4300,429625,2668250.7800,3,0.620659,1,-4.510108,-9.204475,20.785900,169.785372,2.254190,0
1999-10-19,sz.000532,6.0900,6.1300,5.9000,5.9500,6.1400,512169,3060953.0400,3,0.739907,1,-3.094464,-8.919646,20.142689,164.531427,2.184435,0
1999-10-20,sz.000532,6.0900,6.0900,5.8800,6.0500,5.9500,366040,2199803.1100,3,0.528801,1,1.680679,-9.069556,20.481221,167.296661,2.221148,0
1999-10-21,sz.000532,6.0000,6.0000,5.7800,5.7900,6.0500,418200,2456785.0000,3,0.604154,1,-4.297524,-8.679790,19.601036,160.107053,2.125694,0
1999-10-22,sz.000532,5.8500,6.0500,5.7500,5.9700,5.7900,533502,3171699.9200,3,0.770726,1,3.108805,-8.949628,20.210395,165.084474,2.191778,0
1999-10-25,sz.000532,6.0000,6.1400,5.9500,6.0200,5.9700,393133,2375594.8600,3,0.567941,1,0.837524,-9.024583,20.379661,166.467091,2.210134,0
1999-10-26,sz.000532,6.0800,6.1500,6.0000,6.1200,6.0200,362123,2195070.9400,3,0.523142,1,1.661128,-9.174493,20.718194,169.232325,2.246847,0
1999-10-27,sz.000532,6.2100,6.4200,6.1500,6.3800,6.1200,901568,5718203.8400,3,1.302454,1,4.248370,-9.564259,21.598379,176.421934,2.342302,0
1999-10-28,sz.000532,6.4000,6.4000,6.1800,6.2000,6.3800,441383,2753070.7000,3,0.637646,1,-2.821321,-9.294421,20.989020,171.444512,2.276218,0
1999-10-29,sz.000532,6.1800,6.2600,6.1100,6.1200,6.2000,383300,2363789.9600,3,0.553736,1,-1.290321,-9.174493,20.718194,169.232325,2.246847,0
1999-11-01,sz.000532,6.1100,6.1100,5.9000,5.9300,6.1200,644058,3842214.9900,3,0.930441,1,-3.104576,-8.889664,20.074982,163.978380,2.177092,0
1999-11-02,sz.000532,5.9500,6.0400,5.8800,5.9200,5.9300,230750,1368663.0000,3,0.333354,1,-0.168630,-8.874673,20.041129,163.701857,2.173421,0
1999-11-03,sz.000532,5.9200,5.9900,5.8500,5.8500,5.9200,280900,1651253.0000,3,0.405803,1,-1.182435,-8.769736,19.804156,161.766193,2.147722,0
1999-11-04,sz.000532,5.8500,5.9400,5.8000,5.8400,5.8500,233348,1361579.6000,3,0.337107,1,-0.170936,-8.754745,19.770303,161.489670,2.144050,0
1999-11-05,sz.000532,5.8400,5.9300,5.7500,5.8000,5.8400,335110,1953412.5000,3,0.484118,1,-0.684931,-8.694781,19.634890,160.383576,2.129365,0
1999-11-08,sz.000532,5.7700,5.9500,5.6500,5.9100,5.8000,681790,3941112.9000,3,0.984950,1,1.896546,-8.859682,20.007276,163.425334,2.169750,0
1999-11-09,sz.000532,5.9200,5.9200,5.7000,5.7500,5.9100,460844,2669571.1400,3,0.665760,1,-2.707273,-8.619826,19.465623,159.000959,2.111009,0
1999-11-10,sz.000532,5.7000,5.7000,5.5000,5.5900,5.7500,529344,2955558.2400,3,0.764719,1,-2.782606,-8.379970,18.923971,154.576585,2.052268,0
1999-11-11,sz.000532,5.6100,5.6800,5.5200,5.6000,5.5900,307478,1716623.1400,3,0.444199,1,0.178886,-8.394961,18.957825,154.853108,2.055939,0
1999-11-12,sz.000532,5.5900,5.6600,5.5500,5.6000,5.6000,223321,1253105.5500,3,0.322622,1,0.000000,-8.394961,18.957825,154.853108,2.055939,0
1999-11-15,sz.000532,5.7600,5.7600,5.5800,5.7100,5.6000,183700,1034225.0000,3,0.265383,1,1.964288,-8.559862,19.330210,157.894866,2.096323,0
1999-11-16,sz.000532,5.7100,5.7900,5.5100,5.5800,5.7100,299075,1673429.9500,3,0.432060,1,-2.276710,-8.364979,18.890118,154.300061,2.048596,0
1999-11-17,sz.000532,5.6400,5.7500,5.5200,5.7100,5.5800,220740,1243071.9000,3,0.318893,1,2.329751,-8.559862,19.330210,157.894866,2.096323,0
1999-11-18,sz.000532,5.7200,5.9500,5.6300,5.8300,5.7100,624270,3661401.9000,3,0.901854,1,2.101574,-8.739754,19.736449,161.213146,2.140379,0
1999-11-19,sz.000532,5.3000,6.4100,5.3000,6.1900,5.8300,2708749,16821926.9100,3,3.913204,1,6.174960,-9.279430,20.955167,171.167989,2.272547,0
1999-11-22,sz.000532,6.1600,6.7000,6.1300,6.6300,6.1900,3835503,25039502.3000,3,5.540974,1,7.108240,-9.939034,22.444710,183.335019,2.434085,0
1999-11-23,sz.000532,6.6500,6.6800,6.4300,6.6500,6.6300,2182880,14304224.2100,3,3.153506,1,0.301659,-9.969016,22.512417,183.888066,2.441427,0
1999-11-24,sz.000532,6.6500,6.6700,6.4300,6.4500,6.6500,1155220,7538222.6000,3,1.668893,1,-3.007523,-9.669196,21.835351,178.357598,2.368001,0
1999-11-25,sz.000532,6.3600,6.4000,6.2000,6.2900,6.4500,1043023,6549989.5800,3,1.506807,1,-2.480618,-9.429340,21.293699,173.933223,2.309260,0
1999-11-26,sz.000532,6.1500,6.6400,6.1500,6.4400,6.2900,1223518,7952122.2800,3,1.767560,1,2.384739,-9.654205,21.801498,178.081074,2.364330,0
1999-11-29,sz.000532,6.4300,6.5800,6.3800,6.4000,6.4400,843872,5468139.8600,3,1.219103,1,-0.621117,-9.594241,21.666085,176.974981,2.349644,0
1999-11-30,sz.000532,6.5500,6.5500,6.3200,6.4900,6.4000,554500,3555493.9000,3,0.801061,1,1.406245,-9.729160,21.970764,179.463691,2.382686,0
1999-12-01,sz.000532,6.4900,6.8800,6.4000,6.8100,6.4900,2655895,17803966.9700,3,3.836849,1,4.930665,-10.208873,23.054069,188.312440,2.500168,0
1999-12-02,sz.000532,6.7800,6.7800,6.5400,6.5800,6.8100,1210630,8035748.8800,3,1.748941,1,-3.377387,-9.864079,22.275444,181.952402,2.415728,0
1999-12-03,sz.000532,6.4500,6.6300,6.3600,6.4100,6.5800,1186095,7650861.8000,3,1.713497,1,-2.583588,-9.609232,21.699938,177.251504,2.353316,0
1999-12-06,sz.000532,6.3900,6.5800,6.3400,6.4500,6.4100,591204,3811840.9100,3,0.854085,1,0.624024,-9.669196,21.835351,178.357598,2.368001,0
1999-12-07,sz.000532,6.4600,6.5400,6.3500,6.4000,6.4500,395467,2532192.0200,3,0.571313,1,-0.775189,-9.594241,21.666085,176.974981,2.349644,0
1999-12-08,sz.000532,6.2600,6.5000,6.2600,6.4300,6.4000,380207,2430210.2500,3,0.549267,1,0.468746,-9.639214,21.767645,177.804551,2.360658,0
1999-12-09,sz.000532,6.4000,6.8000,6.3100,6.6800,6.4300,1831126,12167660.7300,3,2.645343,1,3.888025,-10.013989,22.613976,184.717636,2.452441,0
1999-12-10,sz.000532,6.7200,6.9300,6.5900,6.7700,6.6800,1795538,12203971.5000,3,2.593931,1,1.347308,-10.148908,22.918656,187.206347,2.485483,0
1999-12-13,sz.000532,6.7600,6.9000,6.4000,6.4300,6.7700,1465300,9694318.8500,3,2.116851,1,-5.022159,-9.639214,21.767645,177.804551,2.360658,0
1999-12-14,sz.000532,6.4500,7.0700,6.4300,7.0700,6.4300,5120192,35514725.5900,3,7.396905,1,9.953349,-10.598639,23.934253,195.502049,2.595623,0
1999-12-15,sz.000532,7.3100,7.3500,6.9000,7.1800,7.0700,7592750,54280228.1400,3,10.968895,1,1.555865,-10.763540,24.306639,198.543806,2.636007,0
1999-12-16,sz.000532,7.1500,7.1600,6.7500,6.7900,7.1800,2800275,19379069.0600,3,4.045428,1,-5.431753,-10.178891,22.986362,187.759393,2.492826,0
1999-12-17,sz.000532,6.7800,6.8400,6.3800,6.4100,6.7900,3236447,21192052.5100,3,4.675545,1,-5.596467,-9.609232,21.699938,177.251504,2.353316,0
1999-12-21,sz.000532,6.4100,6.5900,6.1300,6.1500,6.4100,1950124,12315630.3100,3,2.817254,1,-4.056158,-9.219466,20.819754,170.061895,2.257861,0
1999-12-22,sz.000532,6.1300,6.1900,5.8500,5.8700,6.1500,1924831,11488137.3200,3,2.780714,1,-4.552849,-8.799718,19.871862,162.319240,2.155064,0
1999-12-23,sz.000532,5.8200,5.9900,5.7200,5.8700,5.8700,952611,5614041.4300,3,1.376193,1,0.000000,-8.799718,19.871862,162.319240,2.155064,0
1999-12-24,sz.000532,5.8800,5.9400,5.6000,5.6000,5.8700,903791,5136653.0000,3,1.305665,1,-4.599659,-8.394961,18.957825,154.853108,2.055939,0
1999-12-27,sz.000532,5.6000,5.6000,5.3800,5.5100,5.6000,788112,4326483.7000,3,1.138549,1,-1.607137,-8.260042,18.653145,152.364397,2.022897,0
1999-12-28,sz.000532,5.5100,5.6900,5.4000,5.4300,5.5100,875658,4830554.1400,3,1.265023,1,-1.451913,-8.140114,18.382319,150.152210,1.993526,0
1999-12-29,sz.000532,5.4500,5.7000,5.4300,5.5500,5.4300,856128,4752268.3600,3,1.236809,1,2.209952,-8.320006,18.788558,153.470491,2.037582,0
1999-12-30,sz.000532,5.5500,5.6500,5.5100,5.5700,5.5500,349685,1947709.0500,3,0.505174,1,0.360360,-8.349988,18.856265,154.023538,2.044925,0
2000-01-04,sz.000532,5.6000,5.9300,5.5100,5.9200,5.5700,1374955,7907992.2400,3,1.986334,1,6.283660,-8.874673,20.041129,163.701857,2.173421,0
2000-01-05,sz.000532,5.9500,6.0600,5.7900,5.8300,5.9200,1867375,11074571.2300,3,2.697710,1,-1.520273,-8.739754,19.736449,161.213146,2.140379,0
2000-01-06,sz.000532,5.8000,6.1500,5.8000,6.0100,5.8300,1636736,9771627.3400,3,2.364517,1,3.087484,-9.009592,20.345808,166.190568,2.206463,0
2000-01-07,sz.000532,6.0200,6.1700,5.9500,6.1000,6.0100,2816522,17082574.3900,3,4.068899,1,1.497499,-9.144511,20.650487,168.679278,2.239505,0
2000-01-10,sz.000532,6.1000,6.3000,5.9000,6.2900,6.1000,2889326,17606358.8500,3,4.174076,1,3.114755,-9.429340,21.293699,173.933223,2.309260,0
2000-01-11,sz.000532,6.3000,6.3200,5.8500,5.8700,6.2900,1906700,11545061.1300,3,2.754521,1,-6.677267,-8.799718,19.871862,162.319240,2.155064,0
2000-01-12,sz.000532,5.8000,5.9700,5.6500,5.7400,5.8700,1142877,6584834.5600,3,1.651062,1,-2.214653,-8.604835,19.431770,158.724436,2.107337,0
2000-01-13,sz.000532,5.8000,5.8000,5.6600,5.6700,5.7400,612250,3501745.0000,3,0.884489,1,-1.219507,-8.499898,19.194797,156.788772,2.081638,0
2000-01-14,sz.000532,5.6500,5.7000,5.4800,5.5700,5.6700,982050,5452220.7000,3,1.418722,1,-1.763667,-8.349988,18.856265,154.023538,2.044925,0
2000-01-17,sz.000532,5.5000,5.6500,5.4800,5.6200,5.5700,590970,3279294.0000,3,0.853747,1,0.897661,-8.424943,19.025531,155.406155,2.063281,0
2000-01-18,sz.000532,5.6200,5.8900,5.5500,5.7500,5.6200,936255,5369499.8000,3,1.352564,1,2.313169,-8.619826,19.465623,159.000959,2.111009,0
2000-01-19,sz.000532,5.7000,5.7800,5.5200,5.5900,5.7500,707501,3955597.1100,3,1.022094,1,-2.782606,-8.379970,18.923971,154.576585,2.052268,0
2000-01-20,sz.000532,5.5100,5.5900,5.4000,5.4700,5.5900,1393150,7665496.3400,3,2.012619,1,-2.146697,-8.200078,18.517732,151.258304,2.008212,0
2000-01-21,sz.000532,5.4800,5.5800,5.2100,5.3000,5.4700,1908229,10199779.8100,3,2.756730,1,-3.107854,-7.945231,17.942227,146.557406,1.945799,0
2000-01-24,sz.000532,5.2000,5.4000,5.0000,5.3900,5.3000,1734577,8864695.5900,3,2.505863,1,1.698107,-8.080150,18.246906,149.046116,1.978841,0
2000-01-25,sz.000532,5.3900,5.4000,5.1900,5.2700,5.3900,852216,4498909.9000,3,1.231157,1,-2.226343,-7.900258,17.840667,145.727836,1.934785,0
2000-01-26,sz.000532,5.2800,5.4500,5.2000,5.3400,5.2700,648548,3472759.2800,3,0.936927,1,1.328277,-8.005195,18.077640,147.663499,1.960485,0
2000-01-27,sz.000532,5.4000,5.4100,5.2000,5.2200,5.3400,1101646,5763196.2000,3,1.591497,1,-2.247198,-7.825303,17.671401,144.345219,1.916429,0
2000-01-28,sz.000532,5.2200,5.3400,5.0100,5.2600,5.2200,1518939,7786740.7800,3,2.194341,1,0.766292,-7.885267,17.806814,145.451312,1.931114,0
2000-02-14,sz.000532,5.3600,5.7900,5.3600,5.7900,5.2600,2102093,11886090.5300,3,3.036797,1,10.076040,-8.679790,19.601036,160.107053,2.125694,0
2000-02-15,sz.000532,6.0700,6.1600,5.6000,5.7400,5.7900,3843697,23097439.0300,3,5.552811,1,-0.863561,-8.604835,19.431770,158.724436,2.107337,0
2000-02-16,sz.000532,5.6500,6.3100,5.5000,6.3100,5.7400,3175034,18532983.7600,3,4.586825,1,9.930317,-9.459322,21.361406,174.486270,2.316602,0
2000-02-17,sz.000532,6.5700,6.6100,5.8800,5.9300,6.3100,3594624,22259714.2400,3,5.192987,1,-6.022189,-8.889664,20.074982,163.978380,2.177092,0
2000-02-18,sz.000532,5.8800,6.2000,5.7500,6.0200,5.9300,1596243,9434763.5600,3,2.306018,1,1.517709,-9.024583,20.379661,166.467091,2.210134,0
2000-02-21,sz.000532,5.9900,6.2000,5.8800,6.0200,6.0200,2203661,13335257.8000,3,3.183527,1,0.000000,-9.024583,20.379661,166.467091,2.210134,0
2000-02-22,sz.000532,6.0000,6.0000,5.6200,5.7200,6.0200,1540900,9067036.9000,3,2.226067,1,-4.983392,-8.574853,19.364064,158.171389,2.099995,0
2000-02-23,sz.000532,5.6500,5.9300,5.6400,5.7400,5.7200,899725,5159099.2500,3,1.299791,1,0.349650,-8.604835,19.431770,158.724436,2.107337,0
2000-02-24,sz.000532,5.7000,5.8400,5.6600,5.7700,5.7400,545627,3127225.0000,3,0.788242,1,0.522652,-8.649808,19.533330,159.554006,2.118351,0
2000-02-25,sz.000532,5.7500,5.7700,5.6000,5.6500,5.7700,869593,4927552.3600,3,1.256261,1,-2.079721,-8.469916,19.127091,156.235725,2.074295,0
2000-02-28,sz.000532,5.6500,5.9900,5.5500,5.8500,5.6500,1446589,8392171.3800,3,2.089820,1,3.539820,-8.769736,19.804156,161.766193,2.147722,0
2000-02-29,sz.000532,5.9500,6.2500,5.8000,6.1400,5.8500,3073769,18698340.5400,3,4.440532,1,4.957264,-9.204475,20.785900,169.785372,2.254190,0
2000-03-01,sz.000532,6.1600,6.3300,6.0800,6.2100,6.1400,2950183,18306352.1200,3,4.261993,1,1.140068,-9.309412,21.022873,171.721036,2.279889,0
2000-03-02,sz.000532,6.2300,6.2400,6.1000,6.1900,6.2100,2029823,12484536.3000,3,2.932391,1,-0.322061,-9.279430,20.955167,171.167989,2.272547,0
2000-03-03,sz.000532,6.2300,6.8100,6.1200,6.7000,6.1900,7954479,52322294.0200,3,11.491468,1,8.239091,-10.043971,22.681683,185.270683,2.459784,0
2000-03-06,sz.000532,6.8000,7.1100,6.5000,6.6800,6.7000,7406814,50883040.9600,3,10.700282,1,-0.298507,-10.013989,22.613976,184.717636,2.452441,0
2000-03-07,sz.000532,6.6500,7.0900,6.5500,7.0700,6.6800,6243046,43298636.9900,3,9.019040,1,5.838328,-10.598639,23.934253,195.502049,2.595623,0
2000-03-08,sz.000532,7.1200,7.7800,7.0000,7.7800,7.0700,11405299,86430646.4500,3,16.476708,1,10.042430,-11.663000,26.337835,215.135211,2.856286,0
2000-03-09,sz.000532,7.7800,8.5600,7.7500,8.3000,7.7800,13555893,113449007.5600,3,19.583572,1,6.683804,-12.442532,28.098204,229.514428,3.047195,0
2000-03-10,sz.000532,8.3000,8.3500,7.8700,8.0800,8.3000,8140080,65897156.3700,3,11.759597,1,-2.650605,-12.112730,27.353433,223.430913,2.966426,0
2000-03-13,sz.000532,8.1000,8.8900,8.0300,8.8900,8.0800,6587109,56770664.6900,3,9.516092,1,10.024760,-13.327001,30.095546,245.829309,3.263803,0
2000-03-14,sz.000532,8.8000,9.5000,8.1000,8.7100,8.8900,9869674,87938267.1100,3,14.258262,1,-2.024750,-13.057163,29.486188,240.851888,3.197719,0
2000-03-15,sz.000532,8.5000,8.7700,8.0200,8.1600,8.7100,5441215,45028573.6700,3,7.860672,1,-6.314583,-12.232658,27.624259,225.643100,2.995797,0
2000-03-16,sz.000532,8.0000,8.0000,7.3400,7.5400,8.1600,5288349,40174726.1500,3,7.639833,1,-7.598038,-11.303216,25.525357,208.498649,2.768175,0
2000-03-17,sz.000532,7.4500,8.2900,7.4500,8.2900,7.5400,4242655,34265051.9900,3,6.129167,1,9.946950,-12.427541,28.064351,229.237905,3.043524,0
2000-03-20,sz.000532,8.2000,9.1200,8.0000,9.1200,8.2900,7847309,70318664.2600,3,11.336644,1,10.012060,-13.671794,30.874171,252.189347,3.348243,0
2000-03-21,sz.000532,9.2500,9.8700,8.7500,8.9200,9.1200,5135271,47215480.0200,3,7.418688,1,-2.192981,-13.371974,30.197106,246.658879,3.274817,0
2000-03-22,sz.000532,9.2000,9.3500,8.6400,9.2000,8.9200,3515056,31786395.9000,3,5.078039,1,3.139010,-13.791722,31.144997,254.401535,3.377614,0
2000-03-23,sz.000532,9.2400,9.5100,8.9500,9.3100,9.2000,2153547,19734820.3700,3,3.111130,1,1.195659,-13.956623,31.517383,257.443292,3.417998,0
2000-03-24,sz.000532,9.5000,9.5000,8.8000,8.8200,9.3100,2629224,23960874.1500,3,3.798318,1,-5.263165,-13.222064,29.858574,243.893645,3.238104,0
2000-03-27,sz.000532,8.9000,9.4900,8.8200,9.4300,8.8200,3638157,33199290.2500,3,5.255877,1,6.916107,-14.136515,31.923622,260.761573,3.462054,0
2000-03-28,sz.000532,9.6800,10.3700,9.2700,10.3700,9.4300,6241489,63299018.7300,3,9.016790,1,9.968182,-15.545669,35.105829,286.754773,3.807158,0
2000-03-29,sz.000532,10.4800,10.8300,10.1900,10.3700,10.3700,3922448,41016474.9500,3,5.666579,1,0.000000,-15.545669,35.105829,286.754773,3.807158,0
2000-03-30,sz.000532,10.3200,11.4100,10.0500,11.4100,10.3700,3823132,42301526.2600,3,5.523102,1,10.028930,-17.104734,38.626567,315.513208,4.188975,0
2000-03-31,sz.000532,10.8900,11.8900,10.4000,10.6500,11.4100,7251600,80798209.7200,3,10.476051,1,-6.660826,-15.965417,36.053720,294.497429,3.909955,0
2000-04-03,sz.000532,10.5200,11.7200,10.5000,11.7200,10.6500,4421614,50526502.3000,3,6.387701,1,10.046950,-17.569455,39.676018,324.085433,4.302786,0
2000-04-04,sz.000532,12.1200,12.6800,11.6000,11.6900,11.7200,7191904,86386257.2600,3,10.389811,1,-0.255979,-17.524482,39.574459,323.255863,4.291772,0
2000-04-05,sz.000532,11.7600,12.6100,11.3500,11.8900,11.6900,4769112,57448008.4700,3,6.889716,1,1.710871,-17.824302,40.251524,328.786331,4.365199,0
2000-04-06,sz.000532,11.9700,12.0000,11.0500,11.5100,11.8900,5356739,61009409.9600,3,7.738633,1,-3.195964,-17.254644,38.965100,318.278442,4.225689,0
2000-04-07,sz.000532,11.6000,12.5000,11.6000,12.1200,11.5100,4162003,49674487.7700,3,6.012653,1,5.299736,-18.169095,41.030149,335.146370,4.449639,0
2000-04-10,sz.000532,12.1200,12.4700,11.6500,12.1900,12.1200,2654772,31994200.8200,3,3.835226,1,0.577555,-18.274032,41.267122,337.082033,4.475338,0
2000-04-11,sz.000532,11.7000,12.0000,11.4600,11.5400,12.1900,2860697,33412309.2700,3,4.132717,1,-5.332237,-17.299617,39.066660,319.108012,4.236703,0
2000-04-12,sz.000532,11.4000,11.5000,11.0500,11.1600,11.5400,3165850,35594422.4600,3,4.573557,1,-3.292895,-16.729958,37.780236,308.600122,4.097192,0
2000-04-13,sz.000532,11.1600,12.2700,11.0100,12.0000,11.1600,4547192,53969070.8700,3,6.569118,1,7.526884,-17.989203,40.623910,331.828089,4.405583,0
2000-04-14,sz.000532,12.0200,13.0000,12.0100,12.2100,12.0000,7306142,90466618.8400,3,7.811725,1,1.750000,-18.304014,41.334828,337.635080,4.482681,0
2000-04-17,sz.000532,12.0000,13.4300,11.9000,13.4300,12.2100,6027829,76497753.6700,3,6.444953,1,9.991812,-20.132916,45.464926,371.370936,4.930582,0
2000-04-18,sz.000532,14.0500,14.7700,13.5500,14.7700,13.4300,5310490,77465014.0600,3,5.677974,1,9.977663,-22.141710,50.001262,408.425072,5.422539,0
2000-04-19,sz.000532,15.3000,16.2000,14.2000,14.5000,14.7700,6866985,104744683.3900,3,7.342178,1,-1.828033,-21.736953,49.087224,400.958940,5.323413,0
2000-04-20,sz.000532,14.5000,15.9500,14.2800,15.3400,14.5000,6088204,94722416.8600,3,6.509506,1,5.793104,1563.881041,35.275444,-96.335638,6.227658,0
2000-04-21,sz.000532,14.9800,15.1100,14.0000,14.4000,15.3400,5939481,85798687.1600,3,6.350491,1,-6.127774,1468.049999,33.113845,-90.432411,5.846041,0
2000-04-24,sz.000532,13.9500,15.3000,13.8000,14.7700,14.4000,2543350,37389672.5600,3,2.719349,1,2.569450,1505.770728,33.964687,-92.756022,5.996252,0
2000-04-25,sz.000532,14.7800,15.3800,14.6500,14.7500,14.7700,1200926,17940509.2500,3,1.284030,1,-0.135413,1503.731770,33.918696,-92.630421,5.988132,0
2000-04-26,sz.000532,14.7600,15.0000,14.3100,14.9700,14.7500,1518508,22139185.0000,3,1.623588,1,1.491527,1526.160312,34.424602,-94.012027,6.077447,0
2000-04-27,sz.000532,14.9600,16.2000,14.5800,15.7900,14.9700,4024093,63085036.6900,3,4.302559,1,5.477620,1609.757603,36.310251,-99.161651,6.410346,0
2000-04-28,sz.000532,15.8000,16.1000,15.2500,15.7100,15.7900,2500544,39025482.7400,3,2.673581,1,-0.506649,1601.601770,36.126285,-98.659248,6.377868,0
2000-05-08,sz.000532,16.5100,16.8000,15.9100,16.4000,15.7100,4330776,71234579.4000,3,4.630464,1,4.392104,1671.945833,37.712991,-102.992468,6.657991,0
2000-05-09,sz.000532,16.3800,16.5000,15.2500,15.6100,16.4000,4614056,72840512.8600,3,4.933347,1,-4.817073,1591.406978,35.896328,-98.031246,6.337271,0
2000-05-10,sz.000532,15.5000,15.5000,14.4000,14.5700,15.6100,1736521,25561757.2400,3,1.856688,1,-6.662395,1485.381145,33.504773,-91.500016,5.915057,0
2000-05-11,sz.000532,14.0100,15.3000,13.5000,13.5000,14.5700,2815056,40250880.6300,3,3.009857,1,-7.343855,1376.296874,31.044230,-84.780385,5.480663,0
2000-05-12,sz.000532,13.5000,14.0000,12.3000,12.3900,13.5000,2746583,35826076.9100,3,2.936646,1,-8.222219,1263.134687,28.491704,-77.809554,5.030031,0
2000-05-15,sz.000532,12.0200,12.3000,11.1500,11.1500,12.3900,3199732,36391640.4600,3,3.421152,1,-10.008080,1136.719270,25.640234,-70.022318,4.526622,0
2000-05-16,sz.000532,11.1000,12.2700,10.7000,12.2700,11.1500,3425531,40166219.0600,3,3.662577,1,10.044850,1250.900937,28.215756,-77.055950,4.981314,0
2000-05-17,sz.000532,12.2700,12.4800,11.7800,11.9900,12.2700,1873356,22573669.8300,3,2.002992,1,-2.281994,1222.355520,27.571875,-75.297542,4.867641,0
2000-05-18,sz.000532,11.9900,12.3000,11.8500,12.0900,11.9900,995846,12023961.5500,3,1.064758,1,0.834032,1232.550312,27.801833,-75.925545,4.908239,0
2000-05-19,sz.000532,12.4000,13.2100,12.3000,13.1100,12.0900,2505835,32385153.2000,3,2.679238,1,8.436720,1336.537187,30.147397,-82.331174,5.322333,0
2000-05-22,sz.000532,13.2000,14.2500,13.2000,14.2000,13.1100,2947185,40670989.0800,3,3.151129,1,8.314265,1447.660416,32.653931,-89.176405,5.764846,0
2000-05-23,sz.000532,14.3000,14.6000,13.5000,13.6900,14.2000,3042193,42287413.1100,3,3.252712,1,-3.591551,1395.666979,31.481149,-85.973591,5.557799,0
2000-05-24,sz.000532,13.6800,14.2000,13.3600,13.7800,13.6900,2330386,32173210.5800,3,2.491648,1,0.657415,1404.842291,31.688110,-86.538793,5.594336,0
2000-05-25,sz.000532,13.9700,14.2500,13.1900,13.4700,13.7800,2182430,29692040.0100,3,2.333453,1,-2.249633,1373.238437,30.975243,-84.591984,5.468484,0
2000-05-26,sz.000532,13.4700,13.8900,13.2000,13.6900,13.4700,1362215,18553393.1300,3,1.456480,1,1.633254,1395.666979,31.481149,-85.973591,5.557799,0
2000-05-29,sz.000532,13.8200,13.8200,13.2600,13.2800,13.6900,1500019,20127697.2000,3,1.603820,1,-2.994886,1353.868333,30.538324,-83.398779,5.391349,0
2000-05-30,sz.000532,13.4800,14.2000,13.2800,13.8000,13.2800,2633252,36305793.2900,3,2.815472,1,3.915666,1406.881249,31.734102,-86.664394,5.602456,0
2000-05-31,sz.000532,13.8000,14.1500,13.6500,13.7400,13.8000,1624819,22575768.2400,3,1.737256,1,-0.434786,1400.764374,31.596127,-86.287592,5.578097,0
2000-06-01,sz.000532,13.8200,14.0000,13.4600,13.5800,13.7400,750146,10220594.7600,3,0.802056,1,-1.164482,1384.452708,31.228196,-85.282788,5.513141,0
2000-06-02,sz.000532,13.5200,13.9800,13.5200,13.6200,13.5800,717692,9852944.6100,3,0.767356,1,0.294550,1388.530624,31.320179,-85.533989,5.529380,0
2000-06-05,sz.000532,13.6000,14.1500,13.5900,14.1200,13.6200,2519090,35131246.1200,3,2.693410,1,3.671072,1439.504583,32.469965,-88.674003,5.732368,0
2000-06-06,sz.000532,14.0500,14.7900,13.7500,14.7200,14.1200,3600403,52336854.1900,3,3.849550,1,4.249294,1500.673333,33.849709,-92.442020,5.975953,0
2000-06-07,sz.000532,14.8000,15.1900,14.6000,14.9900,14.7200,2155419,32232447.0600,3,2.304573,1,1.834236,1528.199270,34.470593,-94.137628,6.085566,0
2000-06-08,sz.000532,15.1000,15.4500,14.3000,14.3500,14.9900,2076069,30453722.4400,3,2.219732,1,-4.269509,1462.952603,32.998867,-90.118410,5.825742,0
2000-06-09,sz.000532,14.3500,14.4500,13.5000,13.7600,14.3500,1251859,17433287.8200,3,1.338487,1,-4.111499,1402.803333,31.642119,-86.413193,5.586217,0
2000-06-12,sz.000532,13.7500,14.4900,13.4200,14.3100,13.7600,1127726,15854520.5900,3,1.205764,1,3.997094,1458.874687,32.906884,-89.867208,5.809503,0
2000-06-13,sz.000532,14.5500,14.9800,14.3000,14.4000,14.3100,1578744,23115944.1900,3,1.687993,1,0.628925,1468.049999,33.113845,-90.432411,5.846041,0
2000-06-14,sz.000532,14.4800,14.4800,13.9000,14.2500,14.4000,1411541,19938717.2000,3,1.509219,1,-1.041664,1452.757812,32.768909,-89.490407,5.785145,0
2000-06-15,sz.000532,14.2500,14.3000,13.5900,13.7900,14.2500,1308450,18091892.0400,3,1.398994,1,-3.228070,1405.861770,31.711106,-86.601594,5.598396,0
2000-06-16,sz.000532,13.8300,14.6500,13.7200,14.6000,13.7900,2607990,37104601.2400,3,2.788462,1,5.873825,1488.439583,33.573760,-91.688417,5.927236,0
2000-06-19,sz.000532,15.0000,16.0600,15.0000,16.0600,14.6000,10880073,173994185.3100,3,11.632970,1,9.999993,1637.283541,36.931136,-100.857258,6.519960,0
2000-06-20,sz.000532,17.0000,17.4800,15.9100,16.2900,16.0600,7463362,125663212.2400,3,7.979824,1,1.432139,1660.731562,37.460038,-102.301665,6.613334,0
2000-06-21,sz.000532,16.3000,17.2000,16.3000,16.7100,16.2900,2940055,49540947.2700,3,3.143506,1,2.578258,1703.549687,38.425858,-104.939277,6.783843,0
2000-06-22,sz.000532,16.8000,17.2000,16.5200,16.8400,16.7100,1423635,23914247.6700,3,1.522150,1,0.777984,1716.802916,38.724802,-105.755681,6.836620,0
2000-06-23,sz.000532,16.8400,16.8400,16.8400,16.8400,16.8400,0,0.0000,3,,0,0.000000,1716.802916,38.724802,-105.755681,6.836620,0
2000-06-26,sz.000532,17.5000,17.7500,16.6000,16.8900,16.8400,1772336,30158135.6600,3,1.894981,1,0.296908,1721.900312,38.839781,-106.069682,6.856919,0
2000-06-27,sz.000532,17.0600,17.0600,16.4600,16.9700,16.8900,2185870,36706498.3200,3,2.337131,1,0.473653,1730.056145,39.023747,-106.572084,6.889397,0
2000-06-28,sz.000532,16.9000,17.0500,16.5900,16.8000,16.9700,1187757,19950471.6500,3,1.269949,1,-1.001768,1712.724999,38.632820,-105.504480,6.820381,0
2000-06-29,sz.000532,16.7000,17.0000,15.5000,16.3200,16.8000,1023809,16882535.3400,3,1.094656,1,-2.857140,1663.789999,37.529025,-102.490066,6.625513,0
2000-06-30,sz.000532,16.0000,16.6000,15.6600,16.0900,16.3200,1798452,28895796.5900,3,1.922904,1,-1.409311,1640.341978,37.000123,-101.045659,6.532139,0
2000-07-03,sz.000532,16.1000,16.1000,15.3000,15.7100,16.0900,771281,12053813.8900,3,0.824653,1,-2.361716,1601.601770,36.126285,-98.659248,6.377868,0
2000-07-04,sz.000532,15.5500,16.0000,15.3000,15.9900,15.7100,943595,14800042.2000,3,1.008891,1,1.782303,1630.147187,36.770166,-100.417656,6.491541,0
2000-07-05,sz.000532,15.9000,16.1000,15.5500,15.9600,15.9900,1710989,26991249.8800,3,1.829389,1,-0.187616,1627.088749,36.701179,-100.229256,6.479362,0
2000-07-06,sz.000532,16.0500,16.0600,15.5000,15.7400,15.9600,724399,11393786.1300,3,0.774527,1,-1.378448,1604.660208,36.195273,-98.847649,6.390048,0
2000-07-07,sz.000532,15.6200,15.7000,15.3100,15.5400,15.7400,655148,10183483.9900,3,0.700484,1,-1.270647,1584.270624,35.735358,-97.591644,6.308853,0
2000-07-10,sz.000532,15.9800,16.8000,15.8000,16.6800,15.5400,3286225,54209549.9100,3,3.513631,1,7.335909,1700.491249,38.356871,-104.750876,6.771664,0
2000-07-11,sz.000532,16.7800,17.2400,16.1600,16.4500,16.6800,2611170,43892089.2300,3,2.791862,1,-1.378894,1677.043228,37.827969,-103.306470,6.678290,0
2000-07-12,sz.000532,16.4400,17.1800,16.1200,17.1500,16.4500,4688030,78411685.4900,3,5.012440,1,4.255312,1748.406770,39.437670,-107.702490,6.962472,0
2000-07-13,sz.000532,17.1000,17.2200,15.4400,15.9900,17.1500,5771165,92630294.8600,3,6.170528,1,-6.763848,1630.147187,36.770166,-100.417656,6.491541,0
2000-07-14,sz.000532,16.0000,16.1000,15.0500,15.2600,15.9900,3800129,59090972.1900,3,4.063097,1,-4.565351,1555.725208,35.091478,-95.833236,6.195180,0
2000-07-17,sz.000532,13.7500,15.0000,13.7300,13.7300,15.2600,4160857,58389789.2700,3,4.448787,1,-10.026220,1399.744895,31.573132,-86.224792,5.574038,0
2000-07-18,sz.000532,13.6000,14.0100,12.6000,13.7500,13.7300,4182338,55313896.1300,3,4.471754,1,0.145670,1401.783854,31.619123,-86.350392,5.582157,0
2000-07-19,sz.000532,13.7400,14.0000,13.5100,13.6800,13.7500,1193662,16435806.3500,3,1.276263,1,-0.509089,1394.647499,31.458153,-85.910790,5.553739,0
2000-07-20,sz.000532,13.6800,13.9800,13.5500,13.5800,13.6800,1307681,17960802.8800,3,1.398172,1,-0.730997,1384.452708,31.228196,-85.282788,5.513141,0
2000-07-21,sz.000532,13.5800,14.8200,13.5800,14.5800,13.5800,2103186,30283656.6900,3,2.248726,1,7.363770,1486.400624,33.527768,-91.562816,5.919117,0
2000-07-24,sz.000532,14.5400,14.7900,13.9000,13.9900,14.5800,1921855,27353700.2000,3,2.054847,1,-4.046640,1426.251353,32.171021,-87.857599,5.679591,0
2000-07-25,sz.000532,13.9000,14.4000,13.4000,13.6300,13.9900,1846270,25377793.8100,3,1.974031,1,-2.573264,1389.550104,31.343174,-85.596789,5.533440,0
2000-07-26,sz.000532,13.6500,13.8500,13.2000,13.3900,13.6300,1469673,19797088.3900,3,1.571374,1,-1.760820,1365.082604,30.791277,-84.089582,5.436006,0
2000-07-27,sz.000532,13.4500,13.8000,13.0500,13.5400,13.3900,1707618,22805215.1500,3,1.825785,1,1.120236,1380.374791,31.136213,-85.031586,5.496902,0
2000-07-28,sz.000532,13.5900,13.7200,13.3800,13.4500,13.5400,657735,8879704.5500,3,0.703250,1,-0.664698,1371.199479,30.929251,-84.466384,5.460365,0
2000-07-31,sz.000532,13.4600,13.4600,13.0300,13.1800,13.4500,1300101,17076518.2100,3,1.390068,1,-2.007431,1343.673541,30.308367,-82.770776,5.350751,0
2000-08-01,sz.000532,13.1000,13.5900,13.0800,13.3800,13.1800,908550,12221015.4000,3,0.971421,1,1.517449,1364.063124,30.768281,-84.026782,5.431946,0
2000-08-02,sz.000532,13.4000,14.4800,13.2800,14.2700,13.3800,1813186,25400162.2100,3,1.938658,1,6.651721,-283.597747,39.067911,-89.616007,5.931019,0
2000-08-03,sz.000532,14.4500,14.7500,13.9500,14.1800,14.2700,1525208,21843558.4800,3,1.630752,1,-0.630695,-281.809114,38.821513,-89.050805,5.893612,0
2000-08-04,sz.000532,14.2000,14.3000,13.6900,13.7100,14.1800,1564001,21713973.9500,3,1.672229,1,-3.314529,-272.468473,37.534763,-86.099191,5.698267,0
2000-08-07,sz.000532,13.7200,14.1000,13.1000,13.9700,13.7100,3090650,41278613.7000,3,3.304522,1,1.896428,-277.635636,38.246582,-87.731999,5.806330,0
2000-08-08,sz.000532,14.0800,14.4500,13.4800,13.6800,13.9700,1497601,20557610.1100,3,1.601234,1,-2.075876,-271.872262,37.452630,-85.910790,5.685798,0
2000-08-09,sz.000532,13.3000,13.6500,13.1300,13.6000,13.6800,1612889,21516285.1700,3,1.724500,1,-0.584795,-270.282366,37.233609,-85.408388,5.652548,0
2000-08-10,sz.000532,13.5000,13.5100,13.2000,13.4500,13.6000,1013844,13516484.7600,3,1.084002,1,-1.102945,-267.301310,36.822944,-84.466384,5.590203,0
2000-08-11,sz.000532,13.4000,13.6000,13.0000,13.3300,13.4500,2548816,33540891.5000,3,2.725193,1,-0.892193,-264.916466,36.494412,-83.712780,5.540328,0
2000-08-14,sz.000532,13.2000,13.6000,13.1000,13.3900,13.3300,1584720,21051453.2100,3,1.694382,1,0.450116,-266.108888,36.658678,-84.089582,5.565266,0
2000-08-15,sz.000532,13.4800,14.2000,13.1500,13.9000,13.3900,3962795,54685904.8800,3,4.237019,1,3.808807,-276.244477,38.054938,-87.292397,5.777236,0
2000-08-16,sz.000532,14.0300,14.2000,13.6000,13.8700,13.9000,1542696,21427776.0500,3,1.649450,1,-0.215825,-275.648266,37.972805,-87.103996,5.764767,0
2000-08-17,sz.000532,13.9000,13.9900,13.6200,13.8900,13.8700,896848,12416832.5800,3,0.958910,1,0.144199,-276.045740,38.027561,-87.229596,5.773080,0
2000-08-18,sz.000532,14.2000,14.6000,14.0900,14.1400,13.8900,3588905,51394967.0000,3,3.837256,1,1.799856,-281.014166,38.712002,-88.799604,5.876987,0
2000-08-21,sz.000532,14.2000,14.4200,13.8500,13.9000,14.1400,1515080,21170617.1800,3,1.619923,1,-1.697318,-276.244477,38.054938,-87.292397,5.777236,0
2000-08-22,sz.000532,13.9000,14.0900,13.7200,13.9500,13.9000,1505408,20959863.8800,3,1.609582,1,0.359714,-277.238162,38.191827,-87.606398,5.798018,0
2000-08-23,sz.000532,13.9500,14.0500,13.3600,13.9400,13.9500,1726513,23678611.9700,3,1.845987,1,-0.071686,-277.039425,38.164449,-87.543598,5.793861,0
2000-08-24,sz.000532,13.9500,14.1000,13.5600,14.1000,13.9400,1423536,19883467.6500,3,1.522044,1,1.147782,-280.219217,38.602491,-88.548402,5.860362,0
2000-08-25,sz.000532,14.0100,14.3900,13.8100,13.9300,14.1000,791929,11094677.0200,3,0.846730,1,-1.205674,-276.840688,38.137071,-87.480798,5.789705,0
2000-08-28,sz.000532,13.9300,14.5500,13.8500,14.4300,13.9300,2924995,41942873.8800,3,3.127404,1,3.589375,-286.777540,39.505954,-90.620812,5.997519,0
2000-08-29,sz.000532,14.4300,14.9800,13.9000,14.4600,14.4300,3900147,56942040.4200,3,4.170036,1,0.207898,-287.373751,39.588087,-90.809213,6.009988,0
2000-08-30,sz.000532,14.5000,14.5800,13.9800,13.9900,14.4600,1524479,21656222.4600,3,1.629972,1,-3.250347,-278.033110,38.301337,-87.857599,5.814643,0
2000-08-31,sz.000532,13.9700,13.9700,13.6200,13.6400,13.9900,1042608,14342690.8700,3,1.114756,1,-2.501783,-271.077314,37.343119,-85.659589,5.669173,0
2000-09-01,sz.000532,13.6200,13.8000,13.5200,13.7000,13.6400,555833,7586776.4700,3,0.594296,1,0.439879,-272.269736,37.507385,-86.036391,5.694110,0
2000-09-04,sz.000532,13.7500,13.9000,13.7000,13.8000,13.7000,440943,6089167.0000,3,0.471456,1,0.729930,-274.257106,37.781162,-86.664394,5.735673,0
2000-09-05,sz.000532,13.8000,13.9900,13.0500,13.2000,13.8000,1982350,26525504.7500,3,2.119528,1,-4.347829,-262.332884,36.138503,-82.896377,5.486296,0
2000-09-06,sz.000532,13.2000,13.6500,13.0000,13.1400,13.2000,636262,8376308.7100,3,0.680291,1,-0.454541,-261.140462,35.974237,-82.519575,5.461358,0
2000-09-07,sz.000532,13.1500,13.4400,13.0500,13.2100,13.1400,367200,4859265.9300,3,0.392610,1,0.532722,-262.531621,36.165880,-82.959177,5.490452,0
2000-09-08,sz.000532,13.2900,13.2900,12.6000,12.7000,13.2100,972850,12493713.0600,3,1.040171,1,-3.860713,-252.396033,34.769620,-79.756362,5.278482,0
2000-09-11,sz.000532,12.6000,13.9700,12.6000,13.9700,12.7000,2939046,40307104.5600,3,3.142427,1,10.000000,-277.635636,38.246582,-87.731999,5.806330,0
2000-09-12,sz.000532,14.2500,14.8800,14.2100,14.6900,13.9700,8246934,121100402.3400,3,8.817619,1,5.153896,-291.944702,40.217773,-92.253619,6.105583,0
2000-09-13,sz.000532,14.7000,16.0000,14.7000,15.6200,14.6900,5720397,87359777.5600,3,6.116247,1,6.330840,-310.427247,42.763895,-98.094046,6.492117,0
2000-09-14,sz.000532,15.7000,16.3500,15.3000,15.4700,15.6200,5491256,85965659.3300,3,5.871249,1,-0.960305,-307.446191,42.353230,-97.152042,6.429773,0
2000-09-15,sz.000532,15.9000,16.5500,15.6000,16.2300,15.4700,6434806,103803203.3600,3,6.880092,1,4.912730,-322.550206,44.433932,-101.924863,6.745650,0
2000-09-18,sz.000532,16.4000,16.8000,15.6100,16.6900,16.2300,7219595,118465891.2700,3,7.719189,1,2.834264,-331.692109,45.693304,-104.813676,6.936840,0
2000-09-19,sz.000532,16.5900,16.9300,15.8500,16.0100,16.6900,3968497,65099989.0400,3,4.243116,1,-4.074298,-318.177991,43.831623,-100.543257,6.654212,0
2000-09-20,sz.000532,15.8300,17.2800,15.8200,16.9900,16.0100,10102916,164877474.3100,3,10.802034,1,6.121171,-337.654220,46.514633,-106.697685,7.061528,0
2000-09-21,sz.000532,17.0500,17.5500,16.6500,17.2300,16.9900,4565718,78534473.2000,3,4.881664,1,1.412594,-342.423909,47.171697,-108.204892,7.161279,0
2000-09-22,sz.000532,17.1000,17.4000,16.7900,16.9700,17.2300,2390008,40616231.6000,3,2.555396,1,-1.508997,-337.256746,46.459878,-106.572084,7.053216,0
2000-09-25,sz.000532,17.0000,17.1000,16.6100,16.8300,16.9700,1605458,27054511.9200,3,1.716555,1,-0.824982,-334.474428,46.076591,-105.692880,6.995028,0
2000-09-26,sz.000532,16.8300,18.3000,16.6300,17.6900,16.8300,4597565,80411916.6500,3,4.915715,1,5.109926,-351.565813,48.431069,-111.093705,7.352468,0
2000-09-27,sz.000532,17.7500,18.2300,17.5500,18.0000,17.6900,2293705,41158546.7500,3,2.452429,1,1.752399,-357.726661,49.279776,-113.040514,7.481313,0
2000-09-28,sz.000532,17.8100,18.1900,17.4200,17.6100,18.0000,2276070,40435903.9500,3,2.433573,1,-2.166663,-349.975916,48.212048,-110.591303,7.319218,0
2000-09-29,sz.000532,17.6000,17.9900,16.7200,17.2000,17.6100,6491030,112103915.8500,3,6.940207,1,-2.328222,-341.827698,47.089564,-108.016491,7.148810,0
2000-10-09,sz.000532,17.7900,18.2500,17.1500,18.0800,17.2000,2998814,53191189.2800,3,3.206331,1,5.116274,-359.316557,49.498797,-113.542916,7.514563,0
2000-10-10,sz.000532,18.0000,18.6800,17.9000,18.4000,18.0800,4167293,76253159.9800,3,4.455668,1,1.769910,-365.676142,50.374882,-115.552525,7.647564,0
2000-10-11,sz.000532,18.5000,19.2500,18.1000,19.1900,18.4000,2283357,42918568.0400,3,2.441365,1,4.293484,-381.376368,52.537717,-120.513748,7.975911,0
2000-10-12,sz.000532,19.1500,19.6200,18.7500,19.2300,19.1900,2368385,45816046.6700,3,2.532276,1,0.208437,-382.171316,52.647228,-120.764949,7.992536,0
2000-10-13,sz.000532,19.0200,19.7400,19.0200,19.6700,19.2300,1473615,28627681.0200,3,1.575589,1,2.288094,-390.915745,53.851844,-123.528161,8.175412,0
2000-10-16,sz.000532,19.5100,19.7800,18.8000,19.5500,19.6700,2015513,38788896.5500,3,2.154986,1,-0.610070,-388.530901,53.523312,-122.774558,8.125537,0
2000-10-17,sz.000532,19.0500,19.8600,18.8000,19.2500,19.5500,2759628,53369156.5000,3,2.950593,1,-1.534523,-382.568790,52.701983,-120.890549,8.000849,0
2000-10-18,sz.000532,19.1800,19.4900,18.7500,19.2100,19.2500,1627814,31048330.4600,3,1.740458,1,-0.207797,-381.773842,52.592472,-120.639348,7.984223,0
2000-10-19,sz.000532,18.9000,19.2000,18.5300,18.8400,19.2100,1030900,19332158.1400,3,1.102238,1,-1.926075,-374.420571,51.579499,-118.315738,7.830441,0
2000-10-20,sz.000532,18.8000,19.4900,18.1100,18.7000,18.8400,3134335,58376862.2900,3,3.351230,1,-0.743097,-371.638253,51.196212,-117.436534,7.772253,0
2000-10-23,sz.000532,18.6500,18.9900,18.5200,18.7700,18.7000,1047721,19643535.5700,3,1.120223,1,0.374330,-373.029412,51.387856,-117.876136,7.801347,0
2000-10-24,sz.000532,18.8000,19.4500,18.0100,19.3800,18.7700,1523491,28907597.5800,3,1.628916,1,3.249860,-385.152371,53.057892,-121.706953,8.054880,0
2000-10-25,sz.000532,19.2000,19.5400,19.2000,19.3600,19.3800,697842,13567191.7300,3,0.746132,1,-0.103192,-384.754897,53.003137,-121.581353,8.046568,0
2000-10-26,sz.000532,19.3000,19.4800,18.8500,19.1700,19.3600,824929,15831634.5600,3,0.882014,1,-0.981408,-380.978893,52.482962,-120.388147,7.967598,0
2000-10-27,sz.000532,19.1100,19.1200,18.7800,18.9800,19.1700,472300,8932835.7700,3,0.504983,1,-0.991135,-377.202890,51.962786,-119.194942,7.888629,0
2000-10-30,sz.000532,19.0000,20.6000,19.0000,20.0200,18.9800,1123299,22055591.5200,3,1.201031,1,5.479457,-397.871541,54.810062,-125.726171,8.320882,0
2000-10-31,sz.000532,20.0200,20.9600,19.2500,20.4800,20.0200,3029810,61755844.3200,3,3.239472,1,2.297698,-407.013445,56.069434,-128.614985,8.512072,0
2000-11-01,sz.000532,20.4800,21.3400,19.8000,21.0400,20.4800,2649783,55570717.8000,3,2.833147,1,2.734382,-418.142719,57.602583,-132.131801,8.744824,0
2000-11-02,sz.000532,21.2000,21.5500,20.7000,21.1200,21.0400,1279730,27102175.5100,3,1.368287,1,0.380228,-419.732615,57.821604,-132.634203,8.778074,0
2000-11-03,sz.000532,21.2000,21.2800,20.5000,20.8000,21.1200,914373,19097016.5700,3,0.977647,1,-1.515159,-413.373030,56.945519,-130.624594,8.645073,0
2000-11-06,sz.000532,20.8100,21.3000,20.8000,21.2200,20.8000,749796,15853643.7400,3,0.801682,1,2.019231,-421.719985,58.095381,-133.262206,8.819637,0
2000-11-07,sz.000532,21.4500,21.4500,20.7000,20.9600,21.2200,650509,13669870.4200,3,0.695524,1,-1.225260,-416.552823,57.383562,-131.629398,8.711573,0
2000-11-08,sz.000532,20.8800,20.9800,20.0000,20.4700,20.9600,1357134,27723881.0800,3,1.451047,1,-2.337785,-406.814708,56.042057,-128.552184,8.507915,0
2000-11-09,sz.000532,20.3700,20.6000,19.9000,20.3000,20.4700,1377576,27786328.9200,3,1.472904,1,-0.830484,-403.436178,55.576637,-127.484579,8.437258,0
2000-11-10,sz.000532,20.3800,20.6900,20.1500,20.6400,20.3000,952020,19360239.0300,3,1.017899,1,1.674878,-410.193237,56.507477,-129.619789,8.578572,0
2000-11-13,sz.000532,20.9900,21.2600,20.3000,20.9900,20.6400,803063,16877265.6200,3,0.858635,1,1.695738,-417.149034,57.465695,-131.817799,8.724042,0
2000-11-14,sz.000532,21.3000,21.3100,20.0800,20.5400,20.9900,1856907,37823202.2800,3,1.985404,1,-2.143872,-408.205867,56.233700,-128.991786,8.537009,0
2000-11-15,sz.000532,20.5500,20.5800,19.3000,19.5600,20.5400,2028842,39991244.2200,3,2.169237,1,-4.771185,-388.729638,53.550690,-122.837358,8.129693,0
2000-11-16,sz.000532,20.3200,20.3200,19.0000,19.4100,19.5600,1944471,37835820.8200,3,2.079028,1,-0.766869,-385.748582,53.140025,-121.895354,8.067349,0
2000-11-17,sz.000532,19.4200,20.0800,19.4200,19.6000,19.4100,1159172,22979243.1200,3,1.239386,1,0.978880,-389.524586,53.660201,-123.088559,8.146319,0
2000-11-20,sz.000532,19.6100,20.7000,19.6100,20.6700,19.6000,1425148,28583272.2700,3,1.523768,1,5.459182,-410.789449,56.589610,-129.808190,8.591041,0
2000-11-21,sz.000532,21.3000,21.5700,20.3000,20.3800,20.6700,1606003,33424668.2100,3,1.717138,1,-1.403004,-405.026075,55.795658,-127.986982,8.470509,0
2000-11-22,sz.000532,20.8700,20.8700,20.1800,20.3900,20.3800,796370,16407262.6800,3,0.851479,1,0.049069,-405.224812,55.823035,-128.049782,8.474665,0
2000-11-23,sz.000532,20.0000,20.5900,19.6500,19.8300,20.3900,1350709,26914223.7000,3,1.444178,1,-2.746442,-394.095538,54.289887,-124.532966,8.241913,0
2000-11-24,sz.000532,20.0000,20.0000,18.7000,19.4800,19.8300,1977217,37960143.2300,3,2.114040,1,-1.765004,-387.139742,53.331669,-122.334956,8.096443,0
2000-11-27,sz.000532,19.5500,19.8000,18.7300,19.5700,19.4800,1725934,33226001.3100,3,1.845368,1,0.462013,-388.928375,53.578068,-122.900159,8.133850,0
2000-11-28,sz.000532,19.6000,20.0000,19.2500,19.4700,19.5700,506304,9861710.6400,3,0.541340,1,-0.510988,-386.941004,53.304291,-122.272156,8.092287,0
2000-11-29,sz.000532,19.5000,20.0000,18.7000,19.2200,19.4700,996765,19171352.9700,3,1.065741,1,-1.284027,-381.972579,52.619850,-120.702149,7.988380,0
2000-11-30,sz.000532,18.8000,19.3800,18.6000,18.6700,19.2200,1166910,21924967.8000,3,1.247660,1,-2.861599,-371.042042,51.114079,-117.248133,7.759784,0
2000-12-01,sz.000532,18.6900,18.7000,17.6900,17.8900,18.6700,2141009,38445078.3100,3,2.289166,1,-4.177829,-355.540553,48.978622,-112.349711,7.435594,0
2000-12-04,sz.000532,17.8900,18.1800,17.3500,18.1700,17.8900,1459364,25795898.0700,3,1.560352,1,1.565124,-361.105190,49.745196,-114.108119,7.551970,0
2000-12-05,sz.000532,18.1800,18.9900,18.1500,18.9400,18.1700,1539876,28578983.8400,3,1.646435,1,4.237757,-376.407942,51.853276,-118.943741,7.872004,0
2000-12-06,sz.000532,18.9500,19.2700,17.9000,18.2700,18.9400,1222200,22709565.1600,3,1.306776,1,-3.537487,-363.092560,50.018973,-114.736121,7.593533,0
2000-12-07,sz.000532,18.0300,18.3800,17.8800,18.0000,18.2700,721245,13032168.6700,3,0.771155,1,-1.477835,-357.726661,49.279776,-113.040514,7.481313,0
2000-12-08,sz.000532,18.0000,18.1000,17.8000,17.8800,18.0000,745527,13383203.7900,3,0.797117,1,-0.666671,-355.341816,48.951244,-112.286910,7.431437,0
2000-12-11,sz.000532,17.7000,18.0000,17.6200,17.6700,17.8800,363310,6443206.5000,3,0.388451,1,-1.174492,-351.168338,48.376314,-110.968104,7.344156,0
2000-12-12,sz.000532,17.6700,18.6500,17.4000,18.6400,17.6700,1310869,23685224.1500,3,1.401581,1,5.489526,-370.445831,51.031946,-117.059732,7.747315,0
2000-12-13,sz.000532,19.0200,19.1000,18.2000,18.3200,18.6400,973500,18068653.8500,3,1.040866,1,-1.716737,-364.086246,50.155861,-115.050123,7.614314,0
2000-12-14,sz.000532,18.4000,18.4800,17.6900,17.9700,18.3200,735651,13252233.2800,3,0.786558,1,-1.910483,-357.130449,49.197643,-112.852113,7.468844,0
2000-12-15,sz.000532,17.9500,18.2600,17.5000,17.7300,17.9700,841162,15034502.1400,3,0.899370,1,-1.335558,-352.360761,48.540580,-111.344906,7.369093,0
2000-12-18,sz.000532,17.7300,18.1800,17.4800,17.9500,17.7300,461012,8176206.7900,3,0.492914,1,1.240842,-356.732975,49.142888,-112.726512,7.460531,0
2000-12-19,sz.000532,17.9000,18.0000,17.6000,17.9700,17.9500,542280,9673335.1900,3,0.579806,1,0.111412,-357.130449,49.197643,-112.852113,7.468844,0
2000-12-20,sz.000532,18.0000,18.2100,17.8000,18.0700,17.9700,433391,7830548.8700,3,0.463382,1,0.556485,-359.117820,49.471420,-113.480116,7.510407,0
2000-12-21,sz.000532,18.0700,18.2700,17.8000,18.1800,18.0700,428909,7737120.5000,3,0.458589,1,0.608747,-361.303927,49.772574,-114.170919,7.556126,0
2000-12-22,sz.000532,17.9000,18.0900,17.7000,17.9400,18.1800,571382,10199313.8600,3,0.610921,1,-1.320131,-356.534238,49.115510,-112.663712,7.456375,0
2000-12-25,sz.000532,17.9900,18.0800,17.4000,17.7000,17.9400,1272700,22517612.4000,3,1.360770,1,-1.337791,-351.764550,48.458447,-111.156505,7.356624,0
2000-12-26,sz.000532,17.7000,17.8900,17.4000,17.7900,17.7000,1073401,18972625.7200,3,1.147680,1,0.508475,-353.553183,48.704845,-111.721708,7.394031,0
2000-12-27,sz.000532,17.6000,17.9800,17.5100,17.9500,17.7900,1126589,20099431.6600,3,1.204549,1,0.899381,-356.732975,49.142888,-112.726512,7.460531,0
2000-12-28,sz.000532,18.9800,18.9800,17.8000,18.0000,17.9500,3221420,59267115.7900,3,3.444341,1,0.278547,-357.726661,49.279776,-113.040514,7.481313,0
2000-12-29,sz.000532,18.0000,18.0000,18.0000,18.0000,18.0000,0,0.0000,3,,0,0.000000,-357.726661,49.279776,-113.040514,7.481313,0
2001-01-02,sz.000532,18.0000,18.3000,17.6100,17.9100,18.0000,573949,10247583.3000,3,0.613666,1,-0.500001,-355.938027,49.033377,-112.475311,7.443906,0
2001-01-03,sz.000532,17.9000,17.9000,17.4800,17.6500,17.9100,875439,15409194.1000,3,0.936019,1,-1.451704,-350.770864,48.321558,-110.842504,7.335843,0
2001-01-04,sz.000532,17.5900,17.6500,17.1100,17.4300,17.6500,1181898,20504123.5100,3,1.263685,1,-1.246455,-346.398650,47.719250,-109.460897,7.244405,0
2001-01-05,sz.000532,17.3800,17.9000,16.9000,17.6000,17.4300,1298277,22570638.4800,3,1.388117,1,0.975330,-349.777179,48.184670,-110.528502,7.315062,0
2001-01-08,sz.000532,17.6000,17.6000,16.8800,16.8900,17.6000,952541,16244816.3100,3,1.018457,1,-4.034096,-335.666850,46.240857,-106.069682,7.019965,0
2001-01-09,sz.000532,16.8300,17.2000,16.0000,17.1400,16.8900,1365517,23003591.0000,3,1.460010,1,1.480166,-340.635276,46.925298,-107.639689,7.123872,0
2001-01-10,sz.000532,17.2500,17.4800,17.2000,17.4100,17.1400,543818,9448470.9900,3,0.581450,1,1.575265,-346.001176,47.664495,-109.335297,7.236092,0
2001-01-11,sz.000532,17.3500,18.0000,17.3500,17.5800,17.4100,781421,13878011.1800,3,0.835495,1,0.976451,-349.379705,48.129915,-110.402902,7.306749,0
2001-01-12,sz.000532,17.5400,17.7000,17.0800,17.3600,17.5800,278680,4830843.1800,3,0.297965,1,-1.251418,-345.007490,47.527606,-109.021295,7.215311,0
2001-01-15,sz.000532,16.5100,17.2000,16.5100,16.5400,17.3600,652943,10941227.1300,3,0.698126,1,-4.723500,-328.711054,45.282639,-103.871672,6.874495,0
2001-01-16,sz.000532,16.5000,16.5000,16.0700,16.4400,16.5400,627554,10223566.8200,3,0.670981,1,-0.604597,-326.723683,45.008862,-103.243669,6.832932,0
2001-01-17,sz.000532,16.1500,16.5000,16.1500,16.3000,16.4400,182959,2987060.0900,3,0.195620,1,-0.851589,-323.941365,44.625575,-102.364465,6.774744,0
2001-01-18,sz.000532,16.5500,16.5500,15.8100,16.2200,16.3000,699105,11382357.5400,3,0.747483,1,-0.490797,-322.351469,44.406554,-101.862063,6.741494,0
2001-01-19,sz.000532,16.1800,16.3000,16.1200,16.3000,16.2200,384604,6248370.0200,3,0.411218,1,0.493218,-323.941365,44.625575,-102.364465,6.774744,0
2001-02-05,sz.000532,16.0000,16.3000,15.5300,15.5800,16.3000,367001,5807436.4100,3,0.392397,1,-4.417174,-309.632298,42.654384,-97.842845,6.475492,0
2001-02-06,sz.000532,15.4300,15.4300,14.1000,14.8000,15.5800,675195,9871872.1000,3,0.721918,1,-5.006417,-294.130810,40.518927,-92.944422,6.151302,0
2001-02-07,sz.000532,14.4000,14.7500,14.3800,14.5000,14.8000,128260,1860022.4700,3,0.137136,1,-2.027028,-288.168699,39.697598,-91.060414,6.026613,0
2001-02-08,sz.000532,14.5000,14.7000,13.8100,13.9000,14.5000,285481,4043457.8900,3,0.305236,1,-4.137934,-276.244477,38.054938,-87.292397,5.777236,0
2001-02-09,sz.000532,14.0100,14.3800,13.8800,14.1300,13.9000,557051,7833760.7200,3,0.595599,1,1.654680,-280.815429,38.684624,-88.736803,5.872831,0
2001-02-12,sz.000532,14.0300,14.7700,14.0100,14.6000,14.1300,240773,3451264.9000,3,0.257434,1,3.326258,-290.156069,39.971374,-91.688417,6.068176,0
2001-02-13,sz.000532,14.6000,15.0700,14.0100,14.9000,14.6000,410851,6063181.3500,3,0.439282,1,2.054789,-296.118180,40.792704,-93.572425,6.192865,0
2001-02-14,sz.000532,14.8900,15.2900,14.4800,14.5300,14.9000,250400,3717380.0000,3,0.267728,1,-2.483221,-288.764910,39.779730,-91.248815,6.039082,0
2001-02-15,sz.000532,14.5000,14.5000,14.2000,14.3600,14.5300,98629,1409530.0900,3,0.105454,1,-1.169994,-285.386380,39.314310,-90.181210,5.968425,0
2001-02-16,sz.000532,14.3000,14.4800,14.1800,14.4200,14.3600,122058,1747072.5400,3,0.130504,1,0.417830,-286.578803,39.478576,-90.558012,5.993363,0
2001-02-19,sz.000532,14.1000,14.5100,14.1000,14.4200,14.4200,143760,2065421.0000,3,0.153708,1,0.000000,-286.578803,39.478576,-90.558012,5.993363,0
2001-02-20,sz.000532,14.4000,14.5500,14.2500,14.3200,14.4200,385044,5537269.5000,3,0.411689,1,-0.693484,-284.591432,39.204800,-89.930009,5.951800,0
2001-02-21,sz.000532,14.2100,14.2500,12.9200,12.9600,14.3200,789592,10475340.8300,3,0.844232,1,-9.497205,-257.563196,35.481439,-81.389170,5.386545,0
2001-02-22,sz.000532,12.9000,13.1000,12.5000,12.7000,12.9600,573172,7332880.2200,3,0.612835,1,-2.006175,-252.396033,34.769620,-79.756362,5.278482,0
2001-02-23,sz.000532,12.5000,12.9800,12.4900,12.9300,12.7000,851959,10749087.6400,3,0.910914,1,1.811028,-256.966984,35.399306,-81.200769,5.374076,0
2001-02-26,sz.000532,12.9600,14.2200,12.9600,14.2200,12.9300,1842770,25532795.3000,3,1.970289,1,9.976797,-282.604062,38.931023,-89.302006,5.910237,0
2001-02-27,sz.000532,14.3800,14.5000,13.8300,13.9400,14.2200,935498,13138801.0400,3,1.000234,1,-1.969063,-277.039425,38.164449,-87.543598,5.793861,0
2001-02-28,sz.000532,13.9400,14.6500,13.6500,14.3400,13.9400,591830,8397610.4100,3,0.632784,1,2.869445,-284.988906,39.259555,-90.055609,5.960113,0
2001-03-01,sz.000532,14.1100,14.4000,14.0000,14.2000,14.3400,401662,5697699.9600,3,0.429457,1,-0.976293,-282.206588,38.876268,-89.176405,5.901925,0
2001-03-02,sz.000532,14.1000,14.2900,13.9000,14.2800,14.2000,515043,7265755.7000,3,0.550684,1,0.563380,-283.796484,39.095289,-89.678808,5.935175,0
2001-03-05,sz.000532,14.3600,14.3700,14.0300,14.1300,14.2800,251422,3556016.2000,3,0.268820,1,-1.050418,-280.815429,38.684624,-88.736803,5.872831,0
2001-03-06,sz.000532,14.1800,14.1800,13.8800,14.0000,14.1300,201800,2822641.3000,3,0.215764,1,-0.920029,-278.231847,38.328715,-87.920400,5.818799,0
2001-03-07,sz.000532,14.0000,14.4900,13.9500,14.4200,14.0000,339584,4856772.9800,3,0.363083,1,3.000000,-286.578803,39.478576,-90.558012,5.993363,0
2001-03-08,sz.000532,14.4500,15.1700,14.2100,15.1000,14.4200,1958854,28748819.0900,3,2.094406,1,4.715675,-300.092921,41.340257,-94.828431,6.275990,0
2001-03-09,sz.000532,15.1000,15.5000,14.7600,15.0600,15.1000,2581589,39334942.8700,3,2.760234,1,-0.264900,-299.297973,41.230746,-94.577230,6.259365,0
2001-03-12,sz.000532,15.0100,15.2000,14.7500,14.9300,15.0600,1015492,15126630.5300,3,1.085764,1,-0.863215,-296.714391,40.874837,-93.760826,6.205333,0
2001-03-13,sz.000532,14.6500,15.1000,14.4000,14.9400,14.9300,1464025,21685200.8100,3,1.565335,1,0.066974,-20.925876,0.000000,40.153303,8.540770,0
2001-03-14,sz.000532,14.9500,15.2300,14.7600,14.9700,14.9400,3755561,56436062.4300,3,4.015445,1,0.200808,-20.967896,0.000000,40.233932,8.557920,0
2001-03-15,sz.000532,14.9900,15.0000,14.7200,14.9000,14.9700,1452331,21540242.5100,3,1.552832,1,-0.467606,-20.869849,0.000000,40.045797,8.517903,0
2001-03-16,sz.000532,15.0100,15.1500,14.8300,14.8700,14.9000,2304336,34508039.4200,3,2.463795,1,-0.201341,-20.827830,0.000000,39.965168,8.500753,0
2001-03-19,sz.000532,14.9100,15.2700,14.4100,14.6000,14.8700,2682734,39717881.1700,3,2.868378,1,-1.815733,-20.449651,0.000000,39.239506,8.346402,0
2001-03-20,sz.000532,14.5000,14.8700,14.3000,14.3200,14.6000,1294470,18774066.7000,3,1.384047,1,-1.917813,-20.057466,0.000000,38.486967,8.186334,0
2001-03-21,sz.000532,14.3200,14.5000,13.7800,13.9500,14.3200,1981367,27910356.3700,3,2.118477,1,-2.583798,-19.539221,0.000000,37.492542,7.974815,0
2001-03-22,sz.000532,14.0000,14.3800,13.6800,14.3000,13.9500,2133587,29832705.8200,3,2.281231,1,2.508963,-20.029453,0.000000,38.433215,8.174900,0
2001-03-23,sz.000532,14.3200,14.4900,13.9000,13.9800,14.3000,1705181,24180148.8200,3,1.823179,1,-2.237767,-19.581241,0.000000,37.573171,7.991965,0
2001-03-26,sz.000532,13.9000,14.2900,13.7700,14.2000,13.9800,1067515,15047931.7200,3,1.141387,1,1.573679,-19.889387,0.000000,38.164451,8.117733,0
2001-03-27,sz.000532,14.4900,15.6200,14.4500,15.6200,14.2000,4089662,61794235.0600,3,4.372665,1,10.000000,-21.878325,0.000000,41.980896,8.929506,0
2001-03-28,sz.000532,15.6200,16.1100,15.3100,15.7000,15.6200,3635555,57430738.8200,3,3.887134,1,0.512163,-21.990378,0.000000,42.195907,8.975240,0
2001-03-29,sz.000532,15.6500,16.9200,15.6400,16.5500,15.7000,4446675,73697973.2500,3,4.754383,1,5.414009,-23.180940,0.000000,44.480399,9.461161,0
2001-03-30,sz.000532,16.6000,16.9500,16.3500,16.7900,16.5500,2478571,41379389.9900,3,2.650087,1,1.450161,-23.517099,0.000000,45.125432,9.598362,0
2001-04-02,sz.000532,16.8000,16.9500,16.4200,16.7400,16.7900,1773296,29641196.3000,3,1.896008,1,-0.297803,-23.447066,0.000000,44.991050,9.569778,0
2001-04-03,sz.000532,16.9800,16.9800,16.4500,16.6600,16.7400,1050976,17560232.1300,3,1.123703,1,-0.477897,-23.335013,0.000000,44.776039,9.524045,0
2001-04-04,sz.000532,16.5900,16.7800,15.6600,15.7700,16.6600,2815036,45225634.4400,3,3.009836,1,-5.342134,-22.088425,0.000000,42.384042,9.015257,0
2001-04-05,sz.000532,15.6600,16.0500,15.5500,15.9800,15.7700,1099199,17458435.0700,3,1.175263,1,1.331637,-22.382563,0.000000,42.948445,9.135308,0
2001-04-06,sz.000532,16.0200,16.2000,15.6800,15.9500,15.9800,882861,14094573.1100,3,0.943955,1,-0.187733,-22.340544,0.000000,42.867816,9.118158,0
2001-04-09,sz.000532,15.9000,16.4900,15.6100,16.3500,15.9500,962184,15610024.1800,3,1.028767,1,2.507841,-22.900808,0.000000,43.942871,9.346826,0
2001-04-10,sz.000532,16.5100,16.5700,16.2900,16.4100,16.3500,664429,10926660.9000,3,0.710407,1,0.366969,-22.984848,0.000000,44.104129,9.381127,0
2001-04-11,sz.000532,16.4500,16.5600,16.1000,16.2500,16.4100,548306,8918050.7600,3,0.586249,1,-0.975014,-22.760742,0.000000,43.674108,9.289659,0
2001-04-12,sz.000532,16.2000,16.5000,16.2000,16.3400,16.2500,826747,13501517.7500,3,0.883958,1,0.553847,-22.886801,0.000000,43.915995,9.341110,0
2001-04-13,sz.000532,16.3500,16.9000,16.3500,16.7900,16.3400,1312808,22009023.5800,3,1.403654,1,2.753983,-23.517099,0.000000,45.125432,9.598362,0
2001-04-16,sz.000532,16.7900,16.7900,16.7900,16.7900,16.7900,0,0.0000,3,,0,0.000000,-23.517099,0.000000,45.125432,9.598362,0
2001-04-17,sz.000532,16.8000,17.4300,16.7200,16.8900,16.7900,1554148,26530730.2100,3,1.661695,1,0.595584,-23.657165,0.000000,45.394195,9.655529,0
2001-04-18,sz.000532,17.0000,17.0200,16.3000,16.3900,16.8900,1178099,19423863.6000,3,1.259623,1,-2.960332,-22.956834,0.000000,44.050377,9.369693,0
2001-04-19,sz.000532,16.3900,16.7000,16.1000,16.4800,16.3900,776082,12660930.1900,3,0.829787,1,0.549116,-23.082894,0.000000,44.292264,9.421144,0
2001-04-20,sz.000532,16.4000,16.6000,16.2100,16.2100,16.4800,610455,9969940.2500,3,0.652698,1,-1.638352,-22.704715,0.000000,43.566602,9.266792,0
2001-04-23,sz.000532,16.0000,16.3100,16.0000,16.1300,16.2100,635903,10256343.9900,3,0.679907,1,-0.493522,-22.592663,0.000000,43.351591,9.221059,0
2001-04-24,sz.000532,16.1000,16.6200,16.1000,16.2600,16.1300,612375,10036563.4200,3,0.654751,1,0.805958,-22.774748,0.000000,43.700984,9.295376,0
2001-04-25,sz.000532,16.3300,16.5000,16.2100,16.3400,16.2600,628652,10280861.4500,3,0.672155,1,0.492005,-22.886801,0.000000,43.915995,9.341110,0
2001-04-26,sz.000532,16.3000,16.9800,16.2000,16.8100,16.3400,1318343,21861486.2800,3,1.409572,1,2.876373,-23.545112,0.000000,45.179184,9.609795,0
2001-04-27,sz.000532,16.9500,17.3000,16.7100,17.1800,16.8100,2200553,37658399.1100,3,2.352831,1,2.201076,-24.063357,0.000000,46.173610,9.821314,0
2001-04-30,sz.000532,17.2200,17.4000,16.9000,16.9200,17.1800,855770,14641028.7700,3,0.914989,1,-1.513389,-23.699185,0.000000,45.474825,9.672679,0
2001-05-08,sz.000532,16.8900,17.5300,16.7500,17.4200,16.9200,1199423,20695193.9600,3,1.282423,1,2.955083,-24.399515,0.000000,46.818643,9.958515,0
2001-05-09,sz.000532,17.6000,17.6900,17.3000,17.4000,17.4200,958271,16741022.3700,3,1.024583,1,-0.114813,-24.371502,0.000000,46.764890,9.947081,0
2001-05-10,sz.000532,17.3800,17.5000,17.0500,17.1000,17.4000,712845,12261708.1500,3,0.762174,1,-1.724134,-23.951304,0.000000,45.958599,9.775580,0
2001-05-11,sz.000532,17.2000,17.3500,16.9100,17.2700,17.1000,446218,7660241.7500,3,0.477096,1,0.994152,-24.189416,0.000000,46.415498,9.872764,0
2001-05-14,sz.000532,17.2700,17.3600,17.0000,17.1100,17.2700,786941,13509237.8200,3,0.841397,1,-0.926461,-23.965310,0.000000,45.985476,9.781297,0
2001-05-15,sz.000532,17.0800,17.2000,16.8000,16.9100,17.1100,831986,14123782.2300,3,0.889559,1,-1.168912,-23.685178,0.000000,45.447948,9.666962,0
2001-05-16,sz.000532,16.9300,16.9900,16.7000,16.9800,16.9100,1021117,17250206.3300,3,1.091778,1,0.413954,-23.783224,0.000000,45.636083,9.706979,0
2001-05-17,sz.000532,16.9900,17.3800,16.8100,17.3100,16.9800,667663,11423168.9600,3,0.713865,1,1.943462,-24.245443,0.000000,46.523003,9.895631,0
2001-05-18,sz.000532,17.3000,17.5400,17.0500,17.0700,17.3100,669300,11588804.7700,3,0.715615,1,-1.386480,-23.909284,0.000000,45.877970,9.758430,0
2001-05-21,sz.000532,17.1000,17.1900,16.8500,16.9000,17.0700,857544,14552925.9700,3,0.916886,1,-0.995900,-23.671172,0.000000,45.421072,9.661246,0
2001-05-22,sz.000532,17.0000,17.0500,16.7500,16.7600,16.9000,687572,11574195.4900,3,0.735152,1,-0.828399,-23.475079,0.000000,45.044803,9.581212,0
2001-05-23,sz.000532,16.7600,16.8600,16.3000,16.3300,16.7600,1080556,17820285.3000,3,1.155330,1,-2.565634,-22.872795,0.000000,43.889118,9.335393,0
2001-05-24,sz.000532,16.4000,17.1000,16.3500,16.5600,16.3300,794147,13296608.7600,3,0.849102,1,1.408448,-23.194947,0.000000,44.507275,9.466877,0
2001-05-25,sz.000532,16.5800,17.0500,16.5800,16.8600,16.5600,1094556,18502759.5000,3,1.170299,1,1.811601,-23.615145,0.000000,45.313566,9.638379,0
2001-05-28,sz.000532,16.9300,16.9500,16.5000,16.5400,16.8600,423140,7045387.8000,3,0.452421,1,-1.897982,-23.166934,0.000000,44.453522,9.455444,0
2001-05-29,sz.000532,16.5000,16.6800,16.3000,16.4400,16.5400,330171,5429261.1400,3,0.353019,1,-0.604597,-23.026867,0.000000,44.184759,9.398277,0
2001-05-30,sz.000532,16.4400,16.5600,16.3600,16.4100,16.4400,524810,8628833.6000,3,0.561127,1,-0.182486,-22.984848,0.000000,44.104129,9.381127,0
2001-05-31,sz.000532,16.4500,16.8000,16.2800,16.3800,16.4100,709724,11679844.4400,3,0.758837,1,-0.182819,-22.942828,0.000000,44.023500,9.363977,0
2001-06-01,sz.000532,16.4000,16.4100,15.9800,16.1100,16.3800,1410674,22761646.9600,3,1.508292,1,-1.648343,-22.564649,0.000000,43.297838,9.209625,0
2001-06-04,sz.000532,16.1200,16.1200,15.3000,15.3600,16.1100,1590820,24940216.2200,3,1.700904,1,-4.655499,-21.514154,0.000000,41.282110,8.780872,0
2001-06-05,sz.000532,15.4000,15.6700,15.1400,15.6500,15.3600,1982273,30423977.7000,3,2.119446,1,1.888021,-21.920345,0.000000,42.061525,8.946657,0
2001-06-06,sz.000532,15.6600,15.7500,15.3500,15.4000,15.6500,1035707,15964180.2400,3,1.107378,1,-1.597444,-21.570180,0.000000,41.389616,8.803739,0
2001-06-07,sz.000532,15.4100,16.1100,15.4100,15.7600,15.4000,1205641,19160329.4800,3,1.289071,1,2.337667,-22.074418,0.000000,42.357165,9.009540,0
2001-06-08,sz.000532,15.8500,16.3000,15.7900,15.8400,15.7600,696470,11119835.9600,3,0.744665,1,0.507614,-22.186471,0.000000,42.572176,9.055274,0
2001-06-11,sz.000532,15.7400,16.1000,15.4500,15.6900,15.8400,545400,8633872.0000,3,0.583142,1,-0.946973,-21.976372,0.000000,42.169031,8.969523,0
2001-06-12,sz.000532,16.9700,16.9700,15.5000,16.1200,15.6900,1202039,19573343.3200,3,1.285220,1,2.740607,-22.578656,0.000000,43.324715,9.215342,0
2001-06-13,sz.000532,16.4900,16.4900,16.0000,16.2400,16.1200,697154,11301870.8900,3,0.745397,1,0.744410,-22.746735,0.000000,43.647231,9.283943,0
2001-06-14,sz.000532,16.2600,16.4000,15.4000,15.6100,16.2400,1631627,25522184.6100,3,1.744535,1,-3.879311,-21.864319,0.000000,41.954020,8.923790,0
2001-06-15,sz.000532,15.6000,15.7500,15.5100,15.5700,15.6100,418191,6519903.9200,3,0.447130,1,-0.256246,-21.808292,0.000000,41.846514,8.900923,0
2001-06-18,sz.000532,15.6000,15.6500,15.1000,15.1400,15.5700,628430,9625981.1900,3,0.671917,1,-2.761717,-21.206008,0.000000,40.690830,8.655104,0
2001-06-19,sz.000532,15.1400,15.3400,15.0000,15.1500,15.1400,398513,6037728.7200,3,0.426090,1,0.066045,-21.220015,0.000000,40.717706,8.660821,0
2001-06-20,sz.000532,15.1500,15.4000,14.6000,15.3500,15.1500,1101677,16385891.2200,3,1.177913,1,1.320137,-21.500147,0.000000,41.255234,8.775155,0
2001-06-21,sz.000532,15.0000,15.6000,15.0000,15.5800,15.3500,378178,5818440.4300,3,0.404348,1,1.498368,-21.822299,0.000000,41.873390,8.906640,0
2001-06-22,sz.000532,15.7500,15.7500,15.3300,15.3900,15.5800,372520,5779624.2100,3,0.398298,1,-1.219510,-21.556173,0.000000,41.362739,8.798022,0
2001-06-25,sz.000532,15.3000,15.4200,15.0500,15.2500,15.3900,514637,7826207.9200,3,0.550250,1,-0.909684,-21.360081,0.000000,40.986470,8.717988,0
2001-06-26,sz.000532,15.3000,15.3000,15.0200,15.0700,15.2500,682980,10310209.2600,3,0.730242,1,-1.180330,-21.107962,0.000000,40.502695,8.615087,0
2001-06-27,sz.000532,15.0700,15.1900,14.9500,15.0000,15.0700,541753,8150435.1000,3,0.579242,1,-0.464497,-21.009916,0.000000,40.314561,8.575070,0
2001-06-28,sz.000532,15.0200,15.0200,14.7200,14.8100,15.0000,719904,10669395.7500,3,0.769721,1,-1.266664,-20.743790,0.000000,39.803910,8.466453,0
2001-06-29,sz.000532,14.8100,15.0100,14.8000,14.8100,14.8100,315758,4701512.0200,3,0.337608,1,0.000000,-20.743790,0.000000,39.803910,8.466453,0
2001-07-02,sz.000532,14.8000,14.9400,14.6100,14.8000,14.8100,264950,3902739.3000,3,0.283284,1,-0.067523,-20.729783,0.000000,39.777033,8.460736,0
2001-07-03,sz.000532,14.9700,14.9800,14.6000,14.8200,14.8000,447263,6574168.3400,3,0.478213,1,0.135132,-20.757797,0.000000,39.830786,8.472169,0
2001-07-04,sz.000532,14.9200,15.0000,14.6800,14.7000,14.8200,301088,4471806.5000,3,0.321923,1,-0.809716,-20.589717,0.000000,39.508270,8.403569,0
2001-07-05,sz.000532,14.8500,14.9500,14.4800,14.5700,14.7000,562569,8216453.0000,3,0.601499,1,-0.884355,-20.407631,0.000000,39.158877,8.329251,0
2001-07-06,sz.000532,14.5600,14.7900,14.5500,14.7000,14.5700,153662,2255165.2800,3,0.164295,1,0.892245,-20.589717,0.000000,39.508270,8.403569,0
2001-07-09,sz.000532,14.6500,14.9000,14.6000,14.8600,14.7000,227878,3365067.6500,3,0.243647,1,1.088434,-20.813823,0.000000,39.938292,8.495036,0
2001-07-10,sz.000532,14.8900,15.0900,14.8500,15.0200,14.8600,276961,4154294.5400,3,0.296127,1,1.076721,-21.037929,0.000000,40.368314,8.586504,0
2001-07-11,sz.000532,15.0700,15.0800,14.7800,14.8000,15.0200,145923,2177987.4000,3,0.156021,1,-1.464715,-20.729783,0.000000,39.777033,8.460736,0
2001-07-12,sz.000532,14.6800,14.9000,14.6600,14.7400,14.8000,133944,1976841.0200,3,0.143213,1,-0.405408,-20.645744,0.000000,39.615775,8.426436,0
2001-07-13,sz.000532,14.9300,14.9400,14.5500,14.6900,14.7400,197951,2904558.0500,3,0.211649,1,-0.339214,-20.575711,0.000000,39.481393,8.397852,0
2001-07-16,sz.000532,14.7900,14.8000,14.4500,14.4800,14.6900,272611,3974947.9000,3,0.291476,1,-1.429544,-20.281572,0.000000,38.916989,8.277801,0
2001-07-17,sz.000532,14.4000,14.4200,13.9000,14.0600,14.4800,430300,6068238.5000,3,0.460077,1,-2.900547,-19.693294,0.000000,37.788182,8.037699,0
2001-07-18,sz.000532,14.0300,14.3200,13.9900,14.0100,14.0600,241561,3400941.5900,3,0.258277,1,-0.355620,-19.623261,0.000000,37.653800,8.009116,0
2001-07-19,sz.000532,14.3000,14.3000,14.0000,14.1400,14.0100,239839,3375456.4000,3,0.256436,1,0.927910,-19.805347,0.000000,38.003193,8.083433,0
2001-07-20,sz.000532,14.1700,14.4000,14.1700,14.4000,14.1400,183439,2624820.2600,3,0.196133,1,1.838750,-20.169519,0.000000,38.701978,8.232067,0
2001-07-23,sz.000532,14.5000,14.5000,14.1000,14.1600,14.4000,276106,3919301.3200,3,0.295212,1,-1.666665,-19.833360,0.000000,38.056945,8.094866,0
2001-07-24,sz.000532,14.1200,14.1300,13.8800,13.9800,14.1600,418500,5845347.1000,3,0.447460,1,-1.271189,-19.581241,0.000000,37.573171,7.991965,0
2001-07-25,sz.000532,13.9000,14.1500,13.7000,13.8500,13.9800,280013,3875897.1200,3,0.299390,1,-0.929894,-19.399155,0.000000,37.223778,7.917648,0
2001-07-26,sz.000532,13.8500,13.9000,13.5300,13.5800,13.8500,186330,2541852.0000,3,0.199224,1,-1.949462,-19.020977,0.000000,36.498116,7.763297,0
2001-07-27,sz.000532,13.5800,13.6500,13.2800,13.3000,13.5800,283300,3809387.1900,3,0.302904,1,-2.061854,-18.628792,0.000000,35.745577,7.603229,0
2001-07-30,sz.000532,13.3000,13.3000,12.3100,12.3900,13.3000,527844,6699136.2700,3,0.564371,1,-6.842104,-17.354190,0.000000,33.299827,7.083008,0
2001-07-31,sz.000532,12.3900,12.6400,12.1200,12.2200,12.3900,247002,3070193.1200,3,0.264094,1,-1.372075,-17.116078,0.000000,32.842929,6.985824,0
2001-08-01,sz.000532,12.2500,12.8000,12.2500,12.8000,12.2200,505841,6370981.9300,3,0.540845,1,4.746317,-17.928461,0.000000,34.401759,7.317393,0
2001-08-02,sz.000532,12.9200,13.3200,12.4000,13.1600,12.8000,500779,6403857.4100,3,0.535433,1,2.812497,-18.432699,0.000000,35.369308,7.523195,0
2001-08-03,sz.000532,13.1400,13.2800,13.0000,13.2800,13.1600,327922,4324352.5300,3,0.350614,1,0.911853,-18.600779,0.000000,35.691824,7.591795,0
2001-08-06,sz.000532,13.2800,13.3900,12.8500,12.9600,13.2800,408454,5360462.3100,3,0.436719,1,-2.409636,-18.152567,0.000000,34.831781,7.408861,0
2001-08-07,sz.000532,12.7000,13.3500,12.7000,13.3200,12.9600,279642,3677765.8000,3,0.298993,1,2.777775,-18.656805,0.000000,35.799330,7.614662,0
2001-08-08,sz.000532,13.4000,13.5000,13.2000,13.3500,13.3200,390613,5219928.4800,3,0.417643,1,0.225230,-18.698825,0.000000,35.879959,7.631812,0
2001-08-09,sz.000532,13.3500,13.6500,13.3500,13.6200,13.3500,217643,2939347.1300,3,0.232704,1,2.022468,-19.077003,0.000000,36.605621,7.786164,0
2001-08-10,sz.000532,13.6200,13.7200,13.5000,13.7100,13.6200,306909,4179701.2300,3,0.328147,1,0.660794,-19.203063,0.000000,36.847509,7.837614,0
2001-08-13,sz.000532,13.7000,13.8000,13.5600,13.7100,13.7100,271630,3719143.0000,3,0.290427,1,0.000000,-19.203063,0.000000,36.847509,7.837614,0
2001-08-14,sz.000532,13.7900,14.1800,13.7200,13.7900,13.7100,512217,7140153.5400,3,0.547662,1,0.583515,-22.544313,0.000000,47.535173,7.530727,0
2001-08-15,sz.000532,13.8800,14.0900,13.7000,14.0100,13.7900,322403,4479806.5300,3,0.344713,1,1.595361,-22.903976,0.000000,48.293530,7.650869,0
2001-08-16,sz.000532,14.0000,14.0800,13.6000,13.6300,14.0100,227500,3159201.0000,3,0.243243,1,-2.712349,-22.282740,0.000000,46.983641,7.443351,0
2001-08-17,sz.000532,13.5000,14.0000,13.4900,13.9700,13.6300,281706,3915790.6100,3,0.301200,1,2.494498,-22.838583,0.000000,48.155647,7.629025,0
2001-08-20,sz.000532,14.0100,14.1900,13.9600,14.1700,13.9700,259157,3648025.4600,3,0.277091,1,1.431638,-23.165549,0.000000,48.845062,7.738245,0
2001-08-21,sz.000532,14.1700,14.2500,14.1000,14.1800,14.1700,297680,4218508.5900,3,0.318279,1,0.070573,-23.181897,0.000000,48.879533,7.743706,0
2001-08-22,sz.000532,14.1000,14.1000,13.7500,13.8300,14.1800,480473,6646363.7800,3,0.513722,1,-2.468268,-22.609707,0.000000,47.673056,7.552571,0
2001-08-23,sz.000532,13.7700,14.0000,13.5000,13.9700,13.8300,193394,2656959.8000,3,0.206777,1,1.012295,-22.838583,0.000000,48.155647,7.629025,0
2001-08-24,sz.000532,13.8100,13.9900,13.5800,13.8600,13.9700,221040,3048889.2200,3,0.236336,1,-0.787406,-22.658751,0.000000,47.776468,7.568954,0
2001-08-27,sz.000532,13.6500,13.6800,13.0100,13.0300,13.8600,389670,5172085.8000,3,0.416635,1,-5.988456,-21.301842,0.000000,44.915396,7.115690,0
2001-08-28,sz.000532,13.1500,13.4000,12.9500,13.3000,13.0300,281380,3683038.2000,3,0.300851,1,2.072145,-21.743246,0.000000,45.846106,7.263137,0
2001-08-29,sz.000532,13.3000,13.6000,13.2000,13.2900,13.3000,127640,1715594.0000,3,0.136473,1,-0.075190,-21.726898,0.000000,45.811635,7.257676,0
2001-08-30,sz.000532,13.3500,13.3500,13.0000,13.0100,13.2900,250757,3276889.8000,3,0.268109,1,-2.106845,-21.269145,0.000000,44.846454,7.104768,0
2001-08-31,sz.000532,13.3500,13.3500,12.8000,12.8200,13.0100,334300,4321830.2900,3,0.357433,1,-1.460419,-20.958528,0.000000,44.191510,7.001009,0
2001-09-03,sz.000532,12.8200,12.8200,12.4500,12.6000,12.8200,451320,5682457.6200,3,0.482551,1,-1.716063,-20.598865,0.000000,43.433153,6.880867,0
2001-09-04,sz.000532,12.6000,13.1500,12.4700,13.1400,12.6000,179998,2321568.7400,3,0.192454,1,4.285714,-21.481673,0.000000,45.294574,7.175761,0
2001-09-05,sz.000532,13.2000,13.3000,12.9700,12.9900,13.1400,213860,2813485.2000,3,0.228659,1,-1.141557,-21.236449,0.000000,44.777513,7.093846,0
2001-09-06,sz.000532,12.8800,13.0500,12.8600,13.0000,12.9900,148700,1929924.9000,3,0.158990,1,0.076984,-21.252797,0.000000,44.811983,7.099307,0
2001-09-07,sz.000532,12.8500,13.0800,12.6000,12.6600,13.0000,249260,3181448.6000,3,0.266509,1,-2.615386,-20.696955,0.000000,43.639978,6.913633,0
2001-09-10,sz.000532,12.5000,13.1400,12.4000,13.0400,12.6600,299013,3805027.2700,3,0.319705,1,3.001581,-21.318190,0.000000,44.949866,7.121151,0
2001-09-11,sz.000532,13.0000,13.1800,12.7800,13.0100,13.0400,181503,2360367.5700,3,0.194063,1,-0.230059,-21.269145,0.000000,44.846454,7.104768,0
2001-09-12,sz.000532,12.5000,13.0000,12.3500,13.0000,13.0100,434381,5554942.4100,3,0.464440,1,-0.076866,-21.252797,0.000000,44.811983,7.099307,0
2001-09-13,sz.000532,13.1800,13.2500,12.7000,12.7300,13.0000,274810,3528897.3000,3,0.293827,1,-2.076927,-20.811393,0.000000,43.881273,6.951860,0
2001-09-14,sz.000532,12.8300,12.9900,12.0500,12.1300,12.7300,517050,6457537.0000,3,0.552830,1,-4.713272,-19.830495,0.000000,41.813028,6.624200,0
2001-09-17,sz.000532,12.1000,12.2900,11.7000,11.8300,12.1300,627600,7540472.0000,3,0.671030,1,-2.473208,-19.340045,0.000000,40.778905,6.460370,0
2001-09-18,sz.000532,11.8900,12.3700,11.8000,11.9700,11.8300,325250,3919697.0000,3,0.347757,1,1.183435,-19.568922,0.000000,41.261496,6.536824,0
2001-09-19,sz.000532,11.9000,12.3000,11.9000,12.2400,11.9700,212670,2573603.2000,3,0.227387,1,2.255635,-20.010326,0.000000,42.192206,6.684271,0
2001-09-20,sz.000532,12.3800,12.4200,12.0200,12.0400,12.2400,215100,2644074.9900,3,0.229985,1,-1.633985,-19.683360,0.000000,41.502791,6.575051,0
2001-09-21,sz.000532,12.0400,12.2500,12.0000,12.0100,12.0400,248020,3002090.2000,3,0.265183,1,-0.249167,-19.634315,0.000000,41.399379,6.558668,0
2001-09-24,sz.000532,12.0000,12.0800,11.5100,11.6500,12.0100,355700,4247166.6300,3,0.380314,1,-2.997507,-19.045776,0.000000,40.158431,6.362071,0
2001-09-25,sz.000532,11.8500,11.9600,11.6000,11.6400,11.6500,327000,3859332.0000,3,0.349628,1,-0.085831,-19.029428,0.000000,40.123961,6.356610,0
2001-09-26,sz.000532,11.7000,12.1000,11.6800,11.8600,11.6400,2882246,34350556.8800,3,3.081696,1,1.890028,-19.389090,0.000000,40.882317,6.476753,0
2001-09-27,sz.000532,11.8800,12.2000,11.8700,11.9600,11.8600,3618301,43449780.6700,3,3.868686,1,0.843174,-19.552573,0.000000,41.227025,6.531363,0
2001-09-28,sz.000532,11.8600,12.0400,11.8600,12.0000,11.9600,374888,4479546.7000,3,0.400830,1,0.334448,-19.617967,0.000000,41.364908,6.553207,0
2001-10-08,sz.000532,12.0800,12.2200,11.6000,11.7300,12.0000,257420,3059625.9000,3,0.275233,1,-2.250004,-19.176562,0.000000,40.434197,6.405760,0
2001-10-09,sz.000532,11.6000,11.9900,11.6000,11.8100,11.7300,274488,3216976.8000,3,0.293482,1,0.682020,-19.307349,0.000000,40.709963,6.449448,0
2001-10-10,sz.000532,11.9500,11.9500,10.6300,10.6300,11.8100,1122200,12431737.5200,3,1.199856,1,-9.991535,-17.378249,0.000000,36.642414,5.805049,0
2001-10-11,sz.000532,10.3000,10.5000,9.5700,9.5700,10.6300,2561866,25105021.9000,3,2.739146,1,-9.971782,-15.645328,0.000000,32.988514,5.226182,0
2001-10-12,sz.000532,9.5000,10.0800,9.1000,9.8500,9.5700,1760408,17085256.5100,3,1.882228,1,2.925817,-16.103081,0.000000,33.953695,5.379090,0
2001-10-15,sz.000532,9.7300,10.0000,9.7000,9.9400,9.8500,554402,5490106.5600,3,0.592766,1,0.913697,-16.250216,0.000000,34.263932,5.428240,0
2001-10-16,sz.000532,10.0000,10.1800,9.7500,9.7900,9.9400,518819,5189880.1600,3,0.554721,1,-1.509051,-16.004991,0.000000,33.746871,5.346324,0
2001-10-17,sz.000532,9.9000,9.9800,9.5500,9.6600,9.7900,4646741,45266042.7600,3,4.968294,1,-1.327887,-15.792463,0.000000,33.298751,5.275331,0
2001-10-18,sz.000532,9.5000,9.7000,9.2500,9.3000,9.6600,432600,4099864.0000,3,0.462536,1,-3.726704,-15.203924,0.000000,32.057804,5.078735,0
2001-10-19,sz.000532,9.3800,9.3800,8.7900,8.8800,9.3000,1144218,10215213.6000,3,1.223398,1,-4.516130,-14.517295,0.000000,30.610032,4.849373,0
2001-10-22,sz.000532,8.8000,8.9500,8.7000,8.7100,8.8800,417529,3684979.6000,3,0.446422,1,-1.914415,-14.239374,0.000000,30.024029,4.756536,0
2001-10-23,sz.000532,9.5800,9.5800,9.2500,9.5800,8.7100,774814,7398804.5200,3,0.828431,1,9.988518,-15.661677,0.000000,33.022985,5.231643,0
2001-10-24,sz.000532,10.0000,10.5000,9.8600,10.2000,9.5800,1532881,15505885.2800,3,1.638956,1,6.471815,-16.675272,0.000000,35.160172,5.570226,0
2001-10-25,sz.000532,10.2000,10.2000,9.8000,9.8000,10.2000,570769,5681586.4000,3,0.610266,1,-3.921565,-16.021339,0.000000,33.781341,5.351785,0
2001-10-26,sz.000532,9.7900,9.8900,9.6300,9.7800,9.8000,318550,3104960.5000,3,0.340594,1,-0.204086,-15.988643,0.000000,33.712400,5.340863,0
2001-10-29,sz.000532,9.7500,9.8800,9.7100,9.8500,9.7800,267358,2624919.3100,3,0.285859,1,0.715753,-16.103081,0.000000,33.953695,5.379090,0
2001-10-30,sz.000532,10.0000,10.0000,9.7100,9.7100,9.8500,292960,2868709.0000,3,0.313233,1,-1.421323,-15.874205,0.000000,33.471105,5.302636,0
2001-10-31,sz.000532,9.7000,9.7100,9.1100,9.3600,9.7100,370303,3493046.0600,3,0.395928,1,-3.604535,-15.302014,0.000000,32.264628,5.111501,0
2001-11-01,sz.000532,9.4000,9.7000,9.3000,9.6500,9.3600,297601,2840873.7700,3,0.318195,1,3.098290,-15.776115,0.000000,33.264280,5.269870,0
2001-11-02,sz.000532,9.7000,9.7900,9.5000,9.5200,9.6500,364031,3520344.6300,3,0.389222,1,-1.347142,-15.563587,0.000000,32.816160,5.198877,0
2001-11-05,sz.000532,9.5000,9.5000,9.3000,9.3600,9.5200,247590,2325499.9000,3,0.264723,1,-1.680681,-15.302014,0.000000,32.264628,5.111501,0
2001-11-06,sz.000532,9.3000,9.4900,9.2500,9.2600,9.3600,323801,3036059.2400,3,0.346208,1,-1.068370,-15.138531,0.000000,31.919920,5.056891,0
2001-11-07,sz.000532,9.2100,9.2600,8.7600,8.7800,9.2600,514800,4620234.8500,3,0.550424,1,-5.183590,-14.353812,0.000000,30.265324,4.794763,0
2001-11-08,sz.000532,8.5000,8.9800,8.5000,8.9000,8.7800,394381,3444877.6400,3,0.421672,1,1.366741,-14.549992,0.000000,30.678973,4.860295,0
2001-11-09,sz.000532,8.9300,9.2400,8.7500,9.0200,8.9000,309559,2782299.2000,3,0.330980,1,1.348324,-14.746172,0.000000,31.092622,4.925827,0
2001-11-12,sz.000532,9.0500,9.2400,8.8500,9.0800,9.0200,165020,1499337.2000,3,0.176439,1,0.665183,-14.844261,0.000000,31.299447,4.958593,0
2001-11-13,sz.000532,8.8500,9.1000,8.7900,9.1000,9.0800,109070,983600.0000,3,0.116618,1,0.220269,-14.876958,0.000000,31.368388,4.969515,0
2001-11-14,sz.000532,9.1900,9.2400,9.0400,9.1800,9.1000,191600,1762023.9000,3,0.204859,1,0.879120,-15.007744,0.000000,31.644154,5.013203,0
2001-11-15,sz.000532,9.2500,9.2500,9.0800,9.1000,9.1800,72300,661311.0000,3,0.077303,1,-0.871459,-14.876958,0.000000,31.368388,4.969515,0
2001-11-16,sz.000532,9.6000,9.9800,9.0200,9.0400,9.1000,535650,5033459.4400,3,0.572717,1,-0.659345,-14.778868,0.000000,31.161564,4.936749,0
2001-11-19,sz.000532,9.0400,9.3300,9.0400,9.2100,9.0400,194900,1804001.0000,3,0.208387,1,1.880532,-15.056789,0.000000,31.747567,5.029586,0
2001-11-20,sz.000532,9.4500,10.1300,9.4500,10.1300,9.2100,791377,7930670.2600,3,0.846140,1,9.989143,-16.560833,0.000000,34.918876,5.531999,0
2001-11-21,sz.000532,10.2300,10.3700,10.1500,10.3300,10.1300,1450332,14897276.2700,3,1.550694,1,1.974332,-16.887800,0.000000,35.608291,5.641219,0
2001-11-22,sz.000532,10.3000,10.4500,10.2800,10.4300,10.3300,831253,8644717.4900,3,0.888775,1,0.968058,-17.051283,0.000000,35.952999,5.695829,0
2001-11-23,sz.000532,10.4100,10.5600,10.3300,10.3500,10.4300,691130,7215484.7800,3,0.738956,1,-0.767018,-16.920496,0.000000,35.677233,5.652141,0
2001-11-26,sz.000532,10.3500,10.3500,10.1500,10.3000,10.3500,395212,4042546.1700,3,0.422561,1,-0.483094,-16.838755,0.000000,35.504879,5.624836,0
2001-11-27,sz.000532,10.3500,10.6000,10.2600,10.4200,10.3000,635180,6663295.8000,3,0.679134,1,1.165047,-17.034934,0.000000,35.918528,5.690368,0
2001-11-28,sz.000532,10.5800,10.9000,10.5000,10.8000,10.4200,872459,9411203.9100,3,0.932833,1,3.646834,-17.656170,0.000000,37.228417,5.897886,0
2001-11-29,sz.000532,10.7900,10.8400,10.7000,10.7400,10.8000,489329,5267022.9700,3,0.523190,1,-0.555559,-17.558080,0.000000,37.021592,5.865120,0
2001-11-30,sz.000532,10.7400,10.8800,10.7100,10.8500,10.7400,299874,3241561.4800,3,0.320625,1,1.024214,-17.737911,0.000000,37.400771,5.925191,0
2001-12-03,sz.000532,10.8900,11.0000,10.6000,10.8800,10.8500,477181,5216287.6200,3,0.510202,1,0.276495,-17.786956,0.000000,37.504183,5.941574,0
2001-12-04,sz.000532,10.9000,10.9400,10.6500,10.8100,10.8800,868977,9343751.4000,3,0.929110,1,-0.643379,-17.672518,0.000000,37.262888,5.903347,0
2001-12-05,sz.000532,10.7900,10.8300,10.3500,10.3600,10.8100,1011701,10741783.6300,3,1.081710,1,-4.162819,-16.936845,0.000000,35.711704,5.657602,0
2001-12-06,sz.000532,10.3500,10.5400,10.2000,10.3500,10.3600,697150,7212342.4800,3,0.745393,1,-0.096518,-16.920496,0.000000,35.677233,5.652141,0
2001-12-07,sz.000532,10.3100,10.6400,10.3100,10.4100,10.3500,672354,7077557.7000,3,0.718881,1,0.579705,-17.018586,0.000000,35.884057,5.684907,0
2001-12-10,sz.000532,10.5300,10.8800,10.3700,10.8400,10.4100,667019,7123965.9000,3,0.713176,1,4.130647,-17.721563,0.000000,37.366300,5.919730,0
2001-12-11,sz.000532,10.9000,11.1000,10.8000,10.8300,10.8400,904320,9903964.0600,3,0.966899,1,-0.092253,-17.705215,0.000000,37.331829,5.914269,0
2001-12-12,sz.000532,10.7300,11.1000,10.7000,10.8100,10.8300,1040390,11368882.5300,3,1.112385,1,-0.184668,-17.672518,0.000000,37.262888,5.903347,0
2001-12-13,sz.000532,10.8000,10.8800,10.3000,10.3800,10.8100,639399,6818019.6300,3,0.683645,1,-3.977801,-16.969541,0.000000,35.780645,5.668524,0
2001-12-14,sz.000532,10.3800,10.5500,10.2000,10.2100,10.3800,628737,6517251.1700,3,0.672245,1,-1.637766,-16.691620,0.000000,35.194642,5.575687,0
2001-12-17,sz.000532,10.5000,10.5000,10.2500,10.4000,10.2100,350228,3632512.8800,3,0.374464,1,1.860917,-17.002238,0.000000,35.849587,5.679446,0
2001-12-18,sz.000532,10.4000,10.5500,10.3500,10.5200,10.4000,228245,2382411.8000,3,0.244039,1,1.153854,-17.198417,0.000000,36.263236,5.744978,0
2001-12-19,sz.000532,10.5000,10.7200,10.3000,10.3100,10.5200,539651,5679682.8500,3,0.576995,1,-1.996198,-16.855103,0.000000,35.539350,5.630297,0
2001-12-20,sz.000532,10.4800,10.4800,9.8800,9.9300,10.3100,700200,7097336.0000,3,0.748654,1,-3.685743,-16.233867,0.000000,34.229461,5.422779,0
2001-12-21,sz.000532,9.9000,10.0900,9.9000,10.0500,9.9300,468400,4688560.0000,3,0.500813,1,1.208458,-16.430047,0.000000,34.643110,5.488311,0
2001-12-24,sz.000532,10.0000,10.1000,9.5000,9.5000,10.0500,569900,5581814.6000,3,0.609337,1,-5.472639,-15.530890,0.000000,32.747219,5.187955,0
2001-12-25,sz.000532,9.5000,9.9900,9.3000,9.5100,9.5000,611829,5872007.0000,3,0.654167,1,0.105266,-15.547239,0.000000,32.781689,5.193416,0
2001-12-26,sz.000532,9.5800,9.8300,9.5000,9.7700,9.5100,276816,2672700.4400,3,0.295972,1,2.733967,-15.972294,0.000000,33.677929,5.335402,0
2001-12-27,sz.000532,9.8000,9.9500,9.7000,9.7000,9.7700,294650,2894076.5000,3,0.315040,1,-0.716486,-15.857856,0.000000,33.436634,5.297175,0
2001-12-28,sz.000532,10.1900,10.1900,9.7000,9.8400,9.7000,214824,2110971.5400,3,0.229690,1,1.443303,-16.086733,0.000000,33.919224,5.373629,0
2001-12-31,sz.000532,9.9000,10.0500,9.8200,9.9100,9.8400,240301,2392873.9000,3,0.256930,1,0.711379,-16.201171,0.000000,34.160520,5.411857,0
2002-01-04,sz.000532,9.9200,9.9200,9.3000,9.3700,9.9100,359700,3471458.0000,3,0.384591,1,-5.449041,-15.318362,0.000000,32.299099,5.116962,0
2002-01-07,sz.000532,9.3100,9.4000,9.1000,9.2200,9.3700,358710,3319423.8000,3,0.383533,1,-1.600850,-15.073138,0.000000,31.782037,5.035047,0
2002-01-08,sz.000532,9.2500,9.4500,9.2500,9.2800,9.2200,259211,2426822.1300,3,0.277148,1,0.650753,-15.171228,0.000000,31.988862,5.067813,0
2002-01-09,sz.000532,9.2800,9.3700,9.1500,9.1700,9.2800,233600,2157963.0000,3,0.249765,1,-1.185341,-14.991396,0.000000,31.609684,5.007742,0
2002-01-10,sz.000532,9.1700,9.4100,8.6000,9.3100,9.1700,439481,3994009.5700,3,0.469893,1,1.526721,-15.220272,0.000000,32.092274,5.084196,0
2002-01-11,sz.000532,9.2200,9.3500,8.6500,8.8100,9.3100,293967,2693991.9900,3,0.314309,1,-5.370569,-14.402857,0.000000,30.368736,4.811146,0
2002-01-14,sz.000532,8.8000,8.9900,8.3100,8.3400,8.8100,718200,6211814.5000,3,0.767899,1,-5.334850,-13.634487,0.000000,28.748611,4.554479,0
2002-01-15,sz.000532,8.3200,8.5800,8.2500,8.2600,8.3400,352837,2955257.3800,3,0.377253,1,-0.959232,-13.503700,0.000000,28.472845,4.510791,0
2002-01-16,sz.000532,8.2600,8.5500,8.2600,8.5100,8.2600,322619,2713023.0400,3,0.344944,1,3.026634,-13.912408,0.000000,29.334614,4.647316,0
2002-01-17,sz.000532,8.5800,8.5800,8.1000,8.1800,8.5100,278790,2336668.4000,3,0.298082,1,-3.877790,-13.372914,0.000000,28.197079,4.467103,0
2002-01-18,sz.000532,8.0100,8.4000,7.9300,8.2500,8.1800,376130,3078241.5000,3,0.402158,1,0.855742,-13.487352,0.000000,28.438374,4.505330,0
2002-01-21,sz.000532,8.1200,8.2600,7.7900,7.8000,8.2500,385500,3087233.0000,3,0.412176,1,-5.454543,-12.751678,0.000000,26.887190,4.259584,0
2002-01-22,sz.000532,7.8000,7.8000,7.8000,7.8000,7.8000,0,0.0000,3,,0,0.000000,-12.751678,0.000000,26.887190,4.259584,0
2002-01-23,sz.000532,8.0100,8.5800,8.0100,8.5800,7.8000,480776,4055818.4000,3,0.514046,1,9.999996,-14.026846,0.000000,29.575909,4.685543,0
2002-01-24,sz.000532,8.7000,9.1900,8.5100,9.0500,8.5800,1032669,9264742.2400,3,1.104129,1,5.477859,-14.795216,0.000000,31.196035,4.942210,0
2002-01-25,sz.000532,9.0100,9.1000,8.8000,8.9400,9.0500,335859,3020614.6000,3,0.359100,1,-1.215476,-14.615385,0.000000,30.816856,4.882139,0
2002-01-28,sz.000532,8.7900,8.9600,8.3000,8.3500,8.9400,445505,3849167.0600,3,0.476334,1,-6.599544,-13.650835,0.000000,28.783082,4.559940,0
2002-01-29,sz.000532,8.3800,8.8200,8.3000,8.7900,8.3500,452841,3927557.5300,3,0.484177,1,5.269456,-14.370161,0.000000,30.299795,4.800224,0
2002-01-30,sz.000532,8.7000,8.9000,8.5000,8.8200,8.7900,233293,2051420.4600,3,0.249437,1,0.341294,-14.419205,0.000000,30.403207,4.816607,0
2002-01-31,sz.000532,8.9500,9.6600,8.9500,9.4700,8.8200,731910,6832970.8400,3,0.782558,1,7.369621,-15.481845,0.000000,32.643806,5.171572,0
2002-02-01,sz.000532,9.4500,9.5900,9.3500,9.4100,9.4700,475595,4500067.5700,3,0.508506,1,-0.633584,-15.383755,0.000000,32.436982,5.138806,0
2002-02-04,sz.000532,9.4300,9.6500,9.4300,9.6200,9.4100,349189,3332720.9400,3,0.373353,1,2.231669,-15.727070,0.000000,33.160868,5.253487,0
2002-02-05,sz.000532,9.6300,9.6900,9.4300,9.5000,9.6200,260800,2482643.0000,3,0.278847,1,-1.247400,-15.530890,0.000000,32.747219,5.187955,0
2002-02-06,sz.000532,9.4800,9.5000,9.2000,9.2000,9.5000,486200,4519545.3800,3,0.519845,1,-3.157897,-15.040441,0.000000,31.713096,5.024125,0
2002-02-07,sz.000532,9.2000,9.6000,9.2000,9.4400,9.2000,325214,3069763.7300,3,0.347719,1,2.608693,-15.432800,0.000000,32.540394,5.155189,0
2002-02-08,sz.000532,9.5500,9.5600,9.1000,9.1200,9.4400,342450,3233496.1300,3,0.366147,1,-3.389827,-14.909655,0.000000,31.437330,4.980437,0
2002-02-25,sz.000532,9.5000,9.6500,9.4500,9.5500,9.1200,601030,5755253.1900,3,0.642621,1,4.714916,-15.612632,0.000000,32.919572,5.215260,0
2002-02-26,sz.000532,9.6500,9.6900,9.4000,9.6000,9.5500,577070,5527741.6600,3,0.617003,1,0.523562,-15.694373,0.000000,33.091926,5.242565,0
2002-02-27,sz.000532,9.6600,9.9500,9.6500,9.8400,9.6000,435306,4283205.4600,3,0.465429,1,2.499997,-16.086733,0.000000,33.919224,5.373629,0
2002-02-28,sz.000532,9.8000,9.9700,9.8000,9.9600,9.8400,937061,9271358.3100,3,1.001905,1,1.219511,-16.282912,0.000000,34.332873,5.439162,0
2002-03-01,sz.000532,9.9000,10.1500,9.8000,9.9500,9.9600,499932,4961043.9300,3,0.534527,1,-0.100404,-16.266564,0.000000,34.298403,5.433701,0
2002-03-04,sz.000532,9.9600,10.2700,9.8500,10.2600,9.9500,665754,6781307.0300,3,0.711824,1,3.115582,-16.773361,0.000000,35.366996,5.602992,0
2002-03-05,sz.000532,10.2600,10.5000,10.2600,10.4300,10.2600,644831,6696158.0900,3,0.689453,1,1.656921,-17.051283,0.000000,35.952999,5.695829,0
2002-03-06,sz.000532,10.4500,10.6700,10.1500,10.1900,10.4300,908083,9461250.1700,3,0.970922,1,-2.301062,-16.658923,0.000000,35.125701,5.564765,0
2002-03-07,sz.000532,10.1700,10.5200,10.1700,10.4700,10.1900,938337,9673288.3500,3,1.003270,1,2.747799,-17.116676,0.000000,36.090882,5.717673,0
2002-03-08,sz.000532,10.5600,10.8000,10.4500,10.8000,10.4700,1572539,16657271.3900,3,1.681358,1,3.151862,-17.656170,0.000000,37.228417,5.897886,0
2002-03-11,sz.000532,10.9800,11.4500,10.9000,11.2500,10.8000,1418783,15884622.6800,3,1.516962,1,4.166665,-18.391844,0.000000,38.779601,6.143631,0
2002-03-12,sz.000532,11.2500,11.2500,10.7800,10.8100,11.2500,1068749,11728420.9700,3,1.142706,1,-3.911107,-17.672518,0.000000,37.262888,5.903347,0
2002-03-13,sz.000532,10.8000,10.9500,10.6500,10.6900,10.8100,783848,8460126.8400,3,0.838090,1,-1.110091,-17.476339,0.000000,36.849239,5.837815,0
2002-03-14,sz.000532,10.7000,11.1800,10.5800,11.1800,10.6900,545028,5921414.5800,3,0.582744,1,4.583730,-18.277406,0.000000,38.538306,6.105404,0
2002-03-15,sz.000532,11.2500,11.3000,10.7500,10.7700,11.1800,638340,7032049.2300,3,0.682513,1,-3.667261,-17.607125,0.000000,37.125005,5.881503,0
2002-03-18,sz.000532,10.8400,11.0000,10.6800,10.7900,10.7700,555735,5988654.9100,3,0.594192,1,0.185696,-17.639822,0.000000,37.193946,5.892425,0
2002-03-19,sz.000532,10.8500,10.9900,10.7600,10.9400,10.7900,800541,8695747.9700,3,0.855938,1,1.390172,-17.885046,0.000000,37.711008,5.974340,0
2002-03-20,sz.000532,11.0300,11.1000,10.8500,10.9300,10.9400,827200,9070434.4900,3,0.884442,1,-0.091401,-17.868698,0.000000,37.676537,5.968879,0
2002-03-21,sz.000532,11.0000,11.2000,10.8900,11.1200,10.9300,1036289,11455165.9500,3,1.108000,1,1.738331,-18.179316,0.000000,38.331481,6.072638,0
2002-03-22,sz.000532,10.6100,11.2600,10.6100,10.9000,11.1200,528300,5783300.8800,3,0.564858,1,-1.978420,-17.819653,0.000000,37.573125,5.952496,0
2002-03-25,sz.000532,10.8700,10.9000,10.6000,10.9000,10.9000,382015,4118002.8000,3,0.408450,1,0.000000,-17.819653,0.000000,37.573125,5.952496,0
2002-03-26,sz.000532,10.9000,10.9000,10.6300,10.7700,10.9000,342800,3698497.3500,3,0.366522,1,-1.192653,98.346944,117.325980,-77.614064,5.802356,0
2002-03-27,sz.000532,10.7000,10.8600,10.6300,10.8400,10.7700,553965,5935366.6800,3,0.592299,1,0.649951,98.986153,118.088544,-78.118520,5.840069,0
2002-03-28,sz.000532,10.8400,11.0700,10.8000,10.9700,10.8400,592035,6474870.4900,3,0.633004,1,1.199263,100.173256,119.504735,-79.055365,5.910106,0
2002-03-29,sz.000532,11.0500,11.1300,10.7200,10.7600,10.9700,1075600,11691453.7500,3,1.150031,1,-1.914312,98.255628,117.217042,-77.541999,5.796968,0
2002-04-01,sz.000532,10.7000,10.9900,10.6800,10.8400,10.7600,363060,3926208.2000,3,0.388184,1,0.743494,98.986153,118.088544,-78.118520,5.840069,0
2002-04-02,sz.000532,10.9600,10.9800,10.3500,10.3600,10.8400,793440,8385747.0000,3,0.848346,1,-4.428049,94.603002,112.859531,-74.659397,5.581468,0
2002-04-03,sz.000532,10.3000,10.5600,10.2500,10.5100,10.3600,528974,5550525.5300,3,0.565579,1,1.447882,95.972737,114.493598,-75.740373,5.662280,0
2002-04-04,sz.000532,10.5200,10.8300,10.3500,10.7900,10.5100,704676,7459987.4000,3,0.753439,1,2.664127,98.529575,117.543855,-77.758194,5.813131,0
2002-04-05,sz.000532,10.8800,11.0000,10.7000,10.7000,10.7900,563273,6101342.7500,3,0.602251,1,-0.834107,97.707734,116.563416,-77.109609,5.764643,0
2002-04-08,sz.000532,10.6900,10.9000,10.6900,10.8400,10.7000,337800,3656313.5000,3,0.361176,1,1.308414,98.986153,118.088544,-78.118520,5.840069,0
2002-04-09,sz.000532,10.8000,11.1500,10.6500,10.9600,10.8400,683800,7525466.7000,3,0.731119,1,1.107010,100.081941,119.395798,-78.983300,5.904719,0
2002-04-10,sz.000532,11.0600,11.3000,10.9500,11.1600,10.9600,772145,8603987.4900,3,0.825577,1,1.824816,101.908254,121.574553,-80.424601,6.012469,0
2002-04-11,sz.000532,11.0600,11.1300,10.9500,11.0500,11.1600,865426,9566973.9700,3,0.925313,1,-0.985660,100.903782,120.376238,-79.631886,5.953206,0
2002-04-12,sz.000532,11.1900,11.9800,11.0500,11.1900,11.0500,1455426,16586097.1000,3,1.556141,1,1.266963,102.182201,121.901366,-80.640796,6.028632,0
2002-04-15,sz.000532,11.2400,11.2800,11.0800,11.1100,11.1900,658567,7369213.1400,3,0.704140,1,-0.714923,101.451675,121.029864,-80.064276,5.985531,0
2002-04-16,sz.000532,11.0000,11.1900,10.8500,10.8700,11.1100,456700,5021782.2000,3,0.488303,1,-2.160214,99.260100,118.415358,-78.334715,5.856231,0
2002-04-17,sz.000532,10.9500,11.0800,10.8000,10.9100,10.8700,375703,4099302.7100,3,0.401702,1,0.367985,99.625363,118.851109,-78.622975,5.877781,0
2002-04-18,sz.000532,11.0500,11.1000,10.8000,10.8000,10.9100,409400,4472505.7600,3,0.437730,1,-1.008246,98.620891,117.652793,-77.830259,5.818518,0
2002-04-19,sz.000532,10.8000,10.9800,10.6600,10.9600,10.8000,563180,6075853.0000,3,0.602152,1,1.481480,100.081941,119.395798,-78.983300,5.904719,0
2002-04-22,sz.000532,10.7500,10.9900,10.7500,10.8800,10.9600,128850,1405236.0000,3,0.137766,1,-0.729926,99.351416,118.524295,-78.406780,5.861619,0
2002-04-23,sz.000532,10.9900,11.0000,10.7000,10.7200,10.8800,184590,1997521.0000,3,0.197364,1,-1.470587,97.890365,116.781291,-77.253739,5.775418,0
2002-04-24,sz.000532,10.8600,10.9500,10.5500,10.6300,10.7200,386825,4139500.7000,3,0.413593,1,-0.839554,97.068525,115.800851,-76.605153,5.698384,0
2002-04-25,sz.000532,10.8300,10.8300,10.6000,10.7000,10.6300,376279,4031431.5100,3,0.402317,1,0.658511,97.707734,116.563416,-77.109609,5.735909,0
2002-04-26,sz.000532,10.8500,11.1000,10.7200,11.0300,10.7000,528132,5769490.2000,3,0.564679,1,3.084111,100.721150,120.158362,-79.487756,5.912811,0
2002-04-29,sz.000532,11.1500,11.8000,11.0000,11.4000,11.0300,786170,8889082.1000,3,0.840573,1,3.354487,104.099829,124.189060,-82.154163,6.111156,0
2002-04-30,sz.000532,11.5000,11.6000,11.4000,11.4000,11.4000,574400,6581435.0000,3,0.614148,1,0.000000,104.099829,124.189060,-82.154163,6.111156,0
2002-05-08,sz.000532,11.5000,11.5500,11.1000,11.1300,11.4000,276002,3098385.4000,3,0.295101,1,-2.368417,101.634307,121.247740,-80.208406,5.966418,0
2002-05-09,sz.000532,11.2000,11.3600,10.9000,11.0000,11.1300,248100,2755393.0000,3,0.265268,1,-1.168015,100.447203,119.831549,-79.271560,5.896729,0
2002-05-10,sz.000532,11.0300,11.2000,10.6800,10.7000,11.0000,257400,2806279.0000,3,0.275212,1,-2.727274,97.707734,116.563416,-77.109609,5.735909,0
2002-05-13,sz.000532,10.7100,11.1800,10.7100,10.8200,10.7000,451550,4940382.0000,3,0.482797,1,1.121494,98.803522,117.870669,-77.974389,5.800237,0
2002-05-14,sz.000532,10.8200,10.9600,10.8000,10.9100,10.8200,173600,1893141.0000,3,0.185613,1,0.831794,99.625363,118.851109,-78.622975,5.848483,0
2002-05-15,sz.000532,10.9800,10.9800,10.8200,10.8500,10.9100,161181,1753014.8500,3,0.172335,1,-0.549949,99.077469,118.197482,-78.190585,5.816319,0
2002-05-16,sz.000532,10.8000,11.0000,10.2500,10.4100,10.8500,549090,5796226.1000,3,0.587087,1,-4.055305,95.059581,113.404220,-75.019722,5.580450,0
2002-05-17,sz.000532,10.5100,10.8000,10.5100,10.6400,10.4100,581414,6195620.0700,3,0.621648,1,2.209419,97.159840,115.909789,-76.677218,5.703745,0
2002-05-20,sz.000532,10.7800,10.9500,10.6300,10.8900,10.6400,765540,8277636.4500,3,0.818515,1,2.349624,99.442731,118.633233,-78.478845,5.837762,0
2002-05-21,sz.000532,11.0000,11.4700,11.0000,11.3600,10.8900,812463,9184533.1300,3,0.868685,1,4.315879,103.734566,123.753308,-81.865902,6.089713,0
2002-05-22,sz.000532,11.3600,11.3600,10.9300,10.9400,11.3600,568500,6335002.1200,3,0.607840,1,-3.697184,99.899310,119.177922,-78.839170,5.864565,0
2002-05-23,sz.000532,11.0100,11.3800,11.0100,11.0400,10.9400,477334,5327623.0400,3,0.510365,1,0.914080,100.812466,120.267300,-79.559821,5.918172,0
2002-05-24,sz.000532,11.1800,11.3000,10.9600,10.9800,11.0400,577950,6402555.5000,3,0.617944,1,-0.543482,100.264572,119.613673,-79.127430,5.886008,0
2002-05-27,sz.000532,11.1800,11.3200,10.7000,11.2000,10.9800,602245,6748374.9800,3,0.643920,1,2.003645,102.273516,122.010304,-80.712862,6.003942,0
2002-05-28,sz.000532,11.2000,11.2000,11.2000,11.2000,11.2000,0,0.0000,3,,0,0.000000,102.273516,122.010304,-80.712862,6.003942,0
2002-05-29,sz.000532,11.1900,11.2000,10.8300,10.8900,11.2000,405200,4462157.2300,3,0.433240,1,-2.767853,99.442731,118.633233,-78.478845,5.837762,0
2002-05-30,sz.000532,10.9000,11.3300,10.8000,11.3200,10.8900,1267179,14113400.6500,3,1.354867,1,3.948570,103.369304,123.317557,-81.577642,6.068270,0
2002-05-31,sz.000532,11.3000,11.4300,11.1300,11.3000,11.3200,805555,9061549.2700,3,0.861299,1,-0.176674,103.186673,123.099682,-81.433512,6.057549,0
2002-06-03,sz.000532,11.2500,11.2500,10.9200,10.9200,11.3000,460802,5095290.7000,3,0.492689,1,-3.362833,99.716678,118.960046,-78.695040,5.853844,0
2002-06-04,sz.000532,10.9000,11.1000,10.8000,11.0400,10.9200,285341,3127717.6900,3,0.305087,1,1.098900,100.812466,120.267300,-79.559821,5.918172,0
2002-06-05,sz.000532,11.1000,11.1000,10.5700,10.5900,11.0400,504800,5442870.7600,3,0.539732,1,-4.076085,96.703262,115.365100,-76.316893,5.676942,0
2002-06-06,sz.000532,10.6000,11.2000,10.5000,10.9700,10.5900,429370,4644148.2600,3,0.459082,1,3.588292,100.173256,119.504735,-79.055365,5.880647,0
2002-06-07,sz.000532,11.0000,11.5000,11.0000,11.3400,10.9700,1114649,12614299.3800,3,1.191782,1,3.372834,103.551935,123.535433,-81.721772,6.078992,0
2002-06-10,sz.000532,11.4300,11.4900,11.2300,11.3400,11.3400,683902,7792774.9900,3,0.731228,1,0.000000,103.551935,123.535433,-81.721772,6.078992,0
2002-06-11,sz.000532,11.3800,11.6300,11.2500,11.4100,11.3400,762003,8711692.2900,3,0.814733,1,0.617281,104.191145,124.297997,-82.226228,6.116516,0
2002-06-12,sz.000532,11.5500,11.9700,11.5300,11.6900,11.4100,1654674,19482916.0200,3,1.769177,1,2.453985,106.747982,127.348255,-84.244049,6.266615,0
2002-06-13,sz.000532,11.7200,11.8000,11.4600,11.4700,11.6900,814374,9442737.0600,3,0.870728,1,-1.881945,104.739038,124.951624,-82.658618,6.148680,0
2002-06-14,sz.000532,11.3000,11.4700,11.2700,11.3000,11.4700,542518,6170095.6100,3,0.580060,1,-1.482128,103.186673,123.099682,-81.433512,6.057549,0
2002-06-17,sz.000532,11.2800,11.4500,11.2000,11.4100,11.3000,344342,3885551.7300,3,0.368170,1,0.973448,104.191145,124.297997,-82.226228,6.116516,0
2002-06-18,sz.000532,11.4500,11.9000,11.3800,11.8200,11.4100,1013768,11940510.2200,3,1.083920,1,3.593338,107.935086,128.764446,-85.180895,6.336303,0
2002-06-19,sz.000532,11.8500,12.1200,11.7800,11.9300,11.8200,1206231,14399433.6600,3,1.289702,1,0.930631,108.939558,129.962761,-85.973611,6.395271,0
2002-06-20,sz.000532,11.9500,12.1500,11.7500,11.8400,11.9300,1093999,13019686.2000,3,1.169703,1,-0.754402,108.117717,128.982321,-85.325025,6.347025,0
2002-06-21,sz.000532,11.8600,12.4900,11.8600,12.2800,11.8400,1369423,16782713.4900,3,1.464187,1,3.716213,112.135605,133.775583,-88.495887,6.582894,0
2002-06-24,sz.000532,13.5100,13.5100,12.9000,13.5100,12.2800,2781263,37087533.1400,3,2.973725,1,10.016290,123.367429,147.174929,-97.359889,7.242255,0
2002-06-25,sz.000532,13.7900,13.8200,13.0800,13.1700,13.5100,2360799,31560935.2700,3,2.524166,1,-2.516655,120.262697,143.471045,-94.909677,7.059993,0
2002-06-26,sz.000532,13.1700,13.6800,12.8800,13.4500,13.1700,791816,10640964.6400,3,0.846609,1,2.126042,122.819535,146.521303,-96.927499,7.210091,0
2002-06-27,sz.000532,13.3000,13.6500,13.1800,13.4200,13.4000,571600,7656164.9000,3,0.611155,1,0.149257,122.545588,146.194489,-96.711304,7.194009,0
2002-06-28,sz.000532,13.4000,13.5900,13.1500,13.4400,13.4200,1058176,14085883.3800,3,1.131401,1,0.149028,122.728219,146.412365,-96.855434,7.204731,0
2002-07-01,sz.000532,13.5000,13.5500,13.3100,13.3400,13.4400,372869,4999659.7600,3,0.398671,1,-0.740000,121.815063,145.322987,-96.134783,7.151124,0
2002-07-02,sz.000532,13.4000,13.8600,13.3000,13.8100,13.3400,1033274,14080170.7900,3,1.104776,1,3.520000,126.106898,150.443062,-99.521841,7.403075,0
2002-07-03,sz.000532,13.8800,13.9500,13.6800,13.7700,13.8100,654874,9017345.7400,3,0.700191,1,-0.290000,125.741635,150.007311,-99.233581,7.381633,0
2002-07-04,sz.000532,13.7000,13.8000,13.5500,13.5700,13.7700,393240,5361370.0000,3,0.420452,1,-1.450000,123.915323,147.828556,-97.792280,7.274419,0
2002-07-05,sz.000532,13.5100,13.8000,13.4200,13.7800,13.5700,248067,3390369.9800,3,0.265233,1,1.550000,125.832951,150.116249,-99.305646,7.386993,0
2002-07-08,sz.000532,13.8800,13.8800,13.6500,13.6900,13.7800,424246,5840734.4000,3,0.453604,1,-0.650000,125.011110,149.135809,-98.657060,7.338747,0
2002-07-09,sz.000532,13.7100,13.8100,13.6500,13.7400,13.6900,881000,12106543.2600,3,0.941965,1,0.370000,125.467689,149.680498,-99.017386,7.365551,0
2002-07-10,sz.000532,13.7900,13.8000,13.4800,13.5000,13.7400,589347,8012612.9600,3,0.630130,1,-1.750000,123.276113,147.065992,-97.287824,7.236895,0
2002-07-11,sz.000532,13.4500,13.5800,13.3500,13.4200,13.5000,472523,6369689.5400,3,0.505221,1,-0.590000,122.545588,146.194489,-96.711304,7.194009,0
2002-07-12,sz.000532,13.3500,13.4500,13.2800,13.3800,13.4200,473528,6334869.7800,3,0.506296,1,-0.300000,122.180326,145.758738,-96.423044,7.172567,0
2002-07-15,sz.000532,13.1500,13.4700,13.1500,13.4100,13.3800,224337,3001335.2100,3,0.239861,1,0.220000,122.454272,146.085552,-96.639239,7.188649,0
2002-07-16,sz.000532,13.3100,13.6000,13.2500,13.4100,13.4100,378100,5061603.8000,3,0.404264,1,0.000000,122.454272,146.085552,-96.639239,7.188649,0
2002-07-17,sz.000532,13.3300,13.4400,13.2000,13.4200,13.4100,185193,2467165.0800,3,0.198008,1,0.070000,122.545588,146.194489,-96.711304,7.194009,0
2002-07-18,sz.000532,13.4000,13.4800,13.3200,13.3800,13.4200,247631,3322048.8400,3,0.264767,1,-0.300000,122.180326,145.758738,-96.423044,7.172567,0
2002-07-19,sz.000532,13.4300,13.5000,13.2000,13.4900,13.3800,436168,5818341.5400,3,0.466351,1,0.820000,123.184798,146.957054,-97.215759,7.231534,0
2002-07-22,sz.000532,13.4500,13.5000,13.1600,13.3200,13.4900,272000,3607677.0000,3,0.290822,1,-1.260000,121.632432,145.105112,-95.990653,7.140403,0
2002-07-23,sz.000532,13.3000,13.3500,13.1100,13.2600,13.3200,197711,2607594.5500,3,0.211393,1,-0.450000,121.084538,144.451485,-95.558263,7.108239,0
2002-07-24,sz.000532,13.2200,13.3000,13.1100,13.2300,13.2600,297515,3929324.7500,3,0.318103,1,-0.230000,120.810591,144.124672,-95.342068,7.092157,0
2002-07-25,sz.000532,13.2000,13.2900,12.0700,12.8500,13.2300,503227,6466243.5200,3,0.538050,1,-2.870000,117.340597,139.985036,-92.603596,6.888452,0
2002-07-26,sz.000532,12.8400,13.0000,12.6800,12.9900,12.8500,214624,2765247.5100,3,0.229476,1,1.089489,118.619016,141.510165,-93.612506,6.963501,0
2002-07-29,sz.000532,12.9000,12.9800,12.8000,12.9800,12.9900,200370,2576537.7000,3,0.214236,1,-0.080000,118.527700,141.401227,-93.540441,6.958140,0
2002-07-30,sz.000532,12.8800,13.2800,12.8800,13.2600,12.9800,551978,7224373.8700,3,0.590175,1,2.160000,121.084538,144.451485,-95.558263,7.108239,0
2002-07-31,sz.000532,13.1800,13.3500,13.1800,13.2000,13.2600,376600,5008490.0000,3,0.402661,1,-0.450000,120.536644,143.797858,-95.125873,7.076075,0
2002-08-01,sz.000532,13.2000,13.2600,13.1300,13.1800,13.2000,285800,3768465.0000,3,0.305577,1,-0.150000,120.354013,143.579983,-94.981742,7.065353,0
2002-08-02,sz.000532,13.1800,13.3500,13.1800,13.3300,13.1800,448972,5952296.8500,3,0.480041,1,1.140000,121.723747,145.214049,-96.062718,7.145763,0
2002-08-05,sz.000532,13.3100,13.3100,12.8500,12.9700,13.3300,257000,3341446.0000,3,0.274784,1,-2.700000,118.436384,141.292290,-93.468376,6.952780,0
2002-08-06,sz.000532,12.9600,13.0200,12.9100,13.0100,12.9700,124414,1613557.8000,3,0.133023,1,0.310000,118.801647,141.728041,-93.756636,6.974222,0
2002-08-07,sz.000532,12.9500,13.1000,12.8700,13.1000,13.0100,282956,3668742.8400,3,0.302536,1,0.690000,119.623488,142.708481,-94.405222,7.022468,0
2002-08-08,sz.000532,13.0000,13.0500,12.8600,12.9500,13.1000,161395,2087564.6700,3,0.172563,1,-1.150000,118.253753,141.074414,-93.324246,6.942058,0
2002-08-09,sz.000532,12.9500,13.0200,12.8900,12.9400,12.9500,171600,2219294.0000,3,0.183475,1,-0.080000,118.162437,140.965476,-93.252181,6.936698,0
2002-08-12,sz.000532,12.9000,12.9300,12.6900,12.7500,12.9400,242800,3101467.0000,3,0.259602,1,-1.470000,116.427440,138.895659,-91.882945,6.834845,0
2002-08-13,sz.000532,12.7000,12.7800,12.6500,12.7200,12.7500,107600,1368929.0000,3,0.115046,1,-0.240000,116.153493,138.568845,-91.666750,6.818763,0
2002-08-14,sz.000532,12.9600,12.9600,12.6500,12.8000,12.7200,158999,2022799.3500,3,0.170002,1,0.630000,116.884018,139.440348,-92.243270,6.861648,0
2002-08-15,sz.000532,12.8600,12.8600,12.6500,12.7900,12.8000,101900,1293729.7500,3,0.108951,1,-0.080000,116.792703,139.331410,-92.171205,6.856288,0
2002-08-16,sz.000532,12.7300,12.9900,12.6500,12.9300,12.7900,219183,2809866.3500,3,0.234350,1,1.090000,118.071122,140.856539,-93.180116,6.931337,0
2002-08-19,sz.000532,12.8000,12.9600,12.8000,12.8500,12.9300,191800,2466185.1000,3,0.205072,1,-0.620000,117.340597,139.985036,-92.603596,6.888452,0
2002-08-20,sz.000532,12.7800,13.0900,12.7800,13.0000,12.8500,214200,2773313.6000,3,0.229023,1,1.170000,118.710331,141.619103,-93.684571,6.968862,0
2002-08-21,sz.000532,12.9100,13.0000,12.9100,13.0000,13.0000,145016,1878797.9800,3,0.155051,1,0.000000,118.710331,141.619103,-93.684571,6.968862,0
2002-08-22,sz.000532,12.9000,13.1500,12.9000,13.0400,13.0000,231579,3012619.6200,3,0.247604,1,0.310000,119.075594,142.054854,-93.972832,6.990304,0
2002-08-23,sz.000532,13.0800,13.1600,12.9300,13.0700,13.0400,408106,5319518.5800,3,0.436347,1,0.230000,119.349541,142.381667,-94.189027,7.006386,0
2002-08-26,sz.000532,13.0600,13.2500,13.0000,13.1500,13.0700,530427,6984873.5000,3,0.567132,1,0.610000,120.080066,143.253170,-94.765547,7.049271,0
2002-08-27,sz.000532,13.1500,13.3500,13.1500,13.3000,13.1500,720705,9559798.4100,3,0.770578,1,1.140000,121.449800,144.887236,-95.846523,7.129681,0
2002-08-28,sz.000532,13.3800,13.4000,13.1800,13.2500,13.3000,627072,8298722.6800,3,0.670465,1,-0.380000,120.993222,144.342547,-95.486198,7.102878,0
2002-08-29,sz.000532,13.3600,13.5000,13.1800,13.1900,13.2500,784055,10423650.6000,3,0.838311,1,-0.450000,65.434536,78.762073,-142.973262,6.652143,0
2002-08-30,sz.000532,13.3300,13.3300,13.1600,13.2300,13.1900,509140,6732154.1000,3,0.544372,1,0.300000,65.632973,79.000927,-143.406842,6.672316,0
2002-09-02,sz.000532,13.2000,13.2900,13.1800,13.2200,13.2300,575710,7612218.7600,3,0.615549,1,-0.080000,65.583363,78.941213,-143.298447,6.667273,0
2002-09-03,sz.000532,13.2200,13.2800,13.1800,13.2000,13.2200,670376,8863847.4800,3,0.716766,1,-0.150000,65.484145,78.821786,-143.081657,6.657186,0
2002-09-04,sz.000532,13.1600,13.2300,12.8800,12.9200,13.2000,1163650,15194066.9000,3,1.244174,1,-2.120000,64.095087,77.149809,-140.046591,6.515973,0
2002-09-05,sz.000532,12.9600,12.9900,12.8700,12.9000,12.9200,452150,5845593.4000,3,0.483439,1,-0.150000,63.995869,77.030382,-139.829801,6.505887,0
2002-09-06,sz.000532,12.9000,12.9900,12.8100,12.8200,12.9000,199400,2572336.0900,3,0.213198,1,-0.620000,63.598995,76.552674,-138.962639,6.465540,0
2002-09-09,sz.000532,12.8600,12.8600,12.6500,12.7200,12.8200,280120,3555293.3600,3,0.299504,1,-0.780000,63.102903,75.955540,-137.878687,6.415107,0
2002-09-10,sz.000532,12.7000,12.8500,12.6000,12.7000,12.7200,182997,2327153.6400,3,0.195660,1,-0.160000,63.003685,75.836113,-137.661897,6.405020,0
2002-09-11,sz.000532,12.7200,12.7800,12.5400,12.6000,12.7000,111620,1407864.8000,3,0.119344,1,-0.790000,62.507593,75.238978,-136.577945,6.354587,0
2002-09-12,sz.000532,12.8000,12.8500,12.5800,12.6700,12.6000,276887,3509621.5500,3,0.296047,1,0.560000,62.854857,75.656972,-137.336712,6.389890,0
2002-09-13,sz.000532,12.7000,12.8300,12.2800,12.7800,12.6700,425099,5355158.4900,3,0.454516,1,0.870000,63.400559,76.313820,-138.529059,6.445367,0
2002-09-16,sz.000532,12.7500,12.7500,12.4100,12.5500,12.7800,325800,4083522.2000,3,0.348345,1,-1.800000,62.259547,74.940410,-136.035969,6.329370,0
2002-09-17,sz.000532,12.5500,12.6800,12.4100,12.6700,12.5500,359940,4514714.6700,3,0.384848,1,0.960000,62.854857,75.656972,-137.336712,6.389890,0
2002-09-18,sz.000532,12.6300,12.7500,12.5800,12.6800,12.6700,347941,4404820.8300,3,0.372018,1,0.080000,62.904467,75.716686,-137.445107,6.394933,0
2002-09-19,sz.000532,12.6500,12.8500,12.5000,12.7800,12.6800,300300,3804529.0000,3,0.321081,1,0.790000,63.400559,76.313820,-138.529059,6.445367,0
2002-09-20,sz.000532,12.7300,12.8000,12.4000,12.7200,12.7800,658120,8225808.0000,3,0.703662,1,-0.470000,63.102903,75.955540,-137.878687,6.415107,0
2002-09-23,sz.000532,12.6800,12.7000,12.4100,12.5800,12.7200,211200,2645690.0000,3,0.225815,1,-1.100000,62.408375,75.119551,-136.361155,6.344500,0
2002-09-24,sz.000532,12.6000,12.6000,12.4000,12.4600,12.5800,158102,1965756.8000,3,0.169043,1,-0.950000,61.813064,74.402989,-135.060412,6.283980,0
2002-09-25,sz.000532,12.4100,12.4800,12.2600,12.3400,12.4600,223912,2764460.1000,3,0.239407,1,-0.960000,61.217754,73.686427,-133.759670,6.223460,0
2002-09-26,sz.000532,12.3000,12.4900,12.0000,12.1400,12.3400,273307,3323237.5100,3,0.292220,1,-1.620000,60.225570,72.492158,-131.591766,6.122594,0
2002-09-27,sz.000532,12.3600,12.3700,12.0000,12.1300,12.1400,203100,2460834.0000,3,0.217154,1,-0.080000,60.175961,72.432445,-131.483371,6.117551,0
2002-10-08,sz.000532,12.0500,12.1900,11.9500,12.1700,12.1300,214600,2591190.0000,3,0.229450,1,0.330000,60.374397,72.671298,-131.916952,6.137724,0
2002-10-09,sz.000532,12.1700,12.1700,12.1700,12.1700,12.1700,0,0.0000,3,,0,0.000000,60.374397,72.671298,-131.916952,6.137724,0
2002-10-10,sz.000532,12.0000,12.0000,11.1800,11.6200,12.1700,334549,3886457.6800,3,0.357700,1,-4.520000,57.645891,69.387057,-125.955216,5.860341,0
2002-10-11,sz.000532,11.5500,11.6500,11.3500,11.4400,11.6200,295300,3370199.1000,3,0.315735,1,-1.550000,56.752926,68.312215,-124.004103,5.769561,0
2002-10-14,sz.000532,11.4900,11.7700,11.4100,11.7200,11.4400,726720,8432577.7500,3,0.777009,1,2.450000,58.141983,69.984192,-127.039168,5.910774,0
2002-10-15,sz.000532,11.7000,11.7500,11.5500,11.7000,11.7200,430981,5006403.9700,3,0.460805,1,-0.170000,58.042765,69.864765,-126.822378,5.900688,0
2002-10-16,sz.000532,11.6500,11.9300,11.6500,11.8700,11.7000,489911,5776025.0600,3,0.523813,1,1.450000,58.886121,70.879894,-128.665096,5.986424,0
2002-10-17,sz.000532,11.8500,11.8900,11.4800,11.6000,11.8700,488500,5694991.4000,3,0.522304,1,-2.270000,57.546673,69.267630,-125.738426,5.850255,0
2002-10-18,sz.000532,11.6500,11.7900,11.4500,11.6900,11.6000,1176463,13669998.3300,3,1.257874,1,0.780000,57.993156,69.805052,-126.713982,5.895644,0
2002-10-21,sz.000532,11.7100,11.8000,11.5600,11.6900,11.6900,1105884,12940013.3800,3,1.182411,1,0.000000,57.993156,69.805052,-126.713982,5.895644,0
2002-10-22,sz.000532,9.0000,9.0700,8.8100,9.0500,8.9900,453927,4077449.8200,3,0.373337,1,0.670000,58.365225,70.252902,-127.526946,5.933469,0
2002-10-23,sz.000532,9.0500,9.0900,9.0000,9.0400,9.0500,363420,3288128.3800,3,0.298899,1,-0.110000,58.300733,70.175275,-127.386032,5.926913,0
2002-10-24,sz.000532,9.0400,9.0500,8.8000,8.8900,9.0400,292557,2607696.6000,3,0.240617,1,-1.660000,57.333353,69.010862,-125.272326,5.828568,0
2002-10-25,sz.000532,8.9700,8.9700,8.6000,8.6000,8.8900,213150,1874094.1000,3,0.175308,1,-3.260000,55.463086,66.759664,-121.185827,5.638435,0
2002-10-28,sz.000532,8.6500,8.7700,8.6000,8.6400,8.6000,235880,2047159.3000,3,0.194002,1,0.470000,55.721054,67.070174,-121.749482,5.656751,0
2002-10-29,sz.000532,8.6400,8.6900,8.5700,8.6400,8.6400,181800,1570239.2200,3,0.149523,1,0.000000,55.721054,67.070174,-121.749482,5.656751,0
2002-10-30,sz.000532,8.6500,8.7000,8.6000,8.6800,8.6400,177770,1538549.3600,3,0.146209,1,0.460000,55.979022,67.380684,-122.313137,5.682940,0
2002-10-31,sz.000532,8.6600,8.8000,8.6200,8.6500,8.6800,295130,2569850.0000,3,0.242733,1,-0.350000,55.785546,67.147802,-121.890396,5.663298,0
2002-11-01,sz.000532,8.6500,8.7000,8.5900,8.6400,8.6500,164700,1422612.8000,3,0.135459,1,-0.120000,55.721054,67.070174,-121.749482,5.656751,0
2002-11-04,sz.000532,8.6400,9.5000,8.5300,9.3700,8.6400,2994383,25807955.2900,3,2.462764,1,8.450000,60.428967,72.736983,-132.036186,6.134694,0
2002-11-05,sz.000532,9.1600,9.3600,8.9300,9.2800,9.3700,1634013,14977326.2900,3,1.343912,1,-0.960000,59.848540,72.038335,-130.767962,6.075770,0
2002-11-06,sz.000532,9.2200,9.2500,9.0300,9.1600,9.2800,566393,5186994.3900,3,0.465836,1,-1.290000,59.074636,71.106805,-129.076997,5.997204,0
2002-11-07,sz.000532,9.1500,9.2100,9.0700,9.1700,9.1600,759060,6944035.7600,3,0.624297,1,0.110000,59.139128,71.184433,-129.217911,6.003751,0
2002-11-08,sz.000532,9.1800,9.3500,8.7000,8.7900,9.1700,686350,6180271.0500,3,0.564496,1,-4.140000,56.688434,68.234587,-123.863188,5.754959,0
2002-11-11,sz.000532,8.8000,8.9500,8.6000,8.7000,8.7900,557350,4866737.8400,3,0.458399,1,-1.020000,56.108006,67.535939,-122.594965,5.696034,0
2002-11-12,sz.000532,8.7000,8.8500,8.4700,8.5100,8.7000,696251,6049737.4800,3,0.572639,1,-2.180000,54.882659,66.061017,-119.917603,5.571638,0
2002-11-13,sz.000532,8.5200,8.5600,8.2500,8.5200,8.5100,443064,3722751.8000,3,0.364403,1,0.120000,54.947151,66.138644,-120.058517,5.578185,0
2002-11-14,sz.000532,8.4800,8.7300,8.4500,8.5500,8.5200,1494463,12775967.8700,3,1.229138,1,0.350000,55.140626,66.371527,-120.481258,5.597827,0
2002-11-15,sz.000532,8.5500,8.8400,8.4600,8.7500,8.5500,1661523,14522730.1600,3,1.366538,1,2.340000,56.430466,67.924077,-123.299533,5.728770,0
2002-11-18,sz.000532,8.8000,8.8500,8.4300,8.5000,8.7500,464914,3972371.1100,3,0.382374,1,-2.860000,54.818167,65.983389,-119.776690,5.565091,0
2002-11-19,sz.000532,8.6300,8.6300,8.4100,8.5800,8.5000,405374,3467078.3700,3,0.333404,1,0.940000,55.334102,66.604409,-120.904000,5.617468,0
2002-11-20,sz.000532,8.8000,8.8000,8.4000,8.5600,8.5800,248240,2111555.2000,3,0.204168,1,-0.230000,55.205118,66.449154,-120.622172,5.604374,0
2002-11-21,sz.000532,8.5500,8.5500,8.1000,8.2000,8.5600,335600,2776037.6100,3,0.276018,1,-4.210000,52.883408,63.654564,-115.549277,5.368676,0
2002-11-22,sz.000532,8.2000,8.3800,7.9800,8.2500,8.2000,498564,4087559.1600,3,0.410050,1,0.610000,53.205868,64.042701,-116.253846,5.401412,0
2002-11-25,sz.000532,8.3000,8.3000,8.0800,8.2000,8.2500,270245,2212872.5500,3,0.222266,1,-0.610000,52.883408,63.654564,-115.549277,5.368676,0
2002-11-26,sz.000532,8.2000,8.2500,7.8500,7.8800,8.2000,412008,3325540.1600,3,0.338861,1,-3.900000,50.819665,61.170483,-111.040037,5.159167,0
2002-11-27,sz.000532,7.5500,8.1200,7.4300,8.0300,7.8800,357836,2786154.5000,3,0.294306,1,1.900000,51.787045,62.334896,-113.153743,5.257374,0
2002-11-28,sz.000532,8.0000,8.2800,7.8700,8.2700,8.0300,347258,2802047.7200,3,0.285606,1,2.990000,53.334852,64.197956,-116.535673,5.414506,0
2002-11-29,sz.000532,8.3000,8.4700,8.1500,8.4200,8.2700,586459,4889648.0500,3,0.482340,1,1.810000,54.302231,65.362369,-118.649380,5.512714,0
2002-12-02,sz.000532,8.3900,8.4200,8.1300,8.1700,8.4200,197130,1626861.3100,3,0.162132,1,-2.970000,52.689932,63.421681,-115.126536,5.349035,0
2002-12-03,sz.000532,8.2500,8.2800,8.1000,8.2500,8.1700,204280,1678173.4000,3,0.168012,1,0.980000,53.205868,64.042701,-116.253846,5.401412,0
2002-12-04,sz.000532,8.2700,8.3200,8.1800,8.2100,8.2500,370790,3065553.2600,3,0.304960,1,-0.480000,52.947900,63.732191,-115.690191,5.375223,0
2002-12-05,sz.000532,8.2000,8.2500,8.1100,8.1900,8.2100,249880,2043860.6800,3,0.205517,1,-0.240000,52.818916,63.576936,-115.408363,5.362129,0
2002-12-06,sz.000532,8.1900,8.2500,8.1200,8.1300,8.1900,118020,966979.4000,3,0.097067,1,-0.730000,52.431964,63.111171,-114.562881,5.322846,0
2002-12-09,sz.000532,8.1300,8.1500,7.9000,8.0800,8.1300,138301,1115315.7800,3,0.113747,1,-0.620000,52.109504,62.723033,-113.858312,5.290110,0
2002-12-10,sz.000532,8.2000,8.2000,7.9000,7.9600,8.0800,82120,657567.0000,3,0.067541,1,-1.490000,51.335601,61.791503,-112.167347,5.211544,0
2002-12-11,sz.000532,8.0000,8.0000,7.6900,7.9400,7.9600,183420,1439847.4100,3,0.150856,1,-0.250000,51.206617,61.636248,-111.885519,5.198450,0
2002-12-12,sz.000532,7.8800,8.0500,7.7300,7.8900,7.9400,366640,2907581.7100,3,0.301547,1,-0.630000,50.884157,61.248111,-111.180951,5.165714,0
2002-12-13,sz.000532,7.9000,8.0500,7.8300,7.9600,7.8900,407580,3232163.3200,3,0.335219,1,0.890000,51.335601,61.791503,-112.167347,5.211544,0
2002-12-16,sz.000532,7.9400,8.2500,7.8500,8.2500,7.9600,757793,6123650.6300,3,0.623255,1,3.640000,53.205868,64.042701,-116.253846,5.401412,0
2002-12-17,sz.000532,8.3000,8.8000,8.3000,8.7600,8.2500,1838185,15646230.8800,3,1.511836,1,6.180000,56.494958,68.001704,-123.440447,5.735317,0
2002-12-18,sz.000532,8.7400,8.7600,8.5100,8.5600,8.7600,887171,7647259.6700,3,0.729664,1,-2.280000,55.205118,66.449154,-120.622172,5.604374,0
2002-12-19,sz.000532,8.4500,8.8000,8.4500,8.6800,8.5600,696819,5958130.2100,3,0.573107,1,1.400000,55.979022,67.380684,-122.313137,5.682940,0
2002-12-20,sz.000532,8.6300,8.7000,8.5000,8.5600,8.6800,665060,5714674.3000,3,0.546986,1,-1.380000,55.205118,66.449154,-120.622172,5.604374,0
2002-12-23,sz.000532,8.5600,8.6800,8.4900,8.5800,8.5600,559033,4793901.4300,3,0.459783,1,0.230000,55.334102,66.604409,-120.904000,5.617468,0
2002-12-24,sz.000532,8.7500,8.7500,8.4900,8.5500,8.5800,302489,2583986.3700,3,0.248785,1,-0.350000,55.140626,66.371527,-120.481258,5.597827,0
2002-12-25,sz.000532,8.6000,8.6400,8.4500,8.5500,8.5500,359031,3064953.7200,3,0.295289,1,0.000000,55.140626,66.371527,-120.481258,5.597827,0
2002-12-26,sz.000532,8.5600,8.6000,8.2600,8.2600,8.5500,554100,4653403.2500,3,0.455726,1,-3.390000,53.270360,64.120329,-116.394760,5.407959,0
2002-12-27,sz.000532,8.2500,8.3000,8.0100,8.2400,8.2600,410995,3352936.8000,3,0.338027,1,-0.240000,53.141376,63.965074,-116.112932,5.394865,0
2002-12-30,sz.000532,8.3000,8.4500,8.0400,8.0900,8.2400,336883,2745591.8700,3,0.277073,1,-1.820000,52.173996,62.800661,-113.999226,5.296657,0
2002-12-31,sz.000532,8.1200,8.1800,7.9500,8.0800,8.0900,532879,4286179.7400,3,0.438272,1,-0.120000,52.109504,62.723033,-113.858312,5.290110,0
2003-01-02,sz.000532,8.0800,8.0800,7.6000,7.8100,8.0800,344311,2679611.9600,3,0.283182,1,-3.340000,50.368221,60.627090,-110.053641,5.113337,0
2003-01-03,sz.000532,7.8200,7.9500,7.7600,7.9100,7.8100,126610,990552.1800,3,0.104132,1,1.280000,51.013141,61.403366,-111.462778,5.178808,0
2003-01-06,sz.000532,7.9000,8.0000,7.7000,7.9600,7.9100,162670,1281254.9000,3,0.133790,1,0.630000,51.335601,61.791503,-112.167347,5.211544,0
2003-01-07,sz.000532,8.0000,8.1000,7.9000,7.9500,7.9600,140700,1123589.5000,3,0.115720,1,-0.130000,51.271109,61.713876,-112.026433,5.204997,0
2003-01-08,sz.000532,8.0500,8.1000,7.9300,8.1000,7.9500,207314,1660852.0600,3,0.170508,1,1.890000,52.238488,62.878288,-114.140139,5.303204,0
2003-01-09,sz.000532,8.1000,8.4000,8.0500,8.4000,8.1000,708026,5837544.4800,3,0.582324,1,3.700000,54.173247,65.207114,-118.367552,5.499619,0
2003-01-10,sz.000532,8.4000,8.4400,8.1400,8.1600,8.4000,395822,3281179.6800,3,0.325548,1,-2.860000,52.625440,63.344053,-114.985622,5.342487,0
2003-01-13,sz.000532,8.2000,8.2400,8.0300,8.1200,8.1600,215061,1743717.7700,3,0.176879,1,-0.490000,52.367472,63.033543,-114.421967,5.316299,0
2003-01-14,sz.000532,8.0800,8.6900,8.0800,8.4200,8.1200,1445003,12042236.5500,3,1.188459,1,3.690000,54.302231,65.362369,-118.649380,5.512714,0
2003-01-15,sz.000532,8.3100,8.8000,8.3000,8.7700,8.4200,2818499,24269243.1500,3,2.318106,1,4.160000,56.559450,68.079332,-123.581361,5.741864,0
2003-01-16,sz.000532,8.8000,9.2000,8.7500,9.1800,8.7700,3192254,28532491.7200,3,2.625505,1,4.680000,59.203620,71.262060,-129.358825,6.010298,0
2003-01-17,sz.000532,9.1000,9.1800,8.8500,8.9600,9.1800,1495781,13438055.6500,3,1.230222,1,-2.400000,57.784797,69.554255,-126.258722,5.866261,0
2003-01-20,sz.000532,8.9500,8.9500,8.7800,8.9500,8.9600,667620,5912996.6000,3,0.549092,1,-0.110000,57.720305,69.476627,-126.117808,5.859713,0
2003-01-21,sz.000532,8.9500,8.9800,8.7900,8.8200,8.9500,489370,4339219.4000,3,0.402488,1,-1.450000,56.881909,68.467470,-124.285930,5.774600,0
2003-01-22,sz.000532,8.8400,8.9500,8.7600,8.9300,8.8200,694008,6153518.5000,3,0.570795,1,1.250000,57.591321,69.321372,-125.835981,5.846619,0
2003-01-23,sz.000532,8.9200,8.9500,8.7500,8.7500,8.9300,602741,5349735.5400,3,0.495731,1,-2.020000,56.430466,67.924077,-123.299533,5.728770,0
2003-01-24,sz.000532,8.7300,9.0000,8.6000,8.9700,8.7500,978312,8566668.4100,3,0.804624,1,2.510000,57.849289,69.631882,-126.399636,5.872808,0
2003-01-27,sz.000532,8.9000,9.0000,8.8800,8.9100,8.9700,750900,6705265.2000,3,0.617586,1,-0.670000,57.462337,69.166117,-125.554153,5.833525,0
2003-01-28,sz.000532,8.9100,8.9600,8.8100,8.8800,8.9100,586900,5205818.1000,3,0.482703,1,-0.340000,57.268861,68.933235,-125.131412,5.813883,0
2003-01-29,sz.000532,8.8500,9.0300,8.8500,9.0000,8.8800,1805944,16154385.6900,3,1.485319,1,1.350000,58.042765,69.864765,-126.822377,5.892449,0
2003-02-10,sz.000532,9.0000,9.0700,8.8000,8.8800,9.0000,684883,6140527.2300,3,0.563290,1,-1.330000,57.268861,68.933235,-125.131412,5.813883,0
2003-02-11,sz.000532,8.8500,9.0600,8.8000,9.0500,8.8800,1015604,9087685.0600,3,0.835295,1,1.910000,58.365225,70.252902,-127.526946,5.925185,0
2003-02-12,sz.000532,9.0500,9.1100,8.9000,9.1000,9.0500,2431444,21894481.3000,3,1.999769,1,0.550000,58.687684,70.641040,-128.231515,5.957921,0
2003-02-13,sz.000532,9.1800,9.5000,9.1300,9.1800,9.1000,5233168,48698855.3200,3,4.304078,1,0.880000,59.203620,71.262060,-129.358825,6.010298,0
2003-02-14,sz.000532,9.1800,9.1900,9.0400,9.1400,9.1800,2005131,18260036.6700,3,1.649143,1,-0.440000,58.945652,70.951550,-128.795170,5.984110,0
2003-02-17,sz.000532,9.1200,9.3000,8.9300,9.0700,9.1400,1670140,15183088.7200,3,1.373625,1,-0.770000,58.494208,70.408157,-127.808773,5.938279,0
2003-02-18,sz.000532,9.1000,9.1000,8.9200,9.0300,9.0700,459390,4129457.2000,3,0.377830,1,-0.440000,58.236241,70.097647,-127.245118,5.912091,0
2003-02-19,sz.000532,8.9500,9.1700,8.9500,9.1500,9.0300,1379699,12548502.5500,3,1.134749,1,1.330000,59.010144,71.029178,-128.936083,5.990657,0
2003-02-20,sz.000532,9.1200,9.1500,9.0300,9.0500,9.1500,565580,5143295.1000,3,0.465168,1,-1.090000,58.365225,70.252902,-127.526946,5.925185,0
2003-02-21,sz.000532,9.0500,9.0600,8.7300,8.7700,9.0500,987361,8725979.4000,3,0.812066,1,-3.090000,56.559450,68.079332,-123.581361,5.741864,0
2003-02-24,sz.000532,8.8000,8.8500,8.7300,8.8000,8.7700,296555,2603653.7000,3,0.243905,1,0.340000,56.752925,68.312215,-124.004102,5.761506,0
2003-02-25,sz.000532,8.8300,9.0100,8.8000,9.0100,8.8000,1208070,10786442.0300,3,0.993591,1,2.390000,58.107257,69.942392,-126.963291,5.898996,0
2003-02-26,sz.000532,9.0000,9.0500,8.8600,8.9700,9.0100,242720,2168337.7000,3,0.199628,1,-0.440000,57.849289,69.631882,-126.399636,5.872808,0
2003-02-27,sz.000532,9.0000,9.0500,8.8500,8.9800,8.9700,692730,6192638.3000,3,0.569744,1,0.110000,57.913781,69.709510,-126.540550,5.879355,0
2003-02-28,sz.000532,8.9000,8.9900,8.7600,8.8600,8.9800,738130,6540271.7000,3,0.607083,1,-1.340000,57.139877,68.777980,-124.849585,5.800789,0
2003-03-03,sz.000532,8.8600,8.9500,8.7400,8.9100,8.8600,646683,5727338.9500,3,0.531872,1,0.560000,57.462337,69.166117,-125.554153,5.833525,0
2003-03-04,sz.000532,8.9100,8.9800,8.8400,8.9400,8.9100,1020363,9104056.5800,3,0.839209,1,0.340000,57.655813,69.399000,-125.976895,5.853166,0
2003-03-05,sz.000532,8.9500,8.9800,8.7600,8.8000,8.9400,461842,4077277.5700,3,0.379847,1,-1.570000,56.752925,68.312215,-124.004102,5.761506,0
2003-03-06,sz.000532,8.8000,8.9000,8.6000,8.6900,8.8000,822600,7224003.6200,3,0.676557,1,-1.250000,56.043514,67.458312,-122.454051,5.689487,0
2003-03-07,sz.000532,8.8500,8.8500,8.4800,8.6200,8.6900,569107,4897978.8800,3,0.468068,1,-0.810000,55.592070,66.914919,-121.467655,5.643657,0
2003-03-10,sz.000532,8.6200,8.6200,8.3200,8.3400,8.6200,272700,2296154.0000,3,0.224285,1,-3.250000,53.786295,64.741349,-117.522070,5.460336,0
2003-03-11,sz.000532,8.3600,8.4400,8.3100,8.3200,8.3400,275476,2299506.6900,3,0.226568,1,-0.240000,53.657311,64.586094,-117.240242,5.447242,0
2003-03-12,sz.000532,8.3200,8.4500,8.2800,8.3300,8.3200,661411,5517860.2200,3,0.543985,1,0.120000,53.721803,64.663721,-117.381156,5.453789,0
2003-03-13,sz.000532,8.3300,8.3500,8.2400,8.3000,8.3300,303340,2513778.6200,3,0.249485,1,-0.360000,53.528327,64.430839,-116.958415,5.434148,0
2003-03-14,sz.000532,8.3000,8.3200,8.2100,8.3000,8.3000,241942,1993939.3800,3,0.198988,1,0.000000,53.528327,64.430839,-116.958415,5.434148,0
2003-03-17,sz.000532,8.3100,8.3400,8.2100,8.3300,8.3000,285730,2362386.6000,3,0.235002,1,0.360000,53.721803,64.663721,-117.381156,5.453789,0
2003-03-18,sz.000532,8.3300,8.3900,8.2500,8.3000,8.3300,189180,1574351.6000,3,0.155593,1,-0.360000,53.528327,64.430839,-116.958415,5.434148,0
2003-03-19,sz.000532,8.3400,8.3800,8.1800,8.3000,8.3000,390035,3229205.5000,3,0.320789,1,0.000000,53.528327,64.430839,-116.958415,5.434148,0
2003-03-20,sz.000532,8.3000,8.3500,8.2000,8.2300,8.3000,263170,2176397.8000,3,0.216447,1,-0.840000,53.076884,63.887446,-115.972018,5.388318,0
2003-03-21,sz.000532,8.2500,8.4400,8.2500,8.3800,8.2300,349350,2917859.9100,3,0.287327,1,1.820000,54.044263,65.051859,-118.085725,5.486525,0
2003-03-24,sz.000532,8.3500,8.4000,8.2400,8.3100,8.3800,296640,2461991.1000,3,0.243975,1,-0.840000,53.592819,64.508466,-117.099328,5.440695,0
2003-03-25,sz.000532,8.3800,8.3900,8.2100,8.2900,8.3100,233100,1926389.9000,3,0.191716,1,-0.240000,53.463835,64.353211,-116.817501,5.427601,0
2003-03-26,sz.000532,8.3000,8.3000,8.0500,8.1300,8.2900,178080,1453855.7000,3,0.146464,1,-1.930000,52.431964,63.111171,-114.562881,5.322846,0
2003-03-27,sz.000532,8.1600,8.2000,8.0100,8.2000,8.1300,936308,7632896.7400,3,0.770077,1,0.860000,52.883408,63.654564,-115.549277,5.368676,0
2003-03-28,sz.000532,8.2300,8.2600,8.0900,8.1600,8.2000,706662,5784808.5800,3,0.581202,1,-0.490000,52.625440,63.344053,-114.985622,5.342487,0
2003-03-31,sz.000532,8.1500,8.2000,8.0500,8.0900,8.1600,1262900,10259531.3000,3,1.038686,1,-0.860000,52.173996,62.800661,-113.999226,5.296657,0
2003-04-01,sz.000532,8.1200,8.2300,8.0900,8.1600,8.0900,824068,6714491.7800,3,0.677764,1,0.870000,58.119364,24.321729,44.960584,5.490468,0
2003-04-02,sz.000532,8.1800,8.2000,7.9600,7.9800,8.1600,790889,6345599.1200,3,0.650476,1,-2.210000,56.837319,23.785220,43.968806,5.369355,0
2003-04-03,sz.000532,7.9800,8.1300,7.9800,8.0300,7.9800,551649,4446162.2100,3,0.453710,1,0.630000,57.193443,23.934251,44.244300,5.402997,0
2003-04-04,sz.000532,8.0300,8.1400,7.8800,7.9900,8.0300,699402,5595964.3100,3,0.575231,1,-0.500000,56.908544,23.815027,44.023905,5.376083,0
2003-04-07,sz.000532,7.9900,8.0000,7.7000,7.7100,7.9900,967518,7538271.4900,3,0.795746,1,-3.500000,54.914252,22.980457,42.481140,5.187685,0
2003-04-08,sz.000532,7.7500,7.7500,7.5500,7.5900,7.7100,957721,7316516.7500,3,0.787688,1,-1.560000,54.059555,22.622785,41.819955,5.106943,0
2003-04-09,sz.000532,7.7200,7.7200,7.4600,7.6200,7.5900,953321,7200983.0400,3,0.784070,1,0.400000,54.273230,22.712203,41.985251,5.127128,0
2003-04-10,sz.000532,7.6500,7.7000,7.3500,7.4900,7.6200,1259318,9384564.8200,3,1.035740,1,-1.710000,53.347308,22.324724,41.268967,5.039657,0
2003-04-11,sz.000532,7.5000,7.7500,7.4300,7.7100,7.4900,1784579,13480478.7200,3,1.467747,1,2.940000,54.914252,22.980457,42.481140,5.187685,0
2003-04-14,sz.000532,7.9500,8.1300,7.7500,8.1100,7.7100,1776857,14073792.4200,3,1.461396,1,5.190000,57.763240,24.172699,44.685090,5.456825,0
2003-04-15,sz.000532,8.1500,8.1800,7.9600,8.0000,8.1100,1615682,13014505.8000,3,1.328836,1,-1.360000,56.979769,23.844833,44.079004,5.382812,0
2003-04-16,sz.000532,8.0100,8.0100,7.6600,7.7000,8.0000,1898086,14782418.5100,3,1.561102,1,-3.750000,54.843027,22.950651,42.426041,5.180956,0
2003-04-17,sz.000532,7.7000,7.7900,7.6000,7.7300,7.7000,864414,6657898.1900,3,0.710947,1,0.390000,55.056701,23.040069,42.591338,5.201142,0
2003-04-18,sz.000532,7.7300,8.1400,7.7300,8.0100,7.7300,1982731,15827170.7200,3,1.630719,1,3.620000,57.050993,23.874639,44.134103,5.389540,0
2003-04-21,sz.000532,8.0100,8.1200,7.7600,7.8800,8.0100,763322,6023340.5800,3,0.627803,1,-1.620000,56.439432,19.918814,43.417819,5.279439,0
2003-04-22,sz.000532,7.8800,7.8900,7.7700,7.7800,7.8800,545269,4262995.6600,3,0.448463,1,-1.270000,55.723196,19.666037,42.866831,5.212441,0
2003-04-23,sz.000532,7.8000,7.9500,7.5600,7.7100,7.7800,834491,6416608.7400,3,0.686337,1,-0.900000,55.221830,19.489093,42.481140,5.165543,0
2003-04-24,sz.000532,7.6900,7.7000,7.3600,7.4900,7.7100,1312400,9875248.2000,3,1.079398,1,-2.850000,53.646110,18.932984,41.268967,5.018147,0
2003-04-25,sz.000532,8.2000,8.2000,7.3000,7.3900,7.4900,1638580,12421316.3600,3,1.347669,1,-1.340000,52.929874,18.680208,40.717980,4.951149,0
2003-04-28,sz.000532,7.2500,7.5700,6.9000,7.5600,7.3900,1893095,13477874.6900,3,1.556997,1,2.300000,54.147476,19.109928,41.654659,5.065046,0
2003-04-29,sz.000532,7.5600,7.6800,7.3000,7.6200,7.5600,1911068,14490223.2400,3,1.571779,1,0.790000,54.577218,19.261594,41.985251,5.105245,0
2003-04-30,sz.000532,7.6300,7.6600,7.3400,7.4900,7.6200,1509662,11286291.2500,3,1.241639,1,-1.710000,53.646110,18.932984,41.268967,5.018147,0
2003-05-12,sz.000532,7.4900,7.6800,7.2600,7.6400,7.4900,879107,6618957.0700,3,0.723031,1,2.000000,54.720465,19.312150,42.095449,5.118644,0
2003-05-13,sz.000532,7.6000,7.7500,7.3000,7.3400,7.6400,750230,5667222.1800,3,0.617035,1,-3.930000,52.571756,18.553819,40.442486,4.917650,0
2003-05-14,sz.000532,7.3800,7.8000,7.2900,7.8000,7.3400,1353466,10350627.7500,3,1.113173,1,6.270000,55.866443,19.716593,42.977029,5.225841,0
2003-05-15,sz.000532,7.7900,8.1000,7.7100,8.0200,7.8000,2281183,18166218.8200,3,1.876185,1,2.820000,57.442163,20.272702,44.189202,5.373237,0
2003-05-16,sz.000532,8.0500,8.0500,7.7600,7.8400,8.0200,1068753,8389715.8300,3,0.879008,1,-2.240000,56.152938,19.817703,43.197424,5.252640,0
2003-05-19,sz.000532,7.8600,8.0200,7.8000,7.9200,7.8400,1350101,10686085.8600,3,1.110406,1,1.020000,56.725927,20.019925,43.638214,5.306239,0
2003-05-20,sz.000532,7.9500,7.9900,7.6600,7.7800,7.9200,553332,4298711.6300,3,0.455094,1,-1.770000,55.723196,19.666037,42.866831,5.212441,0
2003-05-21,sz.000532,7.8000,7.8800,7.6800,7.6900,7.7800,283489,2190780.3000,3,0.233159,1,-1.160000,55.078583,19.438538,42.370943,5.152143,0
2003-05-22,sz.000532,7.7000,7.7500,7.6000,7.6400,7.6900,298933,2289708.8200,3,0.245861,1,-0.650000,54.720465,19.312150,42.095449,5.118644,0
2003-05-23,sz.000532,7.6500,8.0500,7.6200,7.8100,7.6400,2298294,18215308.8200,3,1.890258,1,2.230000,55.938067,19.741870,43.032128,5.232541,0
2003-05-26,sz.000532,7.8200,8.0200,7.8200,7.9500,7.8100,1247578,9919708.6700,3,1.026085,1,1.790000,56.940798,20.095758,43.803510,5.326338,0
2003-05-27,sz.000532,7.9500,8.2200,7.9100,8.2000,7.9500,1987298,16176681.2000,3,1.634476,1,3.140000,58.731389,20.727700,45.180979,5.493833,0
2003-05-28,sz.000532,8.1800,8.2000,7.9500,7.9800,8.2000,893630,7193736.2000,3,0.734976,1,-2.680000,57.155669,20.171591,43.968806,5.346437,0
2003-05-29,sz.000532,7.9700,8.2700,7.9000,8.2700,7.9800,1449379,11844088.8600,3,1.192058,1,3.630000,59.232755,20.904644,45.566670,5.540731,0
2003-05-30,sz.000532,8.7700,8.7700,8.2500,8.2600,8.2700,1674539,14038478.0700,3,1.377243,1,-0.120000,59.161131,20.879366,45.511572,5.534032,0
2003-06-02,sz.000532,8.2500,8.3200,8.1000,8.2900,8.2600,765940,6285248.4400,3,0.629956,1,0.360000,59.376002,20.955199,45.676868,5.554131,0
2003-06-03,sz.000532,8.2000,8.3600,8.1000,8.1400,8.2900,697745,5704329.6400,3,0.573868,1,-1.810000,58.301647,20.576034,44.850387,5.453634,0
2003-06-04,sz.000532,8.1900,8.4100,7.9800,8.0600,8.1400,718314,5835389.5600,3,0.590785,1,-0.980000,57.728658,20.373812,44.409597,5.400036,0
2003-06-05,sz.000532,8.0800,8.0800,7.9100,8.0200,8.0600,569425,4554424.1500,3,0.468330,1,-0.500000,57.442163,20.272702,44.189202,5.373237,0
2003-06-06,sz.000532,8.0000,8.4700,7.9300,8.0000,8.0200,662977,5429551.5600,3,0.545273,1,-0.250000,57.298916,20.222146,44.079004,5.359837,0
2003-06-09,sz.000532,7.9000,8.1500,7.8100,7.9300,8.0000,216870,1727831.1300,3,0.178367,1,-0.880000,56.797551,20.045202,43.693313,5.312938,0
2003-06-10,sz.000532,7.9700,7.9900,7.8800,7.9200,7.9300,170871,1353707.7600,3,0.140535,1,-0.130000,56.725927,20.019925,43.638214,5.306239,0
2003-06-11,sz.000532,7.9200,8.1800,7.9200,8.1700,7.9200,579537,4685070.7700,3,0.476647,1,3.160000,58.516518,20.651867,45.015683,5.473734,0
2003-06-12,sz.000532,8.1700,8.1800,8.0000,8.0500,8.1700,228525,1836719.8100,3,0.187953,1,-1.470000,57.657034,20.348535,44.354498,5.393336,0
2003-06-13,sz.000532,8.1000,8.1000,7.9000,7.9600,8.0500,182400,1458356.0000,3,0.150017,1,-1.120000,57.012422,20.121035,43.858609,5.333038,0
2003-06-16,sz.000532,7.8800,7.9700,7.8800,7.9600,7.9600,164120,1301250.8000,3,0.134982,1,0.000000,57.012422,20.121035,43.858609,5.333038,0
2003-06-17,sz.000532,7.9000,8.1000,7.9000,7.9200,7.9600,117301,935050.6000,3,0.096476,1,-0.500000,56.725927,20.019925,43.638214,5.306239,0
2003-06-18,sz.000532,7.9200,8.0300,7.8800,7.8900,7.9200,201401,1597508.8700,3,0.165645,1,-0.380000,56.511056,19.944092,43.472918,5.286139,0
2003-06-19,sz.000532,7.9700,8.2800,7.9000,7.9300,7.8900,661917,5328732.3400,3,0.544401,1,0.510000,56.797551,20.045202,43.693313,5.312938,0
2003-06-20,sz.000532,7.9500,7.9900,7.8800,7.9600,7.9300,211600,1676286.6000,3,0.174033,1,0.380000,57.012422,20.121035,43.858609,5.333038,0
2003-06-23,sz.000532,7.9300,7.9800,7.6300,7.9400,7.9600,622177,4840263.2800,3,0.511716,1,-0.250000,56.869174,20.070480,43.748411,5.319638,0
2003-06-24,sz.000532,7.9900,7.9900,7.8100,7.8900,7.9400,153045,1207929.2500,3,0.125874,1,-0.630000,56.511056,19.944092,43.472918,5.286139,0
2003-06-25,sz.000532,7.8000,7.8400,7.6000,7.7900,7.8900,186435,1443519.8000,3,0.153336,1,-1.270000,55.794820,19.691315,42.921930,5.219141,0
2003-06-26,sz.000532,7.7000,7.8500,7.5100,7.8200,7.7900,378065,2915133.6600,3,0.310944,1,0.390000,56.009690,19.767148,43.087226,5.239241,0
2003-06-27,sz.000532,7.7000,7.8000,7.6000,7.7300,7.8200,239334,1832884.7200,3,0.196843,1,-1.150000,55.365078,19.539649,42.591338,5.178942,0
2003-06-30,sz.000532,7.7300,7.7300,7.7300,7.7300,7.7300,0,0.0000,3,,0,0.000000,55.365078,19.539649,42.591338,5.178942,0
2003-07-01,sz.000532,7.6500,7.7500,7.5800,7.5900,7.7300,114977,881399.8400,3,0.094564,1,-1.810000,54.362347,19.185761,41.819955,5.085145,0
2003-07-02,sz.000532,7.7900,7.7900,7.5000,7.6800,7.5900,229177,1754974.8000,3,0.188489,1,1.190000,55.006959,19.413260,42.315844,5.145444,0
2003-07-03,sz.000532,7.6200,7.7400,7.6000,7.7200,7.6800,197185,1512657.4200,3,0.162177,1,0.520000,55.293454,19.514371,42.536239,5.172243,0
2003-07-04,sz.000532,7.6800,8.0200,7.5100,7.8200,7.7200,469070,3594703.6700,3,0.385792,1,1.300000,56.009690,19.767148,43.087226,5.239241,0
2003-07-07,sz.000532,7.7700,7.7800,7.6400,7.7000,7.8200,129210,994053.8000,3,0.106270,1,-1.530000,55.150207,19.463816,42.426041,5.158843,0
2003-07-08,sz.000532,7.6200,7.8500,7.6000,7.6900,7.7000,257251,1977970.9300,3,0.211579,1,-0.130000,55.078583,19.438538,42.370943,5.152143,0
2003-07-09,sz.000532,7.6600,7.6700,7.5900,7.6300,7.6900,91200,695715.8000,3,0.075008,1,-0.780000,54.648841,19.286872,42.040350,5.111945,0
2003-07-10,sz.000532,7.6100,7.7000,7.5400,7.6700,7.6300,270664,2063863.6000,3,0.222611,1,0.520000,54.935336,19.387983,42.260745,5.138744,0
2003-07-11,sz.000532,7.7400,7.7400,7.6200,7.6300,7.6700,137864,1055156.3400,3,0.113388,1,-0.520000,54.648841,19.286872,42.040350,5.111945,0
2003-07-14,sz.000532,7.6000,7.6400,7.5200,7.5400,7.6300,140124,1059991.7800,3,0.115247,1,-1.180000,54.004228,19.059373,41.544461,5.051646,0
2003-07-15,sz.000532,7.5200,7.6000,7.4900,7.5200,7.5400,179500,1349412.9700,3,0.147632,1,-0.270000,53.860981,19.008817,41.434264,5.038247,0
2003-07-16,sz.000532,7.5800,7.5800,7.4800,7.5700,7.5200,176430,1329248.0000,3,0.145107,1,0.660000,54.219099,19.135206,41.709758,5.071746,0
2003-07-17,sz.000532,7.6000,7.6000,7.5200,7.5300,7.5700,245100,1849932.0000,3,0.201585,1,-0.530000,53.932605,19.034095,41.489363,5.044947,0
2003-07-18,sz.000532,7.4600,7.6000,7.3100,7.4000,7.5300,350600,2619085.1800,3,0.288355,1,-1.730000,53.001497,18.705485,40.773079,4.957849,0
2003-07-21,sz.000532,7.3900,7.6500,7.3700,7.4000,7.4000,266360,1992261.5000,3,0.219071,1,0.000000,53.001497,18.705485,40.773079,4.957849,0
2003-07-22,sz.000532,7.4000,7.5000,7.3300,7.4000,7.4000,123094,908278.9800,3,0.101240,1,0.000000,53.001497,18.705485,40.773079,4.957849,0
2003-07-23,sz.000532,7.3300,7.6300,7.2300,7.4400,7.4000,242862,1814520.7800,3,0.199745,1,0.540000,53.287992,18.806596,40.993474,4.984648,0
2003-07-24,sz.000532,7.5400,7.5400,7.3000,7.3100,7.3900,66351,491159.8900,3,0.054571,1,-1.080000,52.356885,18.477986,40.277190,4.897551,0
2003-07-25,sz.000532,7.3700,7.4700,7.2600,7.2800,7.3100,98930,726434.4000,3,0.081366,1,-0.410000,52.142014,18.402153,40.111894,4.877452,0
2003-07-28,sz.000532,7.2600,7.2800,7.0100,7.1300,7.2800,134160,958838.1000,3,0.110341,1,-2.060000,51.067659,18.022988,39.285412,4.776955,0
2003-07-29,sz.000532,7.1300,7.3300,7.1000,7.2700,7.1300,200121,1438234.1200,3,0.164592,1,1.960000,52.070390,18.376875,40.056795,4.870752,0
2003-07-30,sz.000532,7.2200,7.2300,7.1700,7.2100,7.2700,50264,362230.1000,3,0.041340,1,-0.830000,51.640648,18.225209,39.726202,4.830553,0
2003-07-31,sz.000532,7.1800,7.2000,7.1300,7.1700,7.2100,72340,519079.4000,3,0.059497,1,-0.550000,51.354154,18.124099,39.505807,4.803754,0
2003-08-01,sz.000532,7.1200,7.2300,7.1000,7.2100,7.1700,91360,653671.2000,3,0.075140,1,0.560000,51.640648,18.225209,39.726202,4.830553,0
2003-08-04,sz.000532,7.2200,7.2800,7.1600,7.2600,7.2100,129410,937407.0400,3,0.106435,1,0.690000,51.998766,18.351598,40.001696,4.864052,0
2003-08-05,sz.000532,7.3700,7.3800,7.2000,7.3000,7.2600,111480,814965.6000,3,0.091688,1,0.550000,52.285261,18.452708,40.222091,4.890851,0
2003-08-06,sz.000532,7.2600,7.3000,7.2200,7.2400,7.3000,81010,586929.4000,3,0.066628,1,-0.820000,51.855519,18.301042,39.891499,4.850652,0
2003-08-07,sz.000532,7.3000,7.3700,7.2400,7.2500,7.2400,94990,692713.0000,3,0.078126,1,0.140000,51.927143,18.326320,39.946597,4.857352,0
2003-08-08,sz.000532,7.3400,7.4900,7.2800,7.3000,7.2500,145980,1078410.8000,3,0.120063,1,0.690000,52.285261,18.452708,40.222091,4.890851,0
2003-08-11,sz.000532,7.2500,7.3500,7.2500,7.3000,7.3000,47360,346652.4000,3,0.038952,1,0.000000,52.285261,18.452708,40.222091,4.890851,0
2003-08-12,sz.000532,7.2800,7.2900,7.2000,7.2800,7.3000,53862,390167.5400,3,0.044299,1,-0.270000,52.142014,18.402153,40.111894,4.877452,0
2003-08-13,sz.000532,7.1100,7.2000,7.1000,7.1600,7.2800,71728,512828.0800,3,0.058994,1,-1.650000,51.282530,18.098821,39.450709,4.797054,0
2003-08-14,sz.000532,7.2500,7.3600,7.1600,7.2000,7.1600,135530,985589.7000,3,0.111468,1,0.560000,51.569024,18.199932,39.671104,4.823853,0
2003-08-15,sz.000532,7.1200,7.3300,7.1200,7.3000,7.2000,388550,2830945.0000,3,0.319567,1,1.390000,52.285261,18.452708,40.222091,4.890851,0
2003-08-18,sz.000532,7.3000,7.3900,7.2900,7.3600,7.3000,508068,3730361.7600,3,0.417866,1,0.820000,52.715003,18.604374,40.552684,4.931050,0
2003-08-19,sz.000532,7.3400,7.5000,7.3400,7.4700,7.3600,829274,6147982.6000,3,0.682046,1,1.490000,53.502863,18.882429,41.158770,5.004748,0
2003-08-20,sz.000532,7.4300,7.4900,7.3200,7.3900,7.4700,99330,736689.8000,3,0.081695,1,-1.070000,52.929874,18.680208,40.717980,4.951149,0
2003-08-21,sz.000532,7.3600,7.4000,7.2800,7.3500,7.3900,77909,572180.8300,3,0.064077,1,-0.540000,52.643379,18.579097,40.497585,4.924350,0
2003-08-22,sz.000532,7.3500,7.4100,7.3000,7.3900,7.3500,57815,424769.7000,3,0.047551,1,0.540000,52.929874,18.680208,40.717980,4.951149,0
2003-08-25,sz.000532,7.3800,7.3800,7.2500,7.3200,7.3900,91090,667970.9000,3,0.074918,1,-0.950000,50.717077,16.826612,70.863769,4.501715,0
2003-08-26,sz.000532,7.0100,7.3800,7.0100,7.3000,7.3200,77007,561602.1400,3,0.063335,1,-0.270000,50.578505,16.780637,70.670152,4.489415,0
2003-08-27,sz.000532,7.3600,7.3900,7.1700,7.2800,7.3000,81650,589849.8000,3,0.067154,1,-0.270000,50.439934,16.734663,70.476535,4.477115,0
2003-08-28,sz.000532,7.1900,7.3000,7.1800,7.1800,7.2800,61900,446167.8000,3,0.050910,1,-1.370000,49.747078,16.504791,69.508451,4.415617,0
2003-08-29,sz.000532,7.1800,7.2500,7.1200,7.2000,7.1800,93170,672216.2600,3,0.076629,1,0.280000,49.885649,16.550765,69.702068,4.427916,0
2003-09-01,sz.000532,7.1500,7.2400,7.1500,7.2300,7.2000,193738,1394709.0200,3,0.159342,1,0.420000,50.093506,16.619727,69.992493,4.446366,0
2003-09-02,sz.000532,7.2600,7.5800,7.2600,7.4800,7.2300,676711,5055857.7100,3,0.556569,1,3.460000,51.825647,17.194406,72.412704,4.600113,0
2003-09-03,sz.000532,7.4000,7.5100,7.3300,7.4200,7.4800,90901,673507.6100,3,0.074763,1,-0.800000,51.409933,17.056483,71.831853,4.563214,0
2003-09-04,sz.000532,7.3700,7.4500,7.3500,7.4400,7.4200,451873,3344541.1600,3,0.371648,1,0.270000,51.548504,17.102458,72.025470,4.575514,0
2003-09-05,sz.000532,7.4400,7.4600,7.3400,7.4400,7.4400,119459,882301.4500,3,0.098250,1,0.000000,51.548504,17.102458,72.025470,4.575514,0
2003-09-08,sz.000532,7.4400,7.4800,7.3800,7.3900,7.4400,86250,641342.4000,3,0.070937,1,-0.670000,51.202076,16.987522,71.541428,4.544764,0
2003-09-09,sz.000532,7.3400,7.4600,7.3400,7.3600,7.3900,72100,533509.0000,3,0.059299,1,-0.410000,50.994219,16.918560,71.251002,4.526315,0
2003-09-10,sz.000532,7.4400,7.4400,7.3100,7.4000,7.3600,91445,675111.7500,3,0.075210,1,0.540000,51.271362,17.010509,71.638236,4.550914,0
2003-09-11,sz.000532,7.3600,7.4300,7.2300,7.3500,7.4000,237064,1736945.4200,3,0.194976,1,-0.680000,50.924934,16.895573,71.154194,4.520165,0
2003-09-12,sz.000532,7.2100,7.3500,7.1600,7.3500,7.3500,177139,1284912.2900,3,0.145690,1,0.000000,50.924934,16.895573,71.154194,4.520165,0
2003-09-15,sz.000532,7.2600,7.2600,7.1500,7.1600,7.3500,68350,491808.6000,3,0.056215,1,-2.590000,49.608507,16.458817,69.314834,4.403317,0
2003-09-16,sz.000532,7.0200,7.3100,7.0100,7.2400,7.1600,117355,841492.9500,3,0.096520,1,1.120000,50.162792,16.642714,70.089301,4.452516,0
2003-09-17,sz.000532,7.2400,7.2400,7.1200,7.2000,7.2400,83582,597709.5000,3,0.068743,1,-0.550000,49.885649,16.550765,69.702068,4.427916,0
2003-09-18,sz.000532,7.1500,7.2400,7.0000,7.2100,7.2000,209591,1490691.9100,3,0.172380,1,0.140000,49.954935,16.573753,69.798876,4.434066,0
2003-09-19,sz.000532,7.1500,7.1700,7.0400,7.1400,7.2100,167775,1193417.8300,3,0.137988,1,-0.970000,49.469935,16.412842,69.121217,4.391017,0
2003-09-22,sz.000532,7.2000,7.2000,7.0800,7.1400,7.1400,82156,586234.1800,3,0.067570,1,0.000000,49.469935,16.412842,69.121217,4.391017,0
2003-09-23,sz.000532,7.1900,7.2200,7.1000,7.2200,7.1400,203155,1452400.9000,3,0.167087,1,1.120000,50.024220,16.596740,69.895684,4.440216,0
2003-09-24,sz.000532,7.2000,7.5200,7.2000,7.3400,7.2200,598105,4400763.4600,3,0.491918,1,1.660000,50.855648,16.872586,71.057386,4.514015,0
2003-09-25,sz.000532,7.3400,7.3600,7.2000,7.2600,7.3400,124039,904134.2300,3,0.102017,1,-1.090000,50.301363,16.688689,70.282918,4.464816,0
2003-09-26,sz.000532,7.2600,7.4500,7.2100,7.2300,7.2600,195800,1429761.5900,3,0.161038,1,-0.410000,50.093506,16.619727,69.992493,4.446366,0
2003-09-29,sz.000532,7.2200,7.3300,7.1200,7.1600,7.2300,164055,1184626.1800,3,0.134929,1,-0.970000,49.608507,16.458817,69.314834,4.403317,0
2003-09-30,sz.000532,7.1700,7.2600,7.0600,7.2300,7.1600,316290,2260376.6200,3,0.260136,1,0.980000,50.093506,16.619727,69.992493,4.446366,0
2003-10-08,sz.000532,7.2300,7.2500,7.1000,7.2000,7.2300,134600,967165.7800,3,0.110703,1,-0.410000,49.885649,16.550765,69.702068,4.427916,0
2003-10-09,sz.000532,7.2400,7.2600,7.1500,7.1900,7.2000,352090,2529815.3400,3,0.289580,1,-0.140000,49.816364,16.527778,69.605259,4.421767,0
2003-10-10,sz.000532,7.2100,7.3200,7.1700,7.2600,7.1900,1776739,12902744.0900,3,1.461299,1,0.970000,50.301363,16.688689,70.282918,4.464816,0
2003-10-13,sz.000532,7.2600,7.4900,7.2600,7.4500,7.2600,1517544,11210006.6800,3,1.248121,1,2.620000,51.617790,17.125445,72.122278,4.581664,0
2003-10-14,sz.000532,7.5000,7.5000,7.3200,7.4400,7.4500,1199211,8841301.7900,3,0.986305,1,-0.130000,51.548504,17.102458,72.025470,4.575514,0
2003-10-15,sz.000532,7.4200,7.6700,7.4000,7.5600,7.4400,1873285,14103442.4800,3,1.540704,1,1.610000,52.379932,17.378304,73.187171,4.649312,0
2003-10-16,sz.000532,7.5600,7.5800,7.4600,7.5100,7.5600,1023410,7692306.4000,3,0.841715,1,-0.660000,52.033504,17.263368,72.703129,4.618563,0
2003-10-17,sz.000532,7.5200,7.5700,7.3600,7.4200,7.5100,781000,5826724.0800,3,0.642342,1,-1.200000,51.409933,17.056483,71.831853,4.563214,0
2003-10-20,sz.000532,7.4500,7.4800,7.3700,7.4500,7.4200,855233,6338540.7100,3,0.703396,1,0.400000,51.617790,17.125445,72.122278,4.581664,0
2003-10-21,sz.000532,7.4500,7.5600,7.4000,7.5300,7.4500,1027308,7670838.2500,3,0.844921,1,1.070000,52.172075,17.309342,72.896746,4.630863,0
2003-10-22,sz.000532,7.5500,7.7300,7.5500,7.7000,7.5300,1354858,10356876.0200,3,1.114318,1,2.260000,53.349930,17.700124,74.542489,4.735411,0
2003-10-23,sz.000532,7.7500,7.9500,7.7300,7.8000,7.7000,1579540,12311890.8200,3,1.299110,1,1.300000,54.042787,17.929996,75.510573,4.796909,0
2003-10-24,sz.000532,7.8800,7.8900,7.7000,7.8200,7.8000,1592362,12397272.5500,3,1.309656,1,0.260000,54.181358,17.975970,75.704190,4.809209,0
2003-10-27,sz.000532,7.8200,7.8300,7.3300,7.7700,7.8200,1108178,8395806.6500,3,0.911434,1,-0.640000,53.834930,17.861034,75.220148,4.778460,0
2003-10-28,sz.000532,7.6800,7.6800,7.4500,7.5900,7.7700,704798,5301816.3800,3,0.579669,1,-2.320000,52.587789,17.447265,73.477596,4.667762,0
2003-10-29,sz.000532,7.6000,7.6000,7.3500,7.3500,7.5900,759090,5632486.9000,3,0.624322,1,-3.160000,50.924934,16.895573,71.154194,4.520165,0
2003-10-30,sz.000532,7.3200,7.4000,7.1400,7.3500,7.3500,1126597,8118908.8300,3,0.926582,1,0.000000,45.958224,15.542587,71.154194,4.471409,0
2003-10-31,sz.000532,7.3000,7.3300,7.1600,7.2000,7.3500,315990,2284791.0000,3,0.259890,1,-2.040000,45.020301,15.225392,69.702068,4.380156,0
2003-11-03,sz.000532,7.1500,7.3600,7.1000,7.3000,7.2000,635862,4590848.7000,3,0.522972,1,1.390000,45.645583,15.436855,70.670152,4.440991,0
2003-11-04,sz.000532,7.3000,7.4200,7.2200,7.3300,7.3000,784660,5742016.6000,3,0.645352,1,0.410000,45.833168,15.500295,70.960577,4.459242,0
2003-11-05,sz.000532,7.3300,7.3500,7.1200,7.1600,7.3300,727632,5229441.9100,3,0.598449,1,-2.320000,44.770188,15.140806,69.314834,4.355821,0
2003-11-06,sz.000532,7.1600,7.1900,6.4500,6.9200,7.1600,1497661,10229268.6000,3,1.231768,1,-3.350000,43.269512,14.633293,66.991432,4.209816,0
2003-11-07,sz.000532,6.8500,6.8500,6.3500,6.7000,6.9200,1351823,8797871.8400,3,1.111822,1,-3.180000,41.893891,14.168073,64.861646,4.075978,0
2003-11-10,sz.000532,6.6500,6.6800,6.3600,6.5000,6.7000,572356,3672054.0200,3,0.470741,1,-2.990000,40.643328,13.745145,62.925478,3.954307,0
2003-11-11,sz.000532,6.4800,6.5500,6.3700,6.4200,6.5000,490780,3150622.7900,3,0.403648,1,-1.230000,40.143102,13.575974,62.151010,3.905639,0
2003-11-12,sz.000532,6.4200,6.5000,6.3800,6.4200,6.4200,323277,2078208.1800,3,0.265883,1,0.000000,40.143102,13.575974,62.151010,3.905639,0
2003-11-13,sz.000532,6.4500,6.4800,6.3700,6.4500,6.4200,356190,2285782.2000,3,0.292952,1,0.470000,40.330687,13.639413,62.441436,3.923889,0
2003-11-14,sz.000532,6.4200,6.5200,6.4200,6.5100,6.4500,456400,2949403.6500,3,0.375371,1,0.930000,40.705856,13.766292,63.022286,3.960391,0
2003-11-17,sz.000532,6.5300,6.5300,6.4000,6.4800,6.5100,302740,1957656.6000,3,0.248992,1,-0.460833,40.518271,13.702852,62.731861,3.942140,0
2003-11-18,sz.000532,6.4600,6.5200,6.3700,6.4300,6.4800,242000,1550299.9200,3,0.199036,1,-0.770000,40.205630,13.597121,62.247819,3.911722,0
2003-11-19,sz.000532,6.4000,6.5600,6.3800,6.5000,6.4300,670475,4325851.4800,3,0.551440,1,1.090000,40.643328,13.745145,62.925478,3.954307,0
2003-11-20,sz.000532,6.4800,6.8800,6.4800,6.7700,6.5000,1347292,9014140.4900,3,1.108096,1,4.150000,42.331589,14.316097,65.539305,4.118563,0
2003-11-21,sz.000532,6.7500,6.8000,6.4600,6.5300,6.7700,667200,4421366.3400,3,0.548746,1,-3.550000,40.830912,13.808584,63.215903,3.972558,0
2003-11-24,sz.000532,6.5100,6.6900,6.4900,6.6400,6.5300,810760,5339332.4000,3,0.666819,1,1.680000,41.518722,14.041195,64.280796,4.039477,0
2003-11-25,sz.000532,6.6400,6.8800,6.6400,6.7300,6.6400,1628162,10996587.3400,3,1.339100,1,1.360000,42.081476,14.231512,65.152071,4.094229,0
2003-11-26,sz.000532,6.7300,6.8500,6.6500,6.8100,6.7300,974801,6576560.3600,3,0.801736,1,1.190000,42.581702,14.400683,65.926539,4.142897,0
2003-11-27,sz.000532,6.8000,6.8800,6.6100,6.7300,6.8100,549690,3704729.0000,3,0.452099,1,-1.170000,42.081476,14.231512,65.152071,4.094229,0
2003-11-28,sz.000532,6.7300,6.9200,6.7200,6.8900,6.7300,902579,6155556.2100,3,0.742336,1,2.380000,43.081927,14.569854,66.701006,4.191566,0
2003-12-01,sz.000532,6.8900,6.9800,6.8300,6.9500,6.8900,1113640,7678163.1100,3,0.915926,1,0.870000,43.457096,14.696732,67.281857,4.228067,0
2003-12-02,sz.000532,6.9500,7.0500,6.8500,6.9400,6.9500,793856,5497325.4800,3,0.652916,1,-0.140000,43.394568,14.675586,67.185048,4.221983,0
2003-12-03,sz.000532,6.9400,7.0500,6.8000,6.9700,6.9400,709015,4906601.4600,3,0.583137,1,0.430000,43.582153,14.739025,67.475474,4.240234,0
2003-12-04,sz.000532,7.1000,7.1500,6.9200,7.0500,6.9700,1039181,7304186.9700,3,0.854686,1,1.150000,44.082378,14.908196,68.249941,4.288902,0
2003-12-05,sz.000532,7.0500,7.1700,6.9400,7.1500,7.0500,1603894,11334921.3800,3,1.319141,1,1.420000,44.707660,15.119660,69.218025,4.349738,0
2003-12-08,sz.000532,7.1500,7.1500,6.9500,7.0200,7.1500,902952,6368919.3400,3,0.742643,1,-1.820000,43.894794,14.844757,67.959516,4.270652,0
2003-12-09,sz.000532,7.0200,7.0800,6.8400,7.0000,7.0200,915136,6355843.6600,3,0.752664,1,-0.280000,43.769737,14.802464,67.765899,4.258485,0
2003-12-10,sz.000532,6.9500,7.0200,6.9000,7.0100,7.0000,758050,5279111.3000,3,0.623467,1,0.140000,43.832266,14.823610,67.862707,4.264568,0
2003-12-11,sz.000532,7.0100,7.0300,6.8700,6.9000,7.0100,558661,3875267.4600,3,0.459477,1,-1.570000,43.144455,14.591000,66.797815,4.197649,0
2003-12-12,sz.000532,6.9000,6.9900,6.8300,6.8400,6.9000,434390,2989779.2000,3,0.357269,1,-0.870000,42.769286,14.464122,66.216964,4.161148,0
2003-12-15,sz.000532,6.8500,7.0000,6.8200,6.9900,6.8400,806980,5573561.8000,3,0.663710,1,2.190000,43.707209,14.781318,67.669091,4.252401,0
2003-12-16,sz.000532,6.9800,7.0400,6.8400,6.9500,6.9900,462220,3188510.0400,3,0.380158,1,-0.570000,43.457096,14.696732,67.281857,4.228067,0
2003-12-17,sz.000532,6.9500,6.9700,6.8000,6.8200,6.9500,521456,3575008.8000,3,0.428877,1,-1.870000,42.644230,14.421829,66.023347,4.148981,0
2003-12-18,sz.000532,6.8200,6.9500,6.6000,6.6200,6.8200,484980,3256759.2800,3,0.398877,1,-2.930000,41.393666,13.998902,64.087179,4.027310,0
2003-12-19,sz.000532,6.6200,6.7800,6.3700,6.4000,6.6200,891180,5809174.2200,3,0.732961,1,-3.320000,40.018046,13.533681,61.957393,3.893472,0
2003-12-22,sz.000532,6.4000,6.4000,6.4000,6.4000,6.4000,0,0.0000,3,,0,0.000000,40.018046,13.533681,61.957393,3.893472,0
2003-12-23,sz.000532,6.5000,7.0400,6.5000,7.0100,6.4000,3821734,26177845.5100,3,3.143228,1,9.530000,43.832266,14.823610,67.862707,4.264568,0
2003-12-24,sz.000532,6.9000,6.9800,6.8000,6.9100,7.0100,1910983,13121732.9100,3,1.571710,1,-1.430000,43.206984,14.612147,66.894623,4.203733,0
2003-12-25,sz.000532,6.9100,7.0800,6.8600,7.0600,6.9100,2715272,18997078.0300,3,2.233206,1,2.170000,44.144907,14.929342,68.346750,4.294986,0
2003-12-26,sz.000532,7.0600,7.0900,6.8900,6.9400,7.0600,1054441,7321428.3900,3,0.867237,1,-1.700000,43.394568,14.675586,67.185048,4.221983,0
2003-12-29,sz.000532,6.9900,7.2000,6.9400,7.0300,6.9400,2115686,14937943.1700,3,1.740070,1,1.300000,43.957322,14.865903,68.056324,4.276735,0
2003-12-30,sz.000532,7.0500,7.1000,6.9000,6.9800,7.0300,1039994,7238655.3400,3,0.855355,1,-0.710000,43.644681,14.760171,67.572282,4.246318,0
2003-12-31,sz.000532,7.0200,7.0900,6.8700,6.8900,6.9800,1024600,7099508.6000,3,0.842694,1,-1.290000,43.081927,14.569854,66.701006,4.191566,0
2004-01-02,sz.000532,6.9000,7.0500,6.8800,7.0300,6.8900,1718134,11935981.6500,3,1.413099,1,2.030000,43.957322,14.865903,68.056324,4.276735,0
2004-01-05,sz.000532,7.0200,7.1400,6.9800,7.0500,7.0300,2952936,20815643.6200,3,2.428676,1,0.280000,44.082378,14.908196,68.249941,4.288902,0
2004-01-06,sz.000532,7.0200,7.0800,6.7500,6.9400,7.0500,1915913,13177925.4200,3,1.575764,1,-1.560000,43.394568,14.675586,67.185048,4.221983,0
2004-01-07,sz.000532,6.9500,6.9500,6.7500,6.8700,6.9400,2101250,14313604.3300,3,1.728197,1,-1.010000,42.956871,14.527561,66.507389,4.179398,0
2004-01-08,sz.000532,6.8700,7.1200,6.7600,7.1000,6.8700,3207600,22186163.0800,3,2.638127,1,3.350000,44.395019,15.013928,68.733983,4.319320,0
2004-01-09,sz.000532,7.1200,7.3500,7.0800,7.1800,7.1000,4339462,31262365.1300,3,3.569039,1,1.130000,44.895245,15.183099,69.508451,4.367988,0
2004-01-12,sz.000532,7.2000,7.3000,7.1200,7.1900,7.1800,1896930,13686479.8200,3,1.560151,1,0.140000,44.957773,15.204245,69.605259,4.374072,0
2004-01-13,sz.000532,7.2100,7.3600,7.2000,7.2300,7.1900,2215522,16137314.1800,3,1.822181,1,0.560000,45.207886,15.288831,69.992493,4.398406,0
2004-01-14,sz.000532,7.2500,7.5600,7.1700,7.5300,7.2300,4446309,33032278.4600,3,3.656917,1,4.150000,47.083732,15.923222,72.896746,4.580913,0
2004-01-15,sz.000532,7.5300,7.6300,7.4000,7.4700,7.5300,2421343,18209059.5500,3,1.991461,1,-0.800000,46.708563,15.796344,72.315895,4.544411,0
2004-01-16,sz.000532,7.4900,7.8700,7.4700,7.7600,7.4700,6129997,47325759.1400,3,5.041685,1,3.880000,48.521880,16.409589,75.123339,4.720834,0
2004-01-29,sz.000532,7.8700,8.2000,7.6600,8.0800,7.7600,8246297,65374964.5500,3,6.782260,1,4.120000,50.522783,17.086273,78.221209,4.915508,0
2004-01-30,sz.000532,8.0800,8.0800,7.8000,7.8900,8.0800,3445350,27466832.1700,3,2.833667,1,-2.350000,49.334747,16.684492,76.381849,4.799921,0
2004-02-02,sz.000532,7.9500,8.1800,7.7500,7.9000,7.8900,2885181,22997793.5400,3,2.372950,1,0.130000,49.397275,16.705638,76.478657,4.806004,0
2004-02-03,sz.000532,7.9000,8.0500,7.7000,7.8900,7.9000,2707596,21153643.0000,3,2.226893,1,-0.130000,49.334747,16.684492,76.381849,4.799921,0
2004-02-04,sz.000532,7.9100,8.5700,7.9100,8.2700,7.8900,5874410,48637631.9900,3,4.831475,1,4.820000,51.710818,17.488054,80.060569,5.031095,0
2004-02-05,sz.000532,8.3100,8.6000,8.2000,8.5600,8.2700,5353815,45025049.8400,3,4.403306,1,3.510000,53.524136,18.101299,82.868014,5.207518,0
2004-02-06,sz.000532,8.5500,8.7600,8.3600,8.3900,8.5600,3504628,29925064.0800,3,2.882421,1,-1.990000,52.461157,17.741811,81.222270,5.104098,0
2004-02-09,sz.000532,8.4000,8.7200,8.4000,8.6400,8.3900,3508797,30148176.2000,3,2.885850,1,2.980000,54.024362,18.270470,83.642481,5.256187,0
2004-02-10,sz.000532,8.6500,8.8700,8.5700,8.6900,8.6400,3897294,33955134.1000,3,3.205373,1,0.580000,54.337002,18.376202,84.126523,5.286604,0
2004-02-11,sz.000532,8.6900,8.7900,8.4800,8.5500,8.6900,2187124,18782189.4800,3,1.798825,1,-1.610000,53.461608,18.080153,82.771205,5.201435,0
2004-02-12,sz.000532,8.5000,9.1000,8.5000,8.9100,8.5500,8283511,73723624.1900,3,6.812867,1,4.210000,55.712623,18.841422,86.256309,5.420443,0
2004-02-13,sz.000532,8.9100,9.2500,8.8400,9.0400,8.9100,4931836,44523728.3800,3,4.056244,1,1.460000,56.525489,19.116325,87.514818,5.499529,0
2004-02-16,sz.000532,9.0400,9.2300,8.9600,9.1000,9.0400,3852798,34997676.5500,3,3.168777,1,0.660000,56.900659,19.243203,88.095669,5.536030,0
2004-02-17,sz.000532,9.1700,9.4500,9.0100,9.1800,9.1000,4305246,39649013.2400,3,3.540898,1,0.880000,57.400884,19.412374,88.870136,5.584698,0
2004-02-18,sz.000532,9.1800,9.2500,9.0000,9.0800,9.1800,3045859,27621916.9000,3,2.505101,1,-1.090000,56.775602,19.200911,87.902052,5.523863,0
2004-02-19,sz.000532,9.0800,9.2200,8.9000,9.0000,9.0800,2186847,19666626.4700,3,1.798597,1,-0.880000,56.275377,19.031740,87.127584,5.475194,0
2004-02-20,sz.000532,8.9900,9.0800,8.8900,9.0800,9.0000,2472395,22207074.6200,3,2.033449,1,0.890000,56.775602,19.200911,87.902052,5.523863,0
2004-02-23,sz.000532,9.0800,9.1500,8.6600,8.6800,9.0800,2326116,20660940.1400,3,1.913140,1,-4.410000,54.274474,18.355055,84.029715,5.280521,0
2004-02-24,sz.000532,8.7000,8.8800,8.5500,8.7700,8.6800,4108085,35741065.5200,3,3.378741,1,1.040000,54.837228,18.545373,84.900991,5.335273,0
2004-02-25,sz.000532,8.8000,8.8600,8.3600,8.5300,8.7700,3111473,26844285.1200,3,2.559066,1,-2.740000,53.336551,18.037860,82.577588,5.189268,0
2004-02-26,sz.000532,8.5000,8.5300,8.2000,8.4400,8.5300,1949219,16269290.6700,3,1.603157,1,-1.060000,52.773798,17.847542,81.706313,5.134516,0
2004-02-27,sz.000532,8.4300,8.5700,8.4000,8.5500,8.4400,1988854,16890539.5000,3,1.635755,1,1.300000,53.461608,18.080153,82.771205,5.201435,0
2004-03-01,sz.000532,8.5400,8.6800,8.4500,8.5400,8.5500,2376870,20317433.3000,3,1.954884,1,-0.120000,53.399080,18.059006,82.674397,5.195351,0
2004-03-02,sz.000532,8.5800,8.6900,8.3800,8.5500,8.5400,2352825,20050034.1500,3,1.935107,1,0.120000,53.461608,18.080153,82.771205,5.201435,0
2004-03-03,sz.000532,8.7200,9.0700,8.7000,8.9800,8.5500,4883224,43219013.9900,3,4.016263,1,5.030000,56.150320,18.989447,86.933968,5.463027,0
2004-03-04,sz.000532,8.9800,9.0700,8.7800,8.9800,8.9800,2663040,23778887.4100,3,2.190247,1,0.000000,56.150320,18.989447,86.933968,5.463027,0
2004-03-05,sz.000532,8.9500,9.0400,8.8000,8.8300,8.9800,1620537,14445849.8000,3,1.332829,1,-1.670000,55.212397,18.672251,85.481841,5.371774,0
2004-03-08,sz.000532,8.9000,8.9000,8.3000,8.5100,8.8300,2026700,17359797.5900,3,1.666882,1,-3.620000,53.211495,17.995567,82.383972,5.177101,0
2004-03-09,sz.000532,8.5200,8.5200,8.3000,8.3500,8.5100,1194555,9998774.1200,3,0.982475,1,-1.880000,52.211044,17.657225,80.835037,5.079764,0
2004-03-10,sz.000532,8.3900,8.5700,8.3000,8.5600,8.3500,1109148,9302959.5300,3,0.912231,1,2.510000,53.524136,18.101299,82.868014,5.207518,0
2004-03-11,sz.000532,8.5800,8.6500,8.4000,8.4900,8.5600,1206745,10258505.2700,3,0.992501,1,-0.820000,53.086439,17.953274,82.190355,5.164933,0
2004-03-12,sz.000532,8.5500,8.6800,8.4500,8.4900,8.4900,1185870,10136092.6300,3,0.975332,1,0.000000,53.086439,17.953274,82.190355,5.164933,0
2004-03-15,sz.000532,8.4900,8.9100,8.3600,8.8000,8.4900,2363946,20589246.4500,3,1.944254,1,3.650000,55.024813,18.608812,85.191416,5.353523,0
2004-03-16,sz.000532,8.8000,8.8500,8.6600,8.7500,8.8000,1675377,14644845.9700,3,1.377933,1,-0.570000,54.712172,18.503080,84.707374,5.323106,0
2004-03-17,sz.000532,8.7300,9.0000,8.6800,8.9700,8.7500,2408452,21348627.7500,3,1.980859,1,2.510000,56.087792,18.968300,86.837159,5.456944,0
2004-03-18,sz.000532,8.8600,9.0000,8.6300,8.6900,8.9700,1487572,13165627.2000,3,1.223470,1,-3.120000,54.337002,18.376202,84.126523,5.286604,0
2004-03-19,sz.000532,8.7500,9.0000,8.6700,8.9000,8.6900,2514590,22302773.1000,3,2.068153,1,2.420000,55.650095,18.820276,86.159500,5.414359,0
2004-03-22,sz.000532,8.8000,9.0000,8.8000,8.9300,8.9000,1630299,14583498.6000,3,1.340858,1,0.340000,55.837679,18.883715,86.449925,5.432610,0
2004-03-23,sz.000532,8.9100,9.0000,8.7400,8.8800,8.9300,2485281,22020342.4800,3,2.044047,1,-0.560000,55.525038,18.777983,85.965883,5.402192,0
2004-03-24,sz.000532,8.9000,8.9200,8.5600,8.7400,8.8800,2104659,18265625.7700,3,1.731001,1,-1.580000,48.952561,16.848891,-66.325343,5.427744,0
2004-03-25,sz.000532,8.6700,8.7400,8.5600,8.6700,8.7400,1230273,10617788.1800,3,1.011852,1,-0.800000,48.560493,16.713946,-65.794133,5.384273,0
2004-03-26,sz.000532,8.7000,8.9500,8.6200,8.8700,8.6700,2516304,22233902.6000,3,2.069563,1,2.310000,49.680688,17.099504,-67.311875,5.508477,0
2004-03-29,sz.000532,8.8700,9.2000,8.8500,9.0400,8.8700,7926449,71844410.6000,3,6.519197,1,1.920000,50.632855,17.427228,-68.601956,5.614051,0
2004-03-30,sz.000532,9.0400,9.3500,9.0100,9.3500,9.0400,8444128,77649236.7300,3,6.944968,1,3.430000,52.369159,18.024844,-70.954457,5.806568,0
2004-03-31,sz.000532,9.3700,9.6500,9.2700,9.5100,9.3500,10047266,95066337.5000,3,8.263487,1,1.710000,53.265315,18.333290,-72.168651,5.905932,0
2004-04-01,sz.000532,9.5000,9.6600,9.3800,9.5700,9.5100,8498155,80979349.3700,3,6.989403,1,0.630000,53.601374,18.448958,-72.623974,5.943194,0
2004-04-02,sz.000532,9.5500,9.8100,9.3700,9.7600,9.5700,6841674,65458318.6100,3,5.627012,1,1.990000,54.665560,18.815238,-74.065829,6.061188,0
2004-04-05,sz.000532,9.7600,9.7600,9.7600,9.7600,9.7600,0,0.0000,3,,0,0.000000,54.665560,18.815238,-74.065829,6.061188,0
2004-04-06,sz.000532,10.7400,10.7400,10.0200,10.4200,9.7600,32356970,336289073.5100,3,26.612355,1,6.760000,58.362207,20.087580,-79.074379,6.471063,0
2004-04-07,sz.000532,10.3700,11.0000,10.1800,10.5300,10.4200,19098669,202040381.7200,3,15.707916,1,1.060000,58.978314,20.299637,-79.909137,6.539376,0
2004-04-08,sz.000532,10.6000,10.7800,10.1700,10.2800,10.5300,12162657,126596215.0300,3,10.003315,1,-2.370000,57.578070,19.817689,-78.011959,6.384120,0
2004-04-09,sz.000532,10.5700,10.5700,9.9000,9.9800,10.2800,9432253,95123810.1200,3,7.757663,1,-2.920000,55.897776,19.239352,-75.735346,6.197813,0
2004-04-12,sz.000532,9.9100,10.1800,9.9000,10.1000,9.9800,3881616,38955220.0900,3,3.192479,1,1.200000,56.569893,19.470687,-76.645991,6.272336,0
2004-04-13,sz.000532,10.0800,10.1000,9.6300,9.7800,10.1000,3710291,36622129.3000,3,3.051571,1,-3.170000,54.777580,18.853794,-74.217603,6.073608,0
2004-04-14,sz.000532,9.7900,9.8700,9.4800,9.6700,9.7800,2254680,21797536.9900,3,1.854387,1,-1.120000,54.161472,18.641737,-73.382845,6.005296,0
2004-04-15,sz.000532,9.5200,9.7000,9.3200,9.4400,9.6700,2579248,24439740.5100,3,2.121332,1,-2.380000,52.873247,18.198345,-71.637441,5.862461,0
2004-04-16,sz.000532,9.3800,9.5700,9.1100,9.4600,9.4400,2893079,27060378.1600,3,2.379445,1,0.210000,52.985266,18.236901,-71.789215,5.874881,0
2004-04-19,sz.000532,9.5000,9.7500,9.4000,9.5600,9.4600,2198935,21084359.7400,3,1.808539,1,1.060000,53.545364,18.429680,-72.548086,5.936983,0
2004-04-20,sz.000532,9.5900,9.5900,9.2300,9.3500,9.5600,1175062,11002064.9400,3,0.966443,1,-2.200000,52.369159,18.024844,-70.954457,5.806568,0
2004-04-21,sz.000532,9.3500,9.6000,9.2500,9.4300,9.3500,1203619,11322473.7600,3,0.989930,1,0.860000,52.817237,18.179067,-71.561554,5.856250,0
2004-04-22,sz.000532,9.3200,9.5700,9.2500,9.4600,9.4300,2355104,22048793.9800,3,1.936982,1,0.320000,52.985266,18.236901,-71.789215,5.874881,0
2004-04-23,sz.000532,9.4300,9.6200,9.3700,9.4600,9.4600,1993452,18936311.0100,3,1.639537,1,0.000000,52.985266,18.236901,-71.789215,5.874881,0
2004-04-26,sz.000532,9.4800,9.4800,8.5200,8.8500,9.4600,3071642,27562416.5100,3,2.526307,1,-6.450000,44.068120,14.439748,17200.328071,5.141170,0
2004-04-27,sz.000532,8.9500,9.0500,8.7400,8.9200,8.8500,2383390,21219309.1400,3,1.960246,1,0.790000,44.416681,14.553961,17336.375863,5.181835,0
2004-04-28,sz.000532,8.8500,9.0200,8.7800,8.9800,8.9200,1883718,16807362.7700,3,1.549285,1,0.670000,44.715448,14.651857,17452.988257,5.216690,0
2004-04-29,sz.000532,8.9900,9.0600,8.2900,8.3300,8.9800,2986981,25634371.2000,3,2.456676,1,-7.240000,41.478806,13.591311,16189.687325,4.839090,0
2004-04-30,sz.000532,8.2800,8.5600,8.1500,8.4100,8.3300,1238359,10386690.4500,3,1.018502,1,0.960000,41.877162,13.721840,16345.170517,4.885564,0
2004-05-10,sz.000532,8.4600,8.4600,7.8000,7.8900,8.4100,1402500,11269101.0000,3,1.153502,1,-6.180000,39.287849,12.873402,15334.529771,4.583484,0
2004-05-11,sz.000532,7.9000,8.0900,7.7200,7.9400,7.8900,1555760,12304332.8000,3,1.279552,1,0.630000,39.536821,12.954983,15431.706766,4.612530,0
2004-05-12,sz.000532,7.9000,8.3400,7.8500,8.3300,7.9400,1665947,13518929.7300,3,1.370177,1,4.910000,41.478806,13.591311,16189.687325,4.839090,0
2004-05-13,sz.000532,8.6100,8.9600,8.6100,8.8900,8.3300,12323803,108051342.7400,3,10.135851,1,6.720000,44.267297,14.505012,17278.069666,5.164407,0
2004-05-14,sz.000532,8.7500,8.7900,8.4100,8.6100,8.8900,2807793,24205510.6000,3,2.309301,1,-3.150000,42.873052,14.048162,16733.878496,5.001749,0
2004-05-17,sz.000532,8.5200,8.7200,8.4700,8.6100,8.6100,1301548,11233700.1600,3,1.070473,1,0.000000,42.873052,14.048162,16733.878496,5.001749,0
2004-05-18,sz.000532,8.6800,8.9400,8.5800,8.8800,8.6100,3505781,30826241.8800,3,2.883369,1,3.140000,44.217503,14.488696,17258.634268,5.158598,0
2004-05-19,sz.000532,8.9600,9.0800,8.8000,8.8500,8.8800,4197771,37511130.3100,3,3.452504,1,-0.340000,44.068120,14.439748,17200.328071,5.141170,0
2004-05-20,sz.000532,8.8800,9.2400,8.8000,9.0200,8.8500,4935420,44714734.4700,3,4.059192,1,1.920000,44.914626,14.717122,17530.729853,5.239927,0
2004-05-21,sz.000532,9.1100,9.1100,8.8800,9.0000,9.0200,1888093,16938362.8400,3,1.552883,1,-0.220000,44.815037,14.684489,17491.859055,5.228309,0
2004-05-24,sz.000532,9.0500,9.0800,8.4700,8.5500,9.0000,2970273,25883907.5800,3,2.442935,1,-5.000000,42.574285,13.950265,16617.266102,4.966893,0
2004-05-25,sz.000532,8.5500,8.5500,8.3300,8.4600,8.5500,1475786,12415448.1200,3,1.213777,1,-1.050000,42.126135,13.803420,16442.347512,4.914610,0
2004-05-26,sz.000532,8.3800,8.6800,8.3300,8.5100,8.4600,1983472,16869775.1500,3,1.631329,1,0.590000,42.375107,13.885001,16539.524506,4.943656,0
2004-05-27,sz.000532,8.5300,8.9300,8.4500,8.8500,8.5100,2829732,24713345.8200,3,2.327345,1,4.000000,44.068120,14.439748,17200.328071,5.141170,0
2004-05-28,sz.000532,8.8900,8.9900,8.7100,8.7500,8.8500,1613600,14270025.8400,3,1.327124,1,-1.130000,43.570175,14.276587,17005.974081,5.083078,0
2004-05-31,sz.000532,8.8000,8.8500,8.6700,8.8000,8.7500,882074,7728293.7700,3,0.725472,1,0.570000,43.819147,14.358167,17103.151076,5.112124,0
2004-06-01,sz.000532,8.5100,9.0400,8.5100,8.9600,8.8000,3002091,26699511.8900,3,2.469104,1,1.820000,44.615859,14.619225,17414.117459,5.205072,0
2004-06-02,sz.000532,8.9600,9.1500,8.9100,9.1300,8.9600,3346798,30351220.9200,3,2.752612,1,1.900000,45.462365,14.896599,17744.519241,5.303829,0
2004-06-03,sz.000532,9.1200,9.1600,8.7200,8.7600,9.1300,2848479,25323026.4700,3,2.342764,1,-4.050000,43.619969,14.292903,17025.409480,5.088887,0
2004-06-04,sz.000532,8.7000,8.9100,8.6700,8.8500,8.7600,1075927,9469405.2800,3,0.884908,1,1.030000,44.068120,14.439748,17200.328071,5.141170,0
2004-06-07,sz.000532,8.9200,8.9400,8.5500,8.6900,8.8500,1388529,12081179.0300,3,1.142011,1,-1.810000,43.271408,14.178690,16889.361687,5.048223,0
2004-06-08,sz.000532,8.6800,8.8300,8.5100,8.6600,8.6900,839137,7257259.8600,3,0.690158,1,-0.350000,43.122024,14.129742,16831.055491,5.030795,0
2004-06-09,sz.000532,8.6600,8.6600,7.9800,8.0900,8.6600,1943440,16186226.7900,3,1.598404,1,-6.580000,40.283739,13.199724,15723.237750,4.699669,0
2004-06-10,sz.000532,8.0200,8.2200,7.9200,8.1500,8.0900,1122586,9103672.1800,3,0.923284,1,0.740000,40.582506,13.297621,15839.850144,4.734524,0
2004-06-11,sz.000532,8.1600,8.3500,8.0400,8.1200,8.1500,888628,7290527.4600,3,0.730862,1,-0.370000,40.433122,13.248673,15781.543947,4.717096,0
2004-06-14,sz.000532,8.1200,8.1200,7.6000,7.6900,8.1200,1414030,11002776.9000,3,1.162985,1,-5.300000,38.291959,12.547080,14945.821792,4.467299,0
2004-06-15,sz.000532,7.6300,7.9000,7.6000,7.8600,7.6900,1105898,8540777.6000,3,0.909558,1,2.210000,39.138465,12.824454,15276.223575,4.566056,0
2004-06-16,sz.000532,7.8600,8.1100,7.7600,7.9800,7.8600,977290,7788384.8400,3,0.803783,1,1.530000,39.735999,13.020247,15509.448362,4.635767,0
2004-06-17,sz.000532,8.0800,8.0800,7.8000,7.8200,7.9800,802420,6363231.4700,3,0.659959,1,-2.010000,38.939288,12.759190,15198.481979,4.542819,0
2004-06-18,sz.000532,7.7700,7.8200,7.6200,7.7900,7.8200,864222,6668136.2300,3,0.710789,1,-0.380000,38.789904,12.710241,15140.175782,4.525392,0
2004-06-21,sz.000532,7.8800,8.0700,7.7500,8.0700,7.7900,1007710,7987008.3400,3,0.828802,1,3.590000,40.184150,13.167092,15684.366953,4.688050,0
2004-06-22,sz.000532,8.0800,8.2000,8.0000,8.1100,8.0700,1302235,10567797.4800,3,1.071038,1,0.500000,40.383328,13.232357,15762.108548,4.711287,0
2004-06-23,sz.000532,8.1000,8.1200,7.8500,7.9500,8.1100,820979,6518088.7300,3,0.675223,1,-1.970000,39.586616,12.971299,15451.142165,4.618339,0
2004-06-24,sz.000532,8.0800,8.0800,7.8200,7.8900,7.9500,821509,6489348.4700,3,0.675659,1,-0.750000,39.287849,12.873402,15334.529771,4.583484,0
2004-06-25,sz.000532,7.8200,7.9100,7.4000,7.5200,7.8900,1276665,9716242.3600,3,1.050008,1,-4.690000,37.445453,12.269707,14615.420010,4.368542,0
2004-06-28,sz.000532,7.5200,7.5200,7.5200,7.5200,7.5200,0,0.0000,3,,0,0.000000,37.445453,12.269707,14615.420010,4.368542,0
2004-06-29,sz.000532,7.2500,7.3600,6.7700,6.9800,7.5200,4704204,32382036.7100,3,3.869026,1,-7.180000,34.756551,11.388637,13565.908467,4.054844,0
2004-06-30,sz.000532,6.9000,7.0000,6.7500,6.8100,6.9800,1603989,11024231.4900,3,1.319219,1,-2.440000,33.910045,11.111264,13235.506685,3.956087,0
2004-07-01,sz.000532,6.8400,7.2400,6.8200,7.1500,6.8100,1443330,10175537.3800,3,1.187083,1,4.990000,35.603057,11.666011,13896.310249,4.153601,0
2004-07-02,sz.000532,7.1500,7.1500,6.9800,7.0500,7.1500,1296870,9129122.4000,3,1.066625,1,-1.400000,35.105112,11.502850,13701.956260,4.095509,0
2004-07-05,sz.000532,7.0000,7.0000,6.8200,6.9800,7.0500,625165,4307197.3500,3,0.514174,1,-0.990000,34.756551,11.388637,13565.908467,4.054844,0
2004-07-06,sz.000532,6.9800,7.1700,6.9200,7.0500,6.9800,934451,6608890.9000,3,0.768550,1,1.000000,35.105112,11.502850,13701.956260,4.095509,0
2004-07-07,sz.000532,7.0300,7.0500,6.8500,6.9800,7.0500,591800,4104132.8700,3,0.486733,1,-0.990000,34.756551,11.388637,13565.908467,4.054844,0
2004-07-08,sz.000532,6.9600,7.0200,6.8500,7.0000,6.9800,561497,3883340.8200,3,0.461810,1,0.290000,34.856140,11.421270,13604.779265,4.066462,0
2004-07-09,sz.000532,7.0000,7.1000,6.9500,7.0100,7.0000,525611,3682933.3700,3,0.432295,1,0.140000,34.905934,11.437586,13624.214664,4.072272,0
2004-07-12,sz.000532,7.0100,7.0100,6.6100,6.6300,7.0100,1054150,7091348.7000,3,0.866998,1,-5.420000,33.013744,10.817574,12885.669504,3.851521,0
2004-07-13,sz.000532,6.6000,6.6400,6.5000,6.5800,6.6300,856959,5613629.2000,3,0.704816,1,-0.750000,32.764771,10.735993,12788.492509,3.822475,0
2004-07-14,sz.000532,6.0800,6.2500,5.9200,5.9200,6.5800,3775946,22517354.4400,3,3.105569,1,-10.030000,29.478335,9.659131,11505.756178,3.439065,0
2004-07-15,sz.000532,5.7800,6.0500,5.7500,5.8900,5.9200,3257675,19148029.1700,3,2.679312,1,-0.510000,29.328952,9.610183,11447.449981,3.421638,0
2004-07-16,sz.000532,5.9000,6.1500,5.8100,6.1100,5.8900,3189249,19161542.3600,3,2.623034,1,3.740000,30.424431,9.969137,11875.028758,3.549441,0
2004-07-19,sz.000532,6.1200,6.1800,6.0100,6.1200,6.1100,4200410,25565097.0400,3,3.454675,1,0.160000,30.474225,9.985453,11894.464157,3.555250,0
2004-07-20,sz.000532,6.1800,6.4200,6.1800,6.2600,6.1200,6514068,41187977.4500,3,5.357569,1,2.290000,31.171348,10.213878,12166.559743,3.636579,0
2004-07-21,sz.000532,6.1900,6.2900,6.1200,6.1900,6.2600,1832119,11346417.9700,3,1.506847,1,-1.120000,30.822786,10.099666,12030.511950,3.595915,0
2004-07-22,sz.000532,6.1900,6.3700,5.9600,6.0600,6.1900,2454045,15091251.2000,3,2.018357,1,-2.100000,30.175458,9.887556,11777.851764,3.520395,0
2004-07-23,sz.000532,6.0300,6.1700,5.9200,6.1600,6.0600,1232858,7465195.5600,3,1.013978,1,1.650000,30.673403,10.050717,11972.205753,3.578487,0
2004-07-26,sz.000532,6.1100,6.1100,5.8800,5.9200,6.1600,1611728,9628800.0100,3,1.325584,1,-3.900000,29.478335,9.659131,11505.756178,3.439065,0
2004-07-27,sz.000532,5.9200,5.9900,5.7500,5.8500,5.9200,1639040,9600523.3300,3,1.348047,1,-1.180000,29.129774,9.544918,11369.708386,3.398401,0
2004-07-28,sz.000532,5.8200,5.9500,5.7000,5.8800,5.8500,1409618,8183220.6800,3,1.159356,1,0.510000,29.279157,9.593866,11428.014583,3.415828,0
2004-07-29,sz.000532,5.8500,6.2400,5.8000,6.2300,5.8800,3967383,24288069.1200,3,3.263019,1,5.950000,31.021964,10.164930,12108.253546,3.619152,0
2004-07-30,sz.000532,6.2800,6.3000,6.0800,6.0900,6.2300,1820778,11185626.6800,3,1.497519,1,-2.250000,30.324842,9.936505,11836.157960,3.537822,0
2004-08-02,sz.000532,6.0500,6.1600,5.9600,6.0600,6.0900,718436,4341779.8500,3,0.590886,1,-0.490000,30.175458,9.887556,11777.851764,3.520395,0
2004-08-03,sz.000532,6.0300,6.1100,5.9900,6.0100,6.0600,783859,4736535.1500,3,0.644694,1,-0.830000,29.926486,9.805976,11680.674769,3.491348,0
2004-08-04,sz.000532,6.0600,6.2900,6.0200,6.1600,6.0100,3006502,18621064.6800,3,2.472732,1,2.500000,30.673403,10.050717,11972.205753,3.578487,0
2004-08-05,sz.000532,6.1500,6.2300,6.1200,6.1400,6.1600,920531,5670174.5300,3,0.757101,1,-0.320000,30.573814,10.018085,11933.334955,3.566868,0
2004-08-06,sz.000532,6.1200,6.2300,6.0400,6.1100,6.1400,972768,5933235.7200,3,0.800064,1,-0.490000,30.424431,9.969137,11875.028758,3.549441,0
2004-08-09,sz.000532,6.1000,6.1100,5.8300,5.9300,6.1100,1942397,11565421.3100,3,1.597546,1,-2.950000,29.528130,9.675447,11525.191577,3.444875,0
2004-08-10,sz.000532,5.9000,6.1200,5.8500,6.1100,5.9300,1319217,7889636.5700,3,1.085005,1,3.040000,30.424431,9.969137,11875.028758,3.549441,0
2004-08-11,sz.000532,6.1900,6.1900,5.9500,5.9900,6.1100,1330058,8077699.2600,3,1.093921,1,-1.960000,29.826897,9.773344,11641.803971,3.479730,0
2004-08-12,sz.000532,5.9600,6.0200,5.8100,6.0000,5.9900,883188,5216816.1000,3,0.726388,1,0.170000,29.876691,9.789660,11661.239370,3.485539,0
2004-08-13,sz.000532,5.9000,6.0100,5.8400,5.8800,5.9000,858706,5069898.1400,3,0.706252,1,-0.340000,29.279157,9.593866,11428.014583,3.415828,0
2004-08-16,sz.000532,5.8700,5.9300,5.7000,5.7700,5.8800,957743,5529128.3400,3,0.787707,1,-1.870000,28.731418,9.414389,11214.225194,3.351927,0
2004-08-17,sz.000532,5.7500,5.7800,5.1900,5.2100,5.7700,3695378,19771366.8100,3,3.039305,1,-9.710000,25.942927,8.500688,10125.842853,3.026610,0
2004-08-18,sz.000532,5.2200,5.3000,5.1100,5.2300,5.2100,1547194,8077254.2600,3,1.272507,1,0.380000,26.042516,8.533320,10164.713651,3.038228,0
2004-08-19,sz.000532,5.2300,5.2300,4.9600,4.9900,5.2300,2099960,10589405.2800,3,1.727136,1,-4.590000,24.847448,8.141734,9698.264076,2.898807,0
2004-08-20,sz.000532,5.0000,5.1100,4.9700,5.0200,4.9900,1301850,6553799.8900,3,1.070721,1,0.600000,24.996832,8.190682,9756.570273,2.916234,0
2004-08-23,sz.000532,4.9900,5.2000,4.8500,5.1300,5.0200,1162528,5885760.9400,3,0.956134,1,2.190000,82.240577,7.904158,-74.712788,3.173978,0
2004-08-24,sz.000532,5.1300,5.2800,5.0200,5.2700,5.1300,2438147,12723789.3500,3,2.005282,1,2.730000,84.484959,8.119866,-76.751733,3.260598,0
2004-08-25,sz.000532,5.2700,5.2800,5.1700,5.2500,5.2700,1016720,5313777.8000,3,0.836213,1,-0.380000,84.164333,8.089051,-76.460455,3.248223,0
2004-08-26,sz.000532,5.2800,5.3800,5.2300,5.2500,5.2500,2184686,11573165.4800,3,1.796820,1,0.000000,84.164333,8.089051,-76.460455,3.248223,0
2004-08-27,sz.000532,5.1900,5.2500,4.9800,5.0000,5.2500,1735640,8795049.2000,3,1.427497,1,-4.760000,80.156508,7.703858,-72.819481,3.093546,0
2004-08-30,sz.000532,4.9000,5.0800,4.9000,5.0300,5.0000,724920,3611480.2000,3,0.596219,1,0.600000,80.637447,7.750081,-73.256398,3.112107,0
2004-08-31,sz.000532,5.1600,5.2800,5.1200,5.1300,5.0300,2063660,10691094.7200,3,1.697280,1,1.990000,82.240577,7.904158,-74.712788,3.173978,0
2004-09-01,sz.000532,5.0800,5.1000,5.0000,5.0200,5.1300,688404,3469229.8900,3,0.566186,1,-2.140000,80.477134,7.734673,-73.110759,3.105920,0
2004-09-02,sz.000532,5.0200,5.1900,4.9600,5.1300,5.0200,887098,4496574.6600,3,0.729604,1,2.190000,82.240577,7.904158,-74.712788,3.173978,0
2004-09-03,sz.000532,5.1600,5.2000,5.0700,5.1300,5.1300,790949,4070002.3800,3,0.650525,1,0.000000,82.240577,7.904158,-74.712788,3.173978,0
2004-09-06,sz.000532,5.1300,5.1500,5.0700,5.1300,5.1300,517475,2645846.2500,3,0.425603,1,0.000000,82.240577,7.904158,-74.712788,3.173978,0
2004-09-07,sz.000532,5.1100,5.1900,5.0700,5.1100,5.1300,423230,2164723.7000,3,0.348090,1,-0.390000,81.919951,7.873343,-74.421510,3.161604,0
2004-09-08,sz.000532,5.0900,5.1400,5.0100,5.0900,5.1100,734210,3722837.6000,3,0.603859,1,-0.390000,81.599325,7.842527,-74.130232,3.149230,0
2004-09-09,sz.000532,5.1100,5.1100,4.9100,4.9500,5.0900,758461,3784424.9700,3,0.623805,1,-2.750000,79.354942,7.626819,-72.091287,3.062611,0
2004-09-10,sz.000532,4.9000,4.9600,4.8800,4.9400,4.9500,591086,2906338.0200,3,0.486145,1,-0.200000,79.194629,7.611412,-71.945648,3.056424,0
2004-09-13,sz.000532,4.9500,4.9800,4.6200,4.6400,4.9400,1298533,6185879.6000,3,1.067993,1,-6.070000,74.385239,7.149180,-67.576479,2.870811,0
2004-09-14,sz.000532,4.7000,4.9700,4.7000,4.8400,4.6400,1285936,6225980.5900,3,1.057633,1,4.310000,77.591499,7.457334,-70.489258,2.994553,0
2004-09-15,sz.000532,4.8400,5.3200,4.8400,5.2300,4.8400,3790221,19623378.5500,3,3.117310,1,8.060000,83.843707,8.058235,-76.169177,3.235849,0
2004-09-16,sz.000532,5.2300,5.5600,5.1700,5.4100,5.2300,4270384,22940914.3800,3,3.512226,1,3.440000,86.729341,8.335574,-78.790679,3.347217,0
2004-09-17,sz.000532,5.4200,5.5500,5.3500,5.5400,5.4100,4649857,25403149.6300,3,3.824327,1,2.400000,88.813410,8.535874,-80.683985,3.427649,0
2004-09-20,sz.000532,5.6800,5.8800,5.5200,5.8500,5.5400,5479021,31277342.4100,3,4.506283,1,5.600000,93.783114,9.013514,-85.198793,3.619449,0
2004-09-21,sz.000532,5.9000,6.1300,5.7500,5.9900,5.8500,6416627,38291658.1200,3,5.277427,1,2.390000,96.027496,9.229222,-87.237739,3.706068,0
2004-09-22,sz.000532,5.9800,6.2000,5.8000,5.8500,5.9900,4643851,27874659.8700,3,3.819388,1,-2.340000,93.783114,9.013514,-85.198793,3.619449,0
2004-09-23,sz.000532,5.8200,6.0100,5.7400,6.0000,5.8500,2650208,15607191.4100,3,2.179693,1,2.560000,96.187809,9.244629,-87.383378,3.712255,0
2004-09-24,sz.000532,6.2100,6.4700,5.9900,6.0000,6.0000,8967523,55987538.3300,3,7.375440,1,0.000000,96.187809,9.244629,-87.383378,3.712255,0
2004-09-27,sz.000532,6.1000,6.2000,5.6800,5.8100,6.0000,3342123,19774684.5300,3,2.748767,1,-3.170000,93.141862,8.951883,-84.616237,3.594701,0
2004-09-28,sz.000532,5.8500,5.8900,5.6500,5.7500,5.8100,2092171,11989552.3300,3,1.720730,1,-1.030000,92.179984,8.859436,-83.742404,3.557578,0
2004-09-29,sz.000532,5.6800,5.7700,5.5300,5.5500,5.7500,1590800,8950621.9400,3,1.308371,1,-3.480000,88.973723,8.551282,-80.829624,3.433836,0
2004-09-30,sz.000532,5.5300,5.6500,5.3000,5.3100,5.5500,1911295,10425633.2200,3,1.571966,1,-4.320000,85.126211,8.181497,-77.334289,3.285346,0
2004-10-08,sz.000532,5.3300,5.5400,5.1000,5.5200,5.3100,1814234,9582716.0100,3,1.492137,1,3.950000,88.492784,8.505059,-80.392707,3.415275,0
2004-10-11,sz.000532,5.5000,5.7900,5.3500,5.5400,5.5200,2879809,15963455.9600,3,2.368531,1,0.360000,88.813410,8.535874,-80.683985,3.427649,0
2004-10-12,sz.000532,5.5100,5.5700,5.3600,5.3900,5.5400,1575131,8570697.1200,3,1.295484,1,-2.710000,86.408715,8.304759,-78.499401,3.334843,0
2004-10-13,sz.000532,5.4000,5.6000,5.2300,5.5800,5.3900,2621262,14166804.4200,3,2.155887,1,3.530000,89.454662,8.597505,-81.266541,3.452397,0
2004-10-14,sz.000532,5.8000,6.1400,5.6100,5.6400,5.5800,14620647,87292899.5800,3,12.024916,1,1.080000,90.416540,8.689952,-82.140375,3.489520,0
2004-10-15,sz.000532,5.4900,6.2000,5.3600,6.2000,5.6400,14400364,86071098.8800,3,11.843742,1,9.930000,99.394069,9.552784,-90.296157,3.835997,0
2004-10-18,sz.000532,6.5000,6.8200,6.3200,6.7800,6.2000,27190779,180429231.1500,3,22.363363,1,9.350000,108.692224,10.446431,-98.743217,4.194848,0
2004-10-19,sz.000532,6.7000,6.8000,6.4400,6.7000,6.7800,11122639,73736611.5300,3,9.147940,1,-1.180000,107.409720,10.323169,-97.578105,4.145352,0
2004-10-20,sz.000532,6.6800,7.2800,6.5000,6.9300,6.7000,14107690,97641472.4900,3,11.603029,1,3.430000,111.096919,10.677547,-100.927801,4.287655,0
2004-10-21,sz.000532,6.8900,7.0500,6.7600,6.8600,6.9300,7265982,50074186.6300,3,5.975989,1,-1.010000,109.974728,10.569693,-99.908328,4.244345,0
2004-10-22,sz.000532,6.8800,6.9000,6.3600,6.5400,6.8600,8456979,55702394.6400,3,6.955538,1,-4.660000,104.844712,10.076646,-95.247882,4.046358,0
2004-10-25,sz.000532,6.5400,6.8300,6.3900,6.6000,6.5400,6537355,43243994.2000,3,5.376721,1,0.920000,105.806590,10.169092,-96.121715,4.083481,0
2004-10-26,sz.000532,6.5000,6.8900,6.4200,6.8500,6.6000,6410991,43418086.1400,3,5.272792,1,3.790000,126.495888,9.203999,-40.121396,4.213382,0
2004-10-27,sz.000532,6.8600,6.8600,6.3200,6.7200,6.8500,7598888,50051658.9100,3,6.249791,1,-1.900000,124.095236,9.029324,-39.359968,4.133420,0
2004-10-28,sz.000532,6.6400,7.0500,6.3200,6.9500,6.7200,10758401,72182459.8700,3,8.848368,1,3.420000,128.342543,9.338364,-40.707110,4.274891,0
2004-10-29,sz.000532,6.7500,7.2500,6.5200,6.8200,6.9500,11068034,76865949.9900,3,9.103029,1,-1.870000,125.941891,9.163689,-39.945682,4.194929,0
2004-11-01,sz.000532,6.8300,6.9800,6.4000,6.4200,6.8200,6253051,41459100.2300,3,5.142892,1,-5.870000,118.555270,8.626230,-37.602827,3.948892,0
2004-11-02,sz.000532,6.3700,6.6900,6.3300,6.5100,6.4200,3419914,22200079.6200,3,2.812747,1,1.400000,120.217260,8.747158,-38.129969,4.004250,0
2004-11-03,sz.000532,6.5800,6.8800,6.5200,6.8100,6.5100,4802810,32331094.6500,3,3.950125,1,4.610000,125.757226,9.150253,-39.887111,4.188778,0
2004-11-04,sz.000532,6.8100,6.8200,6.4600,6.5300,6.8100,3349997,22192518.3600,3,2.755243,1,-4.110000,120.586591,8.774031,-38.247112,4.016552,0
2004-11-05,sz.000532,6.5300,6.6600,6.2000,6.3700,6.5300,5380406,34327289.4200,3,4.425176,1,-2.450000,117.631942,8.559047,-37.309970,3.918138,0
2004-11-08,sz.000532,6.3300,6.7500,6.2200,6.7100,6.3700,4851466,31711285.8500,3,3.990143,1,5.340000,123.910570,9.015888,-39.301397,4.127269,0
2004-11-09,sz.000532,6.6800,6.7700,6.5300,6.6500,6.7100,5317105,35469649.1500,3,4.373113,1,-0.890000,122.802577,8.935269,-38.949968,4.090363,0
2004-11-10,sz.000532,6.7000,7.3200,6.6700,7.3200,6.6500,14682224,104607032.1400,3,12.075561,1,10.080000,135.175168,9.835514,-42.874251,4.502475,0
2004-11-11,sz.000532,7.4500,7.6700,7.0500,7.1700,7.3200,14378259,107203565.4800,3,11.825561,1,-2.050000,132.405185,9.633967,-41.995680,4.410211,0
2004-11-12,sz.000532,7.1700,7.5200,7.1000,7.4000,7.1700,6998364,51206421.6400,3,5.755883,1,3.210000,136.652492,9.943006,-43.342822,4.551683,0
2004-11-15,sz.000532,7.3600,7.4300,7.2300,7.4000,7.4000,3664490,26856960.5400,3,3.013901,1,0.000000,136.652492,9.943006,-43.342822,4.551683,0
2004-11-16,sz.000532,7.3800,7.5400,7.3200,7.5100,7.4000,4266610,31784411.0500,3,3.509122,1,1.490000,138.683813,10.090807,-43.987107,4.619343,0
2004-11-17,sz.000532,7.5000,7.6700,7.0900,7.1000,7.5100,8593865,63220358.7600,3,7.068121,1,-5.460000,131.112526,9.539911,-41.585681,4.367155,0
2004-11-18,sz.000532,7.1000,7.2200,7.0000,7.2000,7.1000,7329078,52093779.9600,3,6.027883,1,1.410000,132.959181,9.674276,-42.171394,4.428664,0
2004-11-19,sz.000532,7.1900,7.2000,6.9900,7.0800,7.2000,4140102,29283495.7300,3,3.405074,1,-1.670000,130.743195,9.513038,-41.468538,4.354853,0
2004-11-22,sz.000532,7.0800,7.3900,7.0800,7.2200,7.0800,4560964,33068342.5900,3,3.751216,1,1.980000,133.328512,9.701149,-42.288537,4.440966,0
2004-11-23,sz.000532,7.1800,7.3100,7.0800,7.1100,7.2200,3547359,25502803.5500,3,2.917565,1,-1.520000,131.297191,9.553348,-41.644252,4.373306,0
2004-11-24,sz.000532,7.1000,7.1300,6.8800,6.8900,7.1100,4064023,28328907.4800,3,3.342502,1,-3.090000,127.234550,9.257745,-40.355682,4.237986,0
2004-11-25,sz.000532,6.8900,7.0000,6.6500,6.7500,6.8900,3790412,25725567.9800,3,3.117467,1,-2.030000,124.649232,9.069634,-39.535682,4.151873,0
2004-11-26,sz.000532,6.7600,6.8400,6.7000,6.7700,6.7500,1493070,10112047.1300,3,1.227992,1,0.300000,125.018563,9.096507,-39.652825,4.164174,0
2004-11-29,sz.000532,6.7500,6.7500,6.4300,6.5000,6.7700,2417872,15853920.1200,3,1.988606,1,-3.990000,120.032594,8.733722,-38.071398,3.998100,0
2004-11-30,sz.000532,6.5000,6.6700,6.5000,6.6400,6.5000,1356684,8961128.7100,3,1.115820,1,2.150000,122.617912,8.921832,-38.891397,4.084212,0
2004-12-01,sz.000532,6.6600,6.8500,6.5400,6.7100,6.6400,1995135,13410932.1800,3,1.640921,1,1.050000,123.910570,9.015888,-39.301397,4.127269,0
2004-12-02,sz.000532,6.6600,6.8000,6.5000,6.7900,6.7100,2627741,17386675.7400,3,2.161215,1,1.190000,125.387894,9.123380,-39.769968,4.176476,0
2004-12-03,sz.000532,6.7800,6.8500,6.6900,6.7200,6.7900,2005120,13541567.7700,3,1.649134,1,-1.030000,124.095236,9.029324,-39.359968,4.133420,0
2004-12-06,sz.000532,6.7600,6.8500,6.5600,6.8400,6.7200,2268767,15250718.6300,3,1.865973,1,1.790000,126.311222,9.190562,-40.062825,4.207231,0
2004-12-07,sz.000532,6.8200,6.8300,6.5800,6.6000,6.8400,1754496,11744704.2900,3,1.443005,1,-3.510000,121.879249,8.868086,-38.657112,4.059609,0
2004-12-08,sz.000532,6.7800,6.7800,6.5300,6.5600,6.6000,1277814,8469097.7200,3,1.050953,1,-0.610000,121.140587,8.814340,-38.422826,4.035005,0
2004-12-09,sz.000532,6.5500,6.5900,6.3700,6.5000,6.5600,2072353,13397605.1800,3,1.704430,1,-0.910000,120.032594,8.733722,-38.071398,3.998100,0
2004-12-10,sz.000532,6.4500,6.5000,5.8500,5.8500,6.5000,4583515,27471968.8700,3,3.769764,1,-10.000000,108.029335,7.860349,-34.264258,3.598290,0
2004-12-13,sz.000532,5.5500,5.7300,5.3500,5.6400,5.8500,4204640,23361703.3900,3,3.458154,1,-3.590000,104.151359,7.578183,-33.034259,3.469120,0
2004-12-14,sz.000532,5.5500,5.6400,5.2900,5.3300,5.6400,4013643,21769430.1200,3,3.301066,1,-5.500000,98.426727,7.161652,-31.218546,3.278442,0
2004-12-15,sz.000532,5.3300,5.6500,5.3200,5.4400,5.3300,3854675,21136732.7000,3,3.170321,1,2.060000,100.458048,7.309453,-31.862831,3.346102,0
2004-12-16,sz.000532,5.4100,5.5300,5.3300,5.4100,5.4400,1843701,10001489.3300,3,1.516373,1,-0.550000,99.904051,7.269144,-31.687117,3.327649,0
2004-12-17,sz.000532,5.3900,5.4600,5.3200,5.3400,5.4100,1347888,7263860.8200,3,1.108586,1,-1.290000,98.611393,7.175088,-31.277118,3.284593,0
2004-12-20,sz.000532,5.2900,5.2900,5.0000,5.1700,5.3400,1893520,9782023.2000,3,1.557347,1,-3.180000,95.472079,6.946668,-30.281404,3.180027,0
2004-12-21,sz.000532,5.1800,5.2800,5.1500,5.2100,5.1700,1067975,5558708.8700,3,0.878368,1,0.770000,96.210741,7.000414,-30.515690,3.204631,0
2004-12-22,sz.000532,5.2200,5.7300,5.1900,5.6700,5.2100,5712234,31592294.9900,3,4.698091,1,8.830000,104.705355,7.618492,-33.209973,3.487573,0
2004-12-23,sz.000532,5.6500,5.6500,5.4000,5.4200,5.6700,2704118,14898351.1300,3,2.224032,1,-4.410000,100.088717,7.282580,-31.745689,3.333800,0
2004-12-24,sz.000532,5.3700,5.6600,5.3600,5.5000,5.4200,2094364,11581122.3900,3,1.722533,1,1.480000,101.566041,7.390072,-32.214260,3.383007,0
2004-12-27,sz.000532,5.4500,5.6400,5.4200,5.6300,5.5000,1462776,8108902.1200,3,1.203077,1,2.360000,103.966693,7.564746,-32.975688,3.462969,0
2004-12-28,sz.000532,5.2200,5.5600,5.1100,5.3800,5.6300,4614085,24678444.6100,3,3.794906,1,-4.440000,99.350055,7.228834,-31.511403,3.309196,0
2004-12-29,sz.000532,5.3300,5.8500,5.3000,5.7000,5.3800,8373988,47232609.9700,3,6.887281,1,5.950000,105.259352,7.658802,-33.385687,3.506026,0
2004-12-30,sz.000532,5.7000,5.9800,5.6500,5.8200,5.7000,9234913,53833121.7900,3,7.595358,1,2.110000,107.475338,7.820040,-34.088544,3.579837,0
2004-12-31,sz.000532,5.7900,5.8900,5.5500,5.7100,5.8200,3229468,18420884.6000,3,2.656112,1,-1.890000,105.444017,7.672238,-33.444259,3.512177,0
2005-01-04,sz.000532,5.6000,5.9300,5.5500,5.7900,5.7100,3616285,21035646.9200,3,2.974254,1,1.400000,106.921342,7.779730,-33.912830,3.561384,0
2005-01-05,sz.000532,5.7900,6.3500,5.7400,6.1600,5.7900,7961592,48270019.1100,3,6.548101,1,6.390000,113.753966,8.276881,-36.079971,3.788968,0
2005-01-06,sz.000532,6.1000,6.2700,5.9800,6.1800,6.1600,4717351,28755192.7900,3,3.879839,1,0.320000,114.123297,8.303754,-36.197114,3.801270,0
2005-01-07,sz.000532,6.1400,6.3000,6.0000,6.0600,6.1800,3821368,23386482.0200,3,3.142927,1,-1.940000,111.907311,8.142516,-35.494257,3.727459,0
2005-01-10,sz.000532,6.0500,6.1800,6.0300,6.1800,6.0600,2996455,18312962.5100,3,2.464468,1,1.980000,114.123297,8.303754,-36.197114,3.801270,0
2005-01-11,sz.000532,6.2000,6.2100,6.0000,6.0600,6.1800,3412009,20782293.0000,3,2.806245,1,-1.940000,111.907311,8.142516,-35.494257,3.727459,0
2005-01-12,sz.000532,6.0700,6.0700,5.8300,5.9400,6.0600,4165958,24670353.7800,3,3.426339,1,-1.980000,109.691324,7.981278,-34.791400,3.653648,0
2005-01-13,sz.000532,5.9400,6.3000,5.8800,6.1500,5.9400,5876365,36191150.5700,3,4.833083,1,3.540000,113.569301,8.263444,-36.021399,3.782817,0
2005-01-14,sz.000532,6.1000,6.2000,5.9200,5.9300,6.1500,3202236,19435542.5400,3,2.633715,1,-3.580000,109.506659,7.967841,-34.732829,3.647497,0
2005-01-17,sz.000532,5.8000,6.0200,5.7000,5.9000,5.9300,2566532,15155634.1700,3,2.110873,1,-0.510000,108.952662,7.927532,-34.557115,3.629044,0
2005-01-18,sz.000532,5.9400,6.2300,5.9200,6.2200,5.9000,4828107,29631627.0100,3,3.970931,1,5.420000,114.861959,8.357500,-36.431399,3.825874,0
2005-01-19,sz.000532,6.2400,6.2800,6.0900,6.1800,6.2200,3206290,19870792.9800,3,2.637049,1,-0.640000,114.123297,8.303754,-36.197114,3.801270,0
2005-01-20,sz.000532,6.1600,6.5800,6.1000,6.4100,6.1800,8375213,53818970.9100,3,6.888288,1,3.720000,118.370604,8.612793,-37.544255,3.942741,0
2005-01-21,sz.000532,6.4100,6.6400,6.1000,6.3800,6.4100,7840824,50115179.5000,3,6.448774,1,-0.470000,117.816608,8.572484,-37.368541,3.924289,0
2005-01-24,sz.000532,6.5100,6.9200,6.4200,6.8100,6.3800,9323715,62638097.3600,3,7.668395,1,6.740000,125.757226,9.150253,-39.887111,4.188778,0
2005-01-25,sz.000532,6.7000,6.7800,6.6000,6.7000,6.8100,5075194,33863145.1100,3,4.174151,1,-1.620000,123.725905,9.002451,-39.242825,4.121118,0
2005-01-26,sz.000532,6.6500,6.7000,6.3700,6.4000,6.7000,3961888,25748964.2100,3,3.258499,1,-4.480000,118.185939,8.599357,-37.485684,3.936590,0
2005-01-27,sz.000532,6.3500,6.3800,5.8500,6.0200,6.4000,5572177,34135420.9400,3,4.582900,1,-5.940000,111.168649,8.088770,-35.259971,3.702855,0
2005-01-28,sz.000532,5.9700,6.2500,5.9000,6.0400,6.0200,3456986,21109622.9100,3,2.843237,1,0.330000,111.537980,8.115643,-35.377114,3.715157,0
2005-01-31,sz.000532,6.0300,6.0500,5.5100,5.7200,6.0400,3381234,19360272.1900,3,2.780934,1,-5.300000,105.628683,7.685675,-33.502830,3.518328,0
2005-02-01,sz.000532,5.6900,5.9000,5.5800,5.5900,5.7200,2702915,15517421.9700,3,2.223043,1,-2.270000,103.228031,7.511001,-32.741402,3.438366,0
2005-02-02,sz.000532,5.5800,6.0500,5.5800,6.0100,5.5900,4208481,24667480.5600,3,3.461313,1,7.510000,110.983983,8.075333,-35.201400,3.696704,0
2005-02-03,sz.000532,5.9600,6.0500,5.7200,5.7500,6.0100,3678424,21633545.7900,3,3.025361,1,-4.330000,106.182679,7.725984,-33.678544,3.536780,0
2005-02-04,sz.000532,5.7100,5.9900,5.7100,5.9800,5.7500,2981530,17650450.5800,3,2.452193,1,4.000000,110.429987,8.035024,-35.025686,3.678252,0
2005-02-16,sz.000532,6.0400,6.2600,6.0000,6.1000,5.9800,2911120,17910978.1500,3,2.394283,1,2.010000,112.645973,8.196262,-35.728542,3.752063,0
2005-02-17,sz.000532,6.0800,6.4500,6.0300,6.3900,6.1000,4147365,25990810.4100,3,3.411047,1,4.750000,118.001273,8.585920,-37.427113,3.930439,0
2005-02-18,sz.000532,6.3700,6.3700,6.1500,6.1700,6.3900,2999489,18795889.8100,3,2.466964,1,-3.440000,113.938632,8.290317,-36.138542,3.795119,0
2005-02-21,sz.000532,6.2500,6.4500,6.1900,6.3300,6.1700,3245173,20619729.9100,3,2.669029,1,2.590000,116.893280,8.505301,-37.075684,3.893534,0
2005-02-22,sz.000532,6.3400,6.5500,6.2600,6.4700,6.3300,5028167,32360451.2000,3,4.135473,1,2.210000,119.478598,8.693412,-37.895684,3.979647,0
2005-02-23,sz.000532,6.4800,6.6400,6.3800,6.4900,6.4700,4685268,30470846.3400,3,3.853452,1,0.310000,119.847929,8.720285,-38.012826,3.991949,0
2005-02-24,sz.000532,6.4800,6.6000,6.3000,6.4000,6.4900,4241131,27300204.1200,3,3.488166,1,-1.390000,118.185939,8.599357,-37.485684,3.936590,0
2005-02-25,sz.000532,6.3800,6.6800,6.2800,6.5500,6.4000,6829070,44197242.7500,3,5.616646,1,2.340000,120.955922,8.800904,-38.364255,4.028854,0
2005-02-28,sz.000532,6.5600,6.6600,6.4400,6.5200,6.5500,4033453,26464545.4200,3,3.317359,1,-0.460000,120.401925,8.760595,-38.188541,4.010401,0
2005-03-01,sz.000532,6.5100,6.5900,6.3100,6.3400,6.5200,3468624,22310379.9200,3,2.852809,1,-2.760000,117.077946,8.518738,-37.134256,3.899685,0
2005-03-02,sz.000532,6.3300,6.4300,6.1400,6.1500,6.3400,3195503,19978638.3900,3,2.628178,1,-3.000000,113.569301,8.263444,-36.021399,3.782817,0
2005-03-03,sz.000532,6.1100,6.3300,6.1100,6.2600,6.1500,2279405,14230092.3700,3,1.874722,1,1.790000,115.600621,8.411246,-36.665685,3.850477,0
2005-03-04,sz.000532,6.2600,6.2900,6.1500,6.1900,6.2600,1338900,8302164.8900,3,1.101193,1,-1.120000,114.307963,8.317190,-36.255685,3.807421,0
2005-03-07,sz.000532,6.2000,6.2800,6.1700,6.2400,6.1900,1282532,7968281.6200,3,1.054833,1,0.810000,115.231290,8.384373,-36.548542,3.838176,0
2005-03-08,sz.000532,6.2500,6.3900,6.2100,6.3900,6.2400,3157205,19952553.5900,3,2.596679,1,2.400000,118.001273,8.585920,-37.427113,3.930439,0
2005-03-09,sz.000532,6.3900,6.4900,6.2100,6.4300,6.3900,5295584,33798636.4100,3,4.355413,1,0.630000,118.739935,8.639666,-37.661398,3.955043,0
2005-03-10,sz.000532,6.4200,6.4400,6.0800,6.0900,6.4300,3704315,23204867.9100,3,3.046656,1,-5.290000,112.461307,8.182825,-35.669971,3.745912,0
2005-03-11,sz.000532,6.1100,6.3600,5.9300,6.3400,6.0900,6058336,37410841.7100,3,4.982747,1,4.110000,117.077946,8.518738,-37.134256,3.899685,0
2005-03-14,sz.000532,6.3500,6.6500,6.3400,6.4900,6.3400,11076610,72076695.0700,3,9.110083,1,2.370000,119.847929,8.720285,-38.012826,3.991949,0
2005-03-15,sz.000532,6.4400,6.6000,6.3900,6.4400,6.4900,5361306,34831403.9800,3,4.409467,1,-0.770000,118.924601,8.653103,-37.719969,3.961194,0
2005-03-16,sz.000532,6.0100,6.2400,5.8000,5.8000,6.4400,6628985,39898993.5400,3,5.452084,1,-9.940000,107.106007,7.793167,-33.971401,3.567535,0
2005-03-17,sz.000532,5.6100,5.6700,5.2200,5.2200,5.8000,12034527,65131330.1300,3,9.897933,1,-10.000000,96.395406,7.013850,-30.574261,3.210782,0
2005-03-18,sz.000532,5.1300,5.3200,5.0200,5.2200,5.2200,7782193,40386106.8700,3,6.400552,1,0.000000,96.395406,7.013850,-30.574261,3.210782,0
2005-03-21,sz.000532,5.2100,5.2300,4.8800,4.9500,5.2200,6045030,30438987.8900,3,4.971803,1,-5.170000,91.409437,6.651065,-28.992834,3.044707,0
2005-03-22,sz.000532,4.9500,5.0200,4.6500,4.7700,4.9500,5347780,25594924.7600,3,4.398342,1,-3.640000,88.085458,6.409208,-27.938549,2.933990,0
2005-03-23,sz.000532,4.7800,4.9500,4.6600,4.8200,4.7700,5252396,25413569.5300,3,4.319892,1,1.050000,89.008785,6.476390,-28.231406,2.964745,0
2005-03-24,sz.000532,4.8100,4.9200,4.6500,4.9000,4.8200,3476342,16750338.4400,3,2.859157,1,1.660000,90.486109,6.583882,-28.699977,3.013952,0
2005-03-25,sz.000532,4.9100,5.0900,4.7700,5.0300,4.9000,6629974,32894232.8800,3,5.452897,1,2.650000,92.886761,6.758557,-29.461405,3.093914,0
2005-03-28,sz.000532,5.0000,5.0000,4.7800,4.9400,5.0300,3875288,18999644.9400,3,3.187274,1,-1.790000,91.224772,6.637628,-28.934262,3.038556,0
2005-03-29,sz.000532,4.9400,4.9800,4.7700,4.8000,4.9400,2575675,12527300.6800,3,2.118393,1,-2.830000,88.639454,6.449517,-28.114263,2.952443,0
2005-03-30,sz.000532,4.7800,4.7800,4.3300,4.3800,4.8000,5292279,23698773.7900,3,4.352695,1,-8.750000,80.883502,5.885185,-25.654265,2.694104,0
2005-03-31,sz.000532,4.3500,4.4900,4.2900,4.4300,4.3800,3123485,13762771.3700,3,2.568945,1,1.140000,81.806830,5.952367,-25.947122,2.724859,0
2005-04-01,sz.000532,4.4200,4.6800,4.1600,4.6500,4.4300,7223195,31959338.4400,3,5.940798,1,4.970000,85.869471,6.247970,-27.235692,2.860179,0
2005-04-04,sz.000532,4.6400,4.6400,4.4600,4.4800,4.6500,5143252,23436175.5100,3,4.230126,1,-3.660000,82.730157,6.019550,-26.239979,2.755613,0
2005-04-05,sz.000532,4.4600,4.5500,4.3800,4.4300,4.4800,2501547,11153886.9700,3,2.057426,1,-1.120000,81.806830,5.952367,-25.947122,2.724859,0
2005-04-06,sz.000532,4.5000,4.6800,4.4100,4.5800,4.4300,6760456,30752478.3600,3,5.560213,1,3.390000,84.576812,6.153915,-26.825693,2.817122,0
2005-04-07,sz.000532,4.5500,4.8200,4.5400,4.7000,4.5800,5759499,27017994.0000,3,4.736965,1,2.620000,86.792799,6.315152,-27.528549,2.890934,0
2005-04-08,sz.000532,4.7000,4.7300,4.5600,4.7100,4.7000,4661545,21689311.0400,3,3.833940,1,0.210000,86.977464,6.328589,-27.587121,2.897084,0
2005-04-11,sz.000532,4.7400,5.1000,4.6900,4.8400,4.7100,6203093,30427200.0100,3,5.101804,1,2.760000,-114.759501,5.710882,-78.553505,3.290406,0
2005-04-12,sz.000532,4.8400,4.8400,4.6000,4.6100,4.8400,2645898,12433342.6700,3,2.176149,1,-4.750000,-109.306054,5.439497,-74.820591,3.134044,0
2005-04-13,sz.000532,4.6000,4.8500,4.6000,4.8200,4.6100,3814980,18049596.9100,3,3.137673,1,4.560000,-114.285288,5.687283,-78.228904,3.276809,0
2005-04-14,sz.000532,4.8000,4.8100,4.5200,4.5600,4.8200,2679500,12465642.6900,3,2.203785,1,-5.390000,-108.120522,5.380500,-74.009088,3.100052,0
2005-04-15,sz.000532,4.5800,4.5800,4.2900,4.3100,4.5600,3382643,14794855.6600,3,2.782093,1,-5.480000,-102.192862,5.085516,-69.951572,2.930093,0
2005-04-18,sz.000532,4.2500,4.4200,4.2000,4.3700,4.3100,1584582,6849905.6800,3,1.303257,1,1.390000,-103.615500,5.156312,-70.925376,2.970883,0
2005-04-19,sz.000532,4.3300,4.4000,4.2400,4.3200,4.3700,1501470,6445575.5200,3,1.234901,1,-1.140000,-102.429968,5.097316,-70.113873,2.936891,0
2005-04-20,sz.000532,4.2900,4.2900,4.0300,4.1000,4.3200,2919409,11921187.5400,3,2.401101,1,-5.090000,-97.213627,4.837730,-66.543259,2.787327,0
2005-04-21,sz.000532,4.1000,4.2300,4.0200,4.0700,4.1000,2186770,9016324.9000,3,1.798534,1,-0.730000,-66.650395,5.311377,-37.442732,2.748683,0
2005-04-22,sz.000532,4.0400,4.3800,4.0400,4.2100,4.0700,3898233,16483161.1900,3,3.206146,1,3.440000,-68.943038,5.494078,-38.730688,2.843232,0
2005-04-25,sz.000532,4.1900,4.1900,3.7900,3.9700,4.2100,4294213,16848629.8200,3,3.531824,1,-5.700000,-65.012794,5.180876,-36.522763,2.681147,0
2005-04-26,sz.000532,3.9000,4.2100,3.8600,4.1600,3.9700,3870942,15895701.5000,3,3.183700,1,4.790000,-68.124237,5.428828,-38.270704,2.809464,0
2005-04-27,sz.000532,4.1900,4.3500,4.0500,4.0500,4.1600,4840656,20382626.7900,3,3.981252,1,-2.640000,-66.322875,5.285277,-37.258738,2.735176,0
2005-04-28,sz.000532,4.0200,4.2900,3.6500,4.1700,4.0500,5228609,20927243.9900,3,4.300328,1,2.960000,-68.287997,5.441878,-38.362701,2.816218,0
2005-04-29,sz.000532,4.1200,4.1400,3.9100,4.0000,4.1700,3178748,12819613.3700,3,2.614397,1,-4.080000,-65.504074,5.220027,-36.798754,2.701408,0
2005-05-09,sz.000532,4.0100,4.2500,3.9500,3.9700,4.0000,2246334,9142260.9400,3,1.847523,1,-0.750000,-65.012794,5.180876,-36.522763,2.681147,0
2005-05-10,sz.000532,3.9200,4.0800,3.6800,4.0500,3.9700,2771476,10717490.5600,3,2.279432,1,2.020000,-66.322875,5.285277,-37.258738,2.735176,0
2005-05-11,sz.000532,3.9900,4.4600,3.9500,4.4500,4.0500,9352279,40159058.8400,3,7.691887,1,9.880000,-72.873283,5.807279,-40.938613,3.005316,0
2005-05-12,sz.000532,4.3900,4.4000,4.1300,4.2200,4.4500,4797667,20375402.2900,3,3.945895,1,-5.170000,-69.106798,5.507128,-38.822685,2.849986,0
2005-05-13,sz.000532,4.1800,4.4300,4.1600,4.3100,4.2200,5982894,25942995.2900,3,4.920699,1,2.130000,-70.580640,5.624579,-39.650657,2.910767,0
2005-05-16,sz.000532,4.3000,4.3000,4.0000,4.0400,4.3100,3766645,15614226.2900,3,3.097920,1,-6.260000,-66.159115,5.272227,-37.166741,2.728422,0
2005-05-17,sz.000532,3.9800,4.1700,3.9500,4.1000,4.0400,2308565,9422760.9700,3,1.898705,1,1.490000,-67.141676,5.350527,-37.718722,2.768943,0
2005-05-18,sz.000532,4.0700,4.2300,4.0700,4.2200,4.1000,2596169,10798989.5000,3,2.135248,1,2.930000,-69.106798,5.507128,-38.822685,2.849986,0
2005-05-19,sz.000532,4.2000,4.2800,4.1600,4.2300,4.2200,2170273,9162435.7400,3,1.784966,1,0.240000,-69.270558,5.520178,-38.914682,2.856739,0
2005-05-20,sz.000532,4.2500,4.2500,4.0800,4.0900,4.2300,1871759,7766055.7000,3,1.539449,1,-3.310000,-66.977916,5.337477,-37.626725,2.762190,0
2005-05-23,sz.000532,4.0600,4.0600,3.9000,3.9300,4.0900,1762249,6991872.1600,3,1.449382,1,-3.910000,-64.357753,5.128676,-36.154775,2.654133,0
2005-05-24,sz.000532,3.9500,4.1400,3.9000,4.0800,3.9300,1804829,7349406.5100,3,1.484402,1,3.820000,-66.814156,5.324427,-37.534729,2.755436,0
2005-05-25,sz.000532,4.0600,4.2100,4.0500,4.1100,4.0800,2076042,8554515.1300,3,1.707464,1,0.740000,-67.305436,5.363577,-37.810719,2.775697,0
2005-05-26,sz.000532,4.1100,4.1700,4.0700,4.1600,4.1100,2234298,9232484.3300,3,1.837624,1,1.220000,-68.124237,5.428828,-38.270704,2.809464,0
2005-05-27,sz.000532,4.1700,4.2900,4.1400,4.1500,4.1600,3534032,14891019.2800,3,2.906605,1,-0.240000,-67.960477,5.415778,-38.178707,2.802711,0
2005-05-30,sz.000532,4.1400,4.1800,3.9800,4.1600,4.1500,1981176,8147355.5000,3,1.629441,1,0.240000,-68.124237,5.428828,-38.270704,2.809464,0
2005-05-31,sz.000532,4.1300,4.2000,4.1300,4.1900,4.1600,1376391,5727928.3500,3,1.132028,1,0.720000,-68.615518,5.467978,-38.546694,2.829725,0
2005-06-01,sz.000532,4.1900,4.2100,4.0300,4.0500,4.1900,1381583,5653903.1500,3,1.136299,1,-3.340000,-66.322875,5.285277,-37.258738,2.735176,0
2005-06-02,sz.000532,4.0500,4.1400,3.9900,4.0600,4.0500,1514259,6161546.9300,3,1.245419,1,0.250000,-66.486635,5.298327,-37.350735,2.741929,0
2005-06-03,sz.000532,4.0500,4.1200,3.8500,3.9800,4.0600,2211475,8821104.8700,3,1.818853,1,-1.970000,-65.176554,5.193926,-36.614760,2.687901,0
2005-06-06,sz.000532,3.9900,4.0500,3.8600,4.0300,3.9800,1405049,5569258.2700,3,1.155598,1,1.260000,-65.995355,5.259177,-37.074744,2.721669,0
2005-06-07,sz.000532,4.0500,4.2400,4.0000,4.0600,4.0300,2612541,10787315.6000,3,2.148714,1,0.740000,-66.486635,5.298327,-37.350735,2.741929,0
2005-06-08,sz.000532,4.0300,4.4200,4.0300,4.3400,4.0600,6149634,26345773.1500,3,5.057836,1,6.900000,-71.071920,5.663729,-39.926648,2.931028,0
2005-06-09,sz.000532,4.3300,4.5700,4.2400,4.4600,4.3400,7666513,34065923.6400,3,6.305410,1,2.760000,-73.037043,5.820330,-41.030610,3.012070,0
2005-06-10,sz.000532,4.5600,4.7600,4.4900,4.5000,4.4600,9530968,44172074.2100,3,7.838852,1,0.900000,-73.692083,5.872530,-41.398598,3.039084,0
2005-06-13,sz.000532,4.3800,4.4700,4.1500,4.3000,4.5000,6496506,27933388.7800,3,5.343125,1,-4.440000,-70.416880,5.611529,-39.558660,2.904014,0
2005-06-14,sz.000532,4.3000,4.4500,4.2400,4.3000,4.3000,5107985,22180668.1200,3,4.201120,1,0.000000,-70.416880,5.611529,-39.558660,2.904014,0
2005-06-15,sz.000532,4.2800,4.2800,4.0900,4.1000,4.3000,3152619,13100303.8600,3,2.592907,1,-4.650000,-67.141676,5.350527,-37.718722,2.768943,0
2005-06-16,sz.000532,4.1000,4.1800,3.9800,4.0800,4.1000,2714606,10965438.6600,3,2.232658,1,-0.490000,-66.814156,5.324427,-37.534729,2.755436,0
2005-06-17,sz.000532,4.1100,4.1100,3.9300,3.9600,4.0800,2613350,10433259.9600,3,2.149379,1,-2.940000,-64.849033,5.167826,-36.430766,2.674394,0
2005-06-20,sz.000532,3.9600,4.1300,3.8700,4.1100,3.9600,2834504,11380977.4400,3,2.331270,1,3.790000,-67.305436,5.363577,-37.810719,2.775697,0
2005-06-21,sz.000532,4.1200,4.1300,3.9800,4.0100,4.1100,1742601,7045553.9900,3,1.433222,1,-2.430000,-65.667834,5.233077,-36.890750,2.708162,0
2005-06-22,sz.000532,3.9800,4.0100,3.8900,3.9900,4.0100,1734526,6845401.5400,3,1.426580,1,-0.500000,-65.340314,5.206976,-36.706757,2.694655,0
2005-06-23,sz.000532,3.9800,3.9800,3.7100,3.7900,3.9900,3629623,13965097.6000,3,2.985224,1,-5.010000,-62.065110,4.945975,-34.866819,2.559584,0
2005-06-24,sz.000532,3.7900,3.7900,3.6600,3.7800,3.7900,2643684,9868511.3100,3,2.174328,1,-0.260000,-61.901350,4.932925,-34.774822,2.552831,0
2005-06-27,sz.000532,3.7800,3.7800,3.7800,3.7800,3.7800,0,0.0000,3,,0,0.000000,-61.901350,4.932925,-34.774822,2.552831,0
2005-06-28,sz.000532,3.8900,3.9300,3.8200,3.8400,3.7800,4191748,16251686.6200,3,3.447550,1,1.590000,-62.883911,5.011225,-35.326803,2.593352,0
2005-06-29,sz.000532,3.8500,3.9000,3.7500,3.8000,3.8400,1532004,5815663.1000,3,1.260014,1,-1.040000,-62.228870,4.959025,-34.958816,2.566338,0
2005-06-30,sz.000532,3.8000,3.8000,3.6300,3.6400,3.8000,1976011,7298671.0100,3,1.625193,1,-4.210000,-59.608707,4.750224,-33.486866,2.458281,0
2005-07-01,sz.000532,3.6000,3.6000,3.2800,3.2800,3.6400,3996612,13338333.0600,3,3.287059,1,-9.890000,-53.713341,4.280422,-30.174978,2.215155,0
2005-07-04,sz.000532,3.2100,3.2200,2.9500,3.1000,3.2800,4253980,12926882.1300,3,3.498734,1,-5.490000,-50.765657,4.045521,-28.519034,2.093591,0
2005-07-05,sz.000532,3.0500,3.1400,3.0300,3.0600,3.1000,2327613,7163215.9700,3,1.914372,1,-1.290000,-50.110617,3.993320,-28.151046,2.066577,0
2005-07-06,sz.000532,3.0900,3.1500,3.0500,3.1100,3.0600,1749741,5415680.1500,3,1.439094,1,1.630000,-50.929418,4.058571,-28.611031,2.100345,0
2005-07-07,sz.000532,3.1100,3.1500,3.0800,3.1100,3.1100,2055800,6419904.9100,3,1.690816,1,0.000000,-50.929418,4.058571,-28.611031,2.100345,0
2005-07-08,sz.000532,3.1000,3.1000,2.8500,2.8500,3.1100,2713500,7981874.4900,3,2.231749,1,-8.360000,-46.671653,3.719269,-26.219112,1.924753,0
2005-07-11,sz.000532,2.8400,3.0100,2.7400,2.7700,2.8500,1888359,5439668.8400,3,1.553102,1,-2.810000,-45.361571,3.614868,-25.483137,1.870725,0
2005-07-12,sz.000532,2.7000,2.9400,2.7000,2.8900,2.7700,2511490,7178534.1200,3,2.065603,1,4.330000,-47.326694,3.771469,-26.587099,1.951767,0
2005-07-13,sz.000532,2.8600,2.9700,2.8300,2.9200,2.8900,1866571,5425923.0400,3,1.535182,1,1.040000,-47.817974,3.810619,-26.863090,1.972028,0
2005-07-14,sz.000532,2.9000,2.9800,2.8600,2.8600,2.9200,1860054,5416105.9400,3,1.529822,1,-2.050000,-46.835413,3.732319,-26.311109,1.931507,0
2005-07-15,sz.000532,2.8500,2.9000,2.5700,2.5800,2.8600,3474980,9393080.0400,3,2.858037,1,-9.790000,-42.250128,3.366917,-23.735196,1.742408,0
2005-07-18,sz.000532,2.5200,2.6400,2.5200,2.5700,2.5800,1536095,3979818.6900,3,1.263379,1,-0.390000,-42.086368,3.353867,-23.643199,1.735655,0
2005-07-19,sz.000532,2.5500,2.6700,2.5200,2.6700,2.5700,2063846,5401340.7800,3,1.697433,1,3.890000,-43.723970,3.484368,-24.563168,1.803190,0
2005-07-20,sz.000532,2.6700,2.7100,2.5800,2.6600,2.6700,2176599,5779503.4000,3,1.790168,1,-0.370000,-43.560209,3.471318,-24.471171,1.796436,0
2005-07-21,sz.000532,2.6600,2.7100,2.5800,2.7000,2.6600,1604761,4245567.4400,3,1.319854,1,1.500000,-44.215250,3.523518,-24.839159,1.823450,0
2005-07-22,sz.000532,2.7000,2.8500,2.6800,2.7700,2.7000,3751578,10407649.1100,3,3.085528,1,2.590000,-45.361571,3.614868,-25.483137,1.870725,0
2005-07-25,sz.000532,2.7700,2.8100,2.7200,2.8000,2.7700,1738684,4810766.4200,3,1.430000,1,1.080000,-45.852852,3.654019,-25.759127,1.890986,0
2005-07-26,sz.000532,2.8100,2.9500,2.8100,2.9000,2.8000,4964571,14377627.7400,3,4.083167,1,3.570000,-47.490454,3.784519,-26.679096,1.958521,0
2005-07-27,sz.000532,2.8700,3.0500,2.8200,3.0300,2.9000,4846567,14286281.6500,3,3.986114,1,4.480000,-49.619336,3.954170,-27.875056,2.046317,0
2005-07-28,sz.000532,3.0300,3.0300,2.9100,2.9400,3.0300,4122760,12237396.6700,3,3.390810,1,-2.970000,-48.145495,3.836719,-27.047084,1.985535,0
2005-07-29,sz.000532,2.9700,3.1200,2.9100,3.0900,2.9400,6462107,19600467.9800,3,5.314833,1,5.100000,-50.601897,4.032470,-28.427037,2.086838,0
2005-08-01,sz.000532,3.1200,3.1500,3.0300,3.1300,3.0900,6070283,18763185.5800,3,4.992573,1,1.294505,-51.256938,4.084671,-28.795025,2.113852,0
2005-08-02,sz.000532,3.1200,3.1800,3.0300,3.1700,3.1300,4496377,13952687.6200,3,3.698096,1,1.277954,-51.911979,4.136871,-29.163012,2.140866,0
2005-08-03,sz.000532,3.1500,3.2700,3.1500,3.1700,3.1700,6018038,19311880.9100,3,4.949603,1,0.000000,-51.911979,4.136871,-29.163012,2.140866,0
2005-08-04,sz.000532,3.1500,3.1500,3.0700,3.1000,3.1700,3598077,11168868.8800,3,2.959279,1,-2.208207,-50.765657,4.045521,-28.519034,2.093591,0
2005-08-05,sz.000532,3.1000,3.2800,3.0700,3.2200,3.1000,6470032,20754552.8900,3,5.321351,1,3.870972,-52.730780,4.202121,-29.622997,2.174633,0
2005-08-08,sz.000532,3.2200,3.3100,3.1800,3.2400,3.2200,5061480,16435497.7900,3,4.162871,1,0.621117,-53.058300,4.228221,-29.806990,2.188141,0
2005-08-09,sz.000532,3.2900,3.4000,3.2400,3.3900,3.2400,7208407,24157787.4100,3,5.928636,1,4.629632,-55.514703,4.423972,-31.186944,2.289443,0
2005-08-10,sz.000532,3.6000,3.7300,3.4900,3.5300,3.3900,15351442,55304656.4600,3,12.625967,1,4.129789,-57.807345,4.606673,-32.474900,2.383993,0
2005-08-11,sz.000532,3.5000,3.5200,3.4100,3.4800,3.5300,6579999,22714287.1200,3,5.411794,1,-1.416429,-56.988545,4.541423,-32.014916,2.350225,0
2005-08-12,sz.000532,3.4500,3.5500,3.2900,3.3900,3.4800,5763008,19677391.4800,3,4.739851,1,-2.586204,-57.491052,4.200045,-162.607404,2.288105,0
2005-08-15,sz.000532,3.3800,3.4900,3.3200,3.4800,3.3900,4254172,14584419.9000,3,3.498892,1,2.654865,-59.017363,4.311551,-166.924415,2.348851,0
2005-08-16,sz.000532,3.4800,3.4900,3.3400,3.4500,3.4800,4028822,13688601.1400,3,3.313550,1,-0.862068,-58.508593,4.274382,-165.485411,2.328603,0
2005-08-17,sz.000532,3.4600,3.6200,3.4000,3.6200,3.4500,8003002,28256754.1700,3,6.582159,1,4.927532,-61.391625,4.485004,-173.639765,2.443345,0
2005-08-18,sz.000532,3.6900,3.8100,3.4200,3.4300,3.6200,9672453,35504769.7100,3,7.955218,1,-5.248614,-58.169413,4.249603,-164.526075,2.315104,0
2005-08-19,sz.000532,3.4500,3.5700,3.2600,3.4700,3.4300,5079174,17358823.5100,3,4.177424,1,1.166180,-58.847773,4.299162,-166.444747,2.342102,0
2005-08-22,sz.000532,3.5000,3.6300,3.4300,3.5700,3.4700,4035401,14339184.6000,3,3.318961,1,2.881842,-60.543675,4.423057,-171.241425,2.409598,0
2005-08-23,sz.000532,3.5700,3.5700,3.3000,3.3700,3.5700,3433614,11703507.3000,3,2.824015,1,-5.602242,-57.151872,4.175266,-161.648068,2.274606,0
2005-08-24,sz.000532,3.3500,3.4500,3.3500,3.4500,3.3700,2730547,9299594.6300,3,2.245769,1,2.373892,-58.508593,4.274382,-165.485411,2.328603,0
2005-08-25,sz.000532,3.4600,3.5700,3.4100,3.5500,3.4500,3959034,13829265.9500,3,3.256152,1,2.898548,-60.204494,4.398278,-170.282090,2.396098,0
2005-08-26,sz.000532,3.5600,3.6900,3.4800,3.6500,3.5500,7007323,25200977.0300,3,5.763252,1,2.816905,-61.900396,4.522173,-175.078768,2.463594,0
2005-08-29,sz.000532,3.6500,3.6500,3.5000,3.5600,3.6500,4170042,14907555.2600,3,3.429698,1,-2.465758,-60.374084,4.410667,-170.761758,2.402848,0
2005-08-30,sz.000532,3.5200,3.7200,3.5000,3.6300,3.5600,5813934,21150818.1200,3,4.781736,1,1.966297,-61.561215,4.497394,-174.119433,2.450095,0
2005-08-31,sz.000532,3.6500,3.7800,3.5800,3.7700,3.6300,5801763,21314892.9200,3,4.771725,1,3.856745,-63.935477,4.670847,-180.834783,2.544589,0
2005-09-01,sz.000532,3.7500,3.9000,3.6700,3.8100,3.7700,7752339,29382665.2800,3,6.375999,1,1.061007,-64.613837,4.720405,-182.753454,2.571587,0
2005-09-02,sz.000532,3.8300,3.9300,3.7700,3.8000,3.8100,7476993,28809768.9300,3,6.149537,1,-0.262467,-64.444247,4.708015,-182.273786,2.564838,0
2005-09-05,sz.000532,3.8000,3.8400,3.7300,3.8100,3.8000,3998998,15139267.8800,3,3.289021,1,0.263158,-64.613837,4.720405,-182.753454,2.571587,0
2005-09-06,sz.000532,3.8100,3.8200,3.5200,3.5500,3.8100,5264064,19497476.4700,3,4.329489,1,-6.824147,-60.204494,4.398278,-170.282090,2.396098,0
2005-09-07,sz.000532,3.5100,3.6200,3.4000,3.6200,3.5500,5426578,18993624.7700,3,4.463150,1,1.971829,-61.391625,4.485004,-173.639765,2.443345,0
2005-09-08,sz.000532,3.5800,3.7500,3.5600,3.6700,3.6200,6280267,22929194.1400,3,5.165276,1,1.381221,-62.239576,4.546952,-176.038104,2.477093,0
2005-09-09,sz.000532,3.6900,3.7000,3.5600,3.5600,3.6700,2740233,9904161.7200,3,2.253736,1,-2.997279,-60.374084,4.410667,-170.761758,2.402848,0
2005-09-12,sz.000532,3.5800,3.6200,3.5100,3.6100,3.5600,1826338,6515448.3300,3,1.502092,1,1.404493,-61.222035,4.472615,-173.160097,2.436596,0
2005-09-13,sz.000532,3.6500,3.7400,3.6100,3.7300,3.6100,5271651,19465721.8000,3,4.335729,1,3.324103,-63.257116,4.621289,-178.916111,2.517591,0
2005-09-14,sz.000532,3.7200,3.8500,3.7100,3.8200,3.7300,7051832,26731881.9000,3,5.799859,1,2.412866,-64.783428,4.732795,-183.233122,2.578337,0
2005-09-15,sz.000532,3.9000,3.9700,3.8100,3.8300,3.8200,13739612,53425708.3700,3,11.300299,1,0.261780,-64.953018,4.745184,-183.712790,2.585087,0
2005-09-16,sz.000532,3.8000,3.8700,3.7600,3.8600,3.8300,4254301,16275447.9800,3,3.498998,1,0.783289,-65.461788,4.782353,-185.151793,2.605335,0
2005-09-19,sz.000532,3.8600,3.9500,3.8300,3.9300,3.8600,4647889,18157572.5700,3,3.822709,1,1.813476,-66.648919,4.869079,-188.509468,2.652582,0
2005-09-20,sz.000532,3.9100,3.9500,3.8000,3.8300,3.9300,3874840,14908731.3600,3,3.186906,1,-2.544533,-64.953018,4.745184,-183.712790,2.585087,0
2005-09-21,sz.000532,3.8100,3.9900,3.7500,3.9400,3.8300,6520088,25382496.3700,3,5.362520,1,2.872066,-66.818509,4.881469,-188.989136,2.659332,0
2005-09-22,sz.000532,3.9000,4.1800,3.5500,3.9800,3.9400,9998274,39302764.3500,3,8.223193,1,1.015227,-67.496870,4.931027,-190.907808,2.686330,0
2005-09-23,sz.000532,3.9000,4.1000,3.8500,3.8900,3.9800,10125823,40451540.5900,3,8.328097,1,-2.261304,-65.970558,4.819521,-186.590797,2.625584,0
2005-09-26,sz.000532,3.8000,3.9900,3.6000,3.9800,3.8900,6550362,25159689.6400,3,5.387419,1,2.313622,-67.496870,4.931027,-190.907808,2.686330,0
2005-09-27,sz.000532,3.9600,4.0200,3.7400,3.7700,3.9800,4493936,17391773.8600,3,3.696088,1,-5.276383,-63.935477,4.670847,-180.834783,2.544589,0
2005-09-28,sz.000532,3.7600,3.8000,3.3900,3.4700,3.7700,5726212,20508043.5900,3,4.709588,1,-7.957558,-58.847773,4.299162,-166.444747,2.342102,0
2005-09-29,sz.000532,3.4700,3.5700,3.3500,3.5200,3.4700,4045066,13995189.5500,3,3.326910,1,1.440921,-59.695724,4.361109,-168.843086,2.375850,0
2005-09-30,sz.000532,3.5200,3.5200,3.4200,3.4600,3.5200,2147081,7433190.0300,3,1.765891,1,-1.704544,-58.678183,4.286772,-165.965079,2.335352,0
2005-10-10,sz.000532,3.4600,3.4800,3.2100,3.2400,3.4600,2050113,6873295.6800,3,1.686139,1,-6.358382,-54.947200,4.014203,-155.412386,2.186862,0
2005-10-11,sz.000532,3.2200,3.4100,3.2000,3.3700,3.2400,1633337,5414159.2600,3,1.343356,1,4.012342,-57.151872,4.175266,-161.648068,2.274606,0
2005-10-12,sz.000532,3.3500,3.4400,3.3300,3.4300,3.3700,1683841,5695409.2600,3,1.384894,1,1.780421,-58.169413,4.249603,-164.526075,2.315104,0
2005-10-13,sz.000532,3.4100,3.4700,3.3600,3.4000,3.4300,1605976,5471494.1400,3,1.320853,1,-0.874635,-57.660642,4.212435,-163.087072,2.294855,0
2005-10-14,sz.000532,3.3600,3.4000,3.2500,3.2700,3.4000,1445100,4789165.4000,3,1.188539,1,-3.823533,-55.455971,4.051371,-156.851390,2.207110,0
2005-10-17,sz.000532,3.2300,3.3700,3.2100,3.3500,3.2700,1277080,4224484.5300,3,1.050349,1,2.446481,-56.812692,4.150487,-160.688733,2.261107,0
2005-10-18,sz.000532,3.3300,3.4600,3.3100,3.4400,3.3500,2201028,7488610.2600,3,1.810260,1,2.686572,-58.339003,4.261993,-165.005743,2.321853,0
2005-10-19,sz.000532,3.4800,3.5500,3.4200,3.4500,3.4400,3623988,12663906.2900,3,2.980590,1,0.290697,-58.508593,4.274382,-165.485411,2.328603,0
2005-10-20,sz.000532,3.4400,3.4400,3.2800,3.3900,3.4500,1567462,5241549.9600,3,1.289177,1,-1.739129,-57.491052,4.200045,-162.607404,2.288105,0
2005-10-21,sz.000532,3.3400,3.4500,3.3400,3.4300,3.3900,1356992,4630306.2700,3,1.116073,1,1.179940,-58.169413,4.249603,-164.526075,2.315104,0
2005-10-24,sz.000532,3.4500,3.5400,3.4000,3.5200,3.4300,2037428,7112058.9000,3,1.675706,1,2.623904,-59.695724,4.361109,-168.843086,2.375850,0
2005-10-25,sz.000532,3.5500,3.5500,3.3800,3.4900,3.5200,2536430,8784406.6600,3,2.086115,1,-0.852272,-59.186954,4.323941,-167.404083,2.355601,0
2005-10-26,sz.000532,3.5000,3.6700,3.4900,3.4900,3.4900,6856959,24555106.3400,3,5.639583,1,0.000000,-59.186954,4.323941,-167.404083,2.355601,0
2005-10-27,sz.000532,3.4400,3.4400,3.1800,3.2300,3.4900,3724191,12264217.3800,3,3.063003,1,-7.449856,-54.777610,4.001813,-154.932718,2.180112,0
2005-10-28,sz.000532,3.2400,3.2900,3.0300,3.1000,3.2300,2282089,7179542.4600,3,1.876930,1,-4.024771,-52.572939,3.840749,-148.697036,2.092368,0
2005-10-31,sz.000532,3.1000,3.1500,3.0800,3.1400,3.1000,1073218,3343107.9000,3,0.882680,1,1.290329,-46.528778,4.495556,-91.251867,2.117958,0
2005-11-01,sz.000532,3.1400,3.1400,2.9600,3.1000,3.1400,1760102,5317892.3400,3,1.447616,1,-1.273892,-45.936055,4.438287,-90.089423,2.090978,0
2005-11-02,sz.000532,3.0900,3.2500,3.0300,3.2300,3.1000,2241740,7167117.3000,3,1.843744,1,4.193552,-47.862406,4.624409,-93.867366,2.178664,0
2005-11-03,sz.000532,3.2300,3.2600,3.1700,3.2000,3.2300,1543215,4959544.2500,3,1.269235,1,-0.928792,-47.417863,4.581458,-92.995533,2.158429,0
2005-11-04,sz.000532,3.3000,3.3300,3.1900,3.3200,3.2000,2462919,8081690.6100,3,2.025656,1,3.749996,-49.196033,4.753263,-96.482866,2.239370,0
2005-11-07,sz.000532,3.3500,3.4000,3.3000,3.3900,3.3200,3777208,12656459.6500,3,3.106607,1,2.108439,-50.233299,4.853482,-98.517143,2.286585,0
2005-11-08,sz.000532,3.3600,3.3900,3.3100,3.3600,3.3900,1344278,4485532.2100,3,1.105617,1,-0.884962,-49.788756,4.810531,-97.645310,2.266350,0
2005-11-09,sz.000532,3.3600,3.3600,3.2500,3.2600,3.3600,1221173,4037296.7800,3,1.004368,1,-2.976188,-48.306948,4.667360,-94.739199,2.198899,0
2005-11-10,sz.000532,3.2300,3.2800,3.0900,3.1100,3.2600,1350718,4274412.6800,3,1.110913,1,-4.601230,-46.084236,4.452604,-90.380034,2.097723,0
2005-11-11,sz.000532,3.1100,3.2000,3.0800,3.1800,3.1100,1223070,3837139.9000,3,1.005928,1,2.250809,-47.121502,4.552824,-92.414311,2.144938,0
2005-11-14,sz.000532,3.2800,3.3400,3.2000,3.2100,3.1800,1662259,5425349.6000,3,1.367144,1,0.943395,-47.566044,4.595775,-93.286144,2.165174,0
2005-11-15,sz.000532,3.2300,3.2800,3.1200,3.1600,3.2100,910536,2909107.2000,3,0.748881,1,-1.557631,-46.825140,4.524190,-91.833089,2.131448,0
2005-11-16,sz.000532,3.1300,3.2800,3.1100,3.2700,3.1600,1407713,4493322.0300,3,1.157789,1,3.481009,-48.455129,4.681677,-95.029810,2.205644,0
2005-11-17,sz.000532,3.3000,3.4000,3.2500,3.3200,3.2700,2897090,9611963.6800,3,2.382744,1,1.529050,-49.196033,4.753263,-96.482866,2.239370,0
2005-11-18,sz.000532,3.3200,3.4600,3.2600,3.4200,3.3200,4575836,15520818.0000,3,3.763448,1,3.012053,-50.677841,4.896433,-99.388976,2.306821,0
2005-11-21,sz.000532,3.3900,3.4300,3.3500,3.3800,3.4200,1702130,5754179.7900,3,1.399936,1,-1.169590,-50.085118,4.839165,-98.226532,2.279840,0
2005-11-22,sz.000532,3.3700,3.4000,3.2700,3.2800,3.3800,1502151,4981193.2800,3,1.235461,1,-2.958584,-48.603310,4.695994,-95.320421,2.212389,0
2005-11-23,sz.000532,3.2700,3.3100,3.2400,3.3100,3.2800,837048,2749069.3800,3,0.688440,1,0.914633,-49.047852,4.738946,-96.192254,2.232625,0
2005-11-24,sz.000532,3.2500,3.3400,3.2500,3.2800,3.3100,1366415,4508827.0500,3,1.123823,1,-0.906344,-48.603310,4.695994,-95.320421,2.212389,0
2005-11-25,sz.000532,3.2700,3.3600,3.2500,3.3600,3.2800,1527332,5079877.3700,3,1.256171,1,2.439022,-49.788756,4.810531,-97.645310,2.266350,0
2005-11-28,sz.000532,3.3600,3.4300,3.3300,3.3900,3.3600,3033630,10264987.5600,3,2.495043,1,0.892863,-50.233299,4.853482,-98.517143,2.286585,0
2005-11-29,sz.000532,3.3800,3.3800,3.2700,3.2800,3.3900,1337800,4426135.0000,3,1.100289,1,-3.244842,-48.603310,4.695994,-95.320421,2.212389,0
2005-11-30,sz.000532,3.2500,3.2800,3.2000,3.2600,3.2800,1157829,3763554.7200,3,0.952270,1,-0.609756,-48.306948,4.667360,-94.739199,2.198899,0
2005-12-01,sz.000532,3.2300,3.2800,3.2000,3.2300,3.2600,932220,3008651.0000,3,0.766715,1,-0.920245,-47.862406,4.624409,-93.867366,2.178664,0
2005-12-02,sz.000532,3.2100,3.2500,3.1200,3.1300,3.2300,1254409,3966068.0800,3,1.031703,1,-3.095972,-46.380598,4.481239,-90.961256,2.111213,0
2005-12-05,sz.000532,3.1300,3.1300,3.0100,3.0200,3.1300,966690,2959504.0000,3,0.795065,1,-3.514381,-44.750608,4.323751,-87.764534,2.037017,0
2005-12-06,sz.000532,3.0200,3.0700,3.0000,3.0600,3.0200,615645,1874331.1000,3,0.506344,1,1.324502,-45.343332,4.381019,-88.926978,2.063997,0
2005-12-07,sz.000532,3.0600,3.1000,3.0300,3.0800,3.0600,610128,1868243.6400,3,0.501807,1,0.653594,-45.639693,4.409653,-89.508201,2.077488,0
2005-12-08,sz.000532,3.0500,3.0800,2.9800,3.0200,3.0800,865800,2619335.7000,3,0.712087,1,-1.948050,-44.750608,4.323751,-87.764534,2.037017,0
2005-12-09,sz.000532,3.0200,3.1100,3.0200,3.0900,3.0200,918930,2814261.3900,3,0.755784,1,2.317879,-45.787874,4.423970,-89.798812,2.084233,0
2005-12-12,sz.000532,3.1000,3.1600,3.0700,3.1100,3.0900,956164,2977038.6900,3,0.786408,1,0.647249,-46.084236,4.452604,-90.380034,2.097723,0
2005-12-13,sz.000532,3.1100,3.1100,3.1100,3.1100,3.1100,0,0.0000,3,,0,0.000000,-46.084236,4.452604,-90.380034,2.097723,0
2005-12-14,sz.000532,3.1900,3.2000,3.1300,3.1900,3.1100,1215267,3851171.1000,3,0.999510,1,2.572353,-47.269682,4.567141,-92.704922,2.151684,0
2005-12-15,sz.000532,3.1800,3.2000,3.1100,3.1300,3.1900,975222,3076541.6200,3,0.802082,1,-1.880876,-46.380598,4.481239,-90.961256,2.111213,0
2005-12-16,sz.000532,3.1300,3.1800,3.0800,3.1800,3.1300,1014117,3171732.2800,3,0.834072,1,1.597443,-47.121502,4.552824,-92.414311,2.144938,0
2005-12-19,sz.000532,3.1900,3.2000,3.1400,3.1600,3.1800,781312,2473119.0000,3,0.642599,1,-0.628930,-46.825140,4.524190,-91.833089,2.131448,0
2005-12-20,sz.000532,3.1700,3.1800,3.1000,3.1700,3.1600,837056,2636738.0700,3,0.688446,1,0.316455,-46.973321,4.538507,-92.123700,2.138193,0
2005-12-21,sz.000532,3.1700,3.1700,3.0900,3.1100,3.1700,1236590,3864686.0900,3,1.017047,1,-1.892750,-46.084236,4.452604,-90.380034,2.097723,0
2005-12-22,sz.000532,3.0800,3.1200,3.0600,3.1000,3.1100,921084,2842191.0600,3,0.757556,1,-0.321543,-45.936055,4.438287,-90.089423,2.090978,0
2005-12-23,sz.000532,3.1300,3.1800,3.1000,3.1800,3.1000,1381158,4339692.3000,3,1.135949,1,2.580651,-47.121502,4.552824,-92.414311,2.144938,0
2005-12-26,sz.000532,3.1900,3.2400,3.1500,3.2100,3.1800,2140922,6852462.2900,3,1.760825,1,0.943395,-47.566044,4.595775,-93.286144,2.165174,0
2005-12-27,sz.000532,3.2300,3.2500,3.1800,3.2500,3.2100,1651778,5320292.3700,3,1.358523,1,1.246105,-48.158767,4.653043,-94.448588,2.192154,0
2005-12-28,sz.000532,3.2500,3.2800,3.2000,3.2400,3.2500,1721284,5570240.6400,3,1.415689,1,-0.307692,-48.010587,4.638726,-94.157977,2.185409,0
2005-12-29,sz.000532,3.2700,3.2900,3.2300,3.2700,3.2400,4025268,13129781.0400,3,3.310627,1,0.925925,-48.455129,4.681677,-95.029810,2.205644,0
2005-12-30,sz.000532,3.2900,3.2900,3.1800,3.1900,3.2700,1387619,4480048.0100,3,1.141263,1,-2.446481,-47.269682,4.567141,-92.704922,2.151684,0
2006-01-04,sz.000532,3.2200,3.2800,3.2000,3.2600,3.1900,1128240,3673390.5000,3,0.927934,1,2.194355,-48.306948,4.667360,-94.739199,2.198899,0
2006-01-05,sz.000532,3.2700,3.3800,3.2700,3.3700,3.2600,3185794,10607509.6700,3,2.620192,1,3.374230,-49.936937,4.824848,-97.935921,2.273095,0
2006-01-06,sz.000532,3.3800,3.4300,3.3300,3.3500,3.3700,2966416,10018973.8800,3,2.439762,1,-0.593471,-49.640576,4.796214,-97.354699,2.259605,0
2006-01-09,sz.000532,3.3500,3.4500,3.3400,3.4100,3.3500,2665214,9045668.5300,3,2.192035,1,1.791050,-50.529661,4.882116,-99.098365,2.300076,0
2006-01-10,sz.000532,3.3800,3.5200,3.3600,3.5100,3.4100,3416987,11714918.0000,3,2.810340,1,2.932549,-52.011469,5.025287,-102.004475,2.367526,0
2006-01-11,sz.000532,3.5000,3.5100,3.3900,3.4700,3.5100,2717927,9382262.0800,3,2.235390,1,-1.139600,-51.418746,4.968018,-100.842031,2.340546,0
2006-01-12,sz.000532,3.4700,3.6500,3.4400,3.5900,3.4700,6994873,24885056.5600,3,5.753012,1,3.458210,-53.196915,5.139823,-104.329364,2.421487,0
2006-01-13,sz.000532,3.6000,3.6100,3.5000,3.5700,3.5900,3417074,12130429.1700,3,2.810411,1,-0.557103,-52.900554,5.111189,-103.748142,2.407997,0
2006-01-16,sz.000532,3.5500,3.5500,3.4100,3.4200,3.5700,2286380,7980403.0400,3,1.880459,1,-4.201677,-50.677841,4.896433,-99.388976,2.306821,0
2006-01-17,sz.000532,3.4200,3.5000,3.3600,3.4800,3.4200,2601683,8994909.4700,3,2.139784,1,1.754384,-51.566926,4.982336,-101.132642,2.347291,0
2006-01-18,sz.000532,3.4800,3.6000,3.4700,3.5600,3.4800,3118490,11090555.4200,3,2.564837,1,2.298848,-52.752373,5.096872,-103.457530,2.401252,0
2006-01-19,sz.000532,3.5800,3.6400,3.5300,3.6200,3.5600,4044153,14507918.6700,3,3.326159,1,1.685392,-53.641458,5.182774,-105.201197,2.441722,0
2006-01-20,sz.000532,3.6400,3.7200,3.5900,3.6900,3.6200,7704371,28047468.6400,3,6.336547,1,1.933707,-54.678724,5.282994,-107.235474,2.488938,0
2006-01-23,sz.000532,3.7000,3.7200,3.5800,3.6800,3.6900,2817013,10287834.9700,3,2.316884,1,-0.271002,-54.530543,5.268677,-106.944863,2.482193,0
2006-01-24,sz.000532,3.6800,3.7900,3.5900,3.6700,3.6800,3669804,13560419.3500,3,3.018272,1,-0.271739,-54.382362,5.254360,-106.654252,2.475448,0
2006-01-25,sz.000532,3.6400,3.7000,3.5000,3.5400,3.6700,2651844,9509496.6500,3,2.181039,1,-3.542237,-52.456011,5.068238,-102.876308,2.387762,0
2006-02-06,sz.000532,3.5800,3.6600,3.5100,3.6600,3.5400,1885137,6772411.2600,3,1.550452,1,3.389834,-54.234181,5.240043,-106.363641,2.468703,0
2006-02-07,sz.000532,3.6800,3.8000,3.6600,3.7400,3.6600,5015220,18738363.9200,3,4.124824,1,2.185790,-55.419628,5.354579,-108.688529,2.522663,0
2006-02-08,sz.000532,3.7000,3.7400,3.6600,3.7200,3.7400,1648292,6081424.8200,3,1.355656,1,-0.534759,-55.123266,5.325945,-108.107307,2.509173,0
2006-02-09,sz.000532,3.7400,3.7400,3.5900,3.6000,3.7200,2469098,9022913.7300,3,2.030738,1,-3.225810,-53.345096,5.154140,-104.619975,2.428232,0
2006-02-10,sz.000532,3.6200,3.7600,3.6100,3.7600,3.6000,3336352,12335311.6700,3,2.744020,1,4.444447,-55.715989,5.383213,-109.269751,2.536154,0
2006-02-13,sz.000532,3.7800,3.8300,3.7300,3.8200,3.7600,4793738,18121744.6800,3,3.942664,1,1.595743,-56.605074,5.469115,-111.013418,2.576624,0
2006-02-14,sz.000532,3.8200,3.8200,3.7000,3.7400,3.8200,3023960,11338280.0400,3,2.487090,1,-2.094239,-55.419628,5.354579,-108.688529,2.522663,0
2006-02-15,sz.000532,3.7500,3.7900,3.6800,3.7300,3.7400,2747361,10215947.3700,3,2.259598,1,-0.267379,-55.271447,5.340262,-108.397918,2.515918,0
2006-02-16,sz.000532,3.7600,3.8800,3.6800,3.7700,3.7300,6533920,24629598.5400,3,5.373896,1,1.072385,-55.864170,5.397530,-109.560362,2.542899,0
2006-02-17,sz.000532,3.7700,3.8500,3.6500,3.6900,3.7700,4355278,16246384.7500,3,3.582048,1,-2.122014,-54.678724,5.282994,-107.235474,2.488938,0
2006-02-20,sz.000532,3.7400,3.7700,3.5500,3.5600,3.6900,3983210,14445543.2000,3,3.276036,1,-3.523038,-52.752373,5.096872,-103.457530,2.401252,0
2006-02-21,sz.000532,3.5100,3.6400,3.4300,3.6300,3.5600,2700144,9543464.8600,3,2.220764,1,1.966297,-53.789639,5.197091,-105.491808,2.448467,0
2006-02-22,sz.000532,3.6200,3.6500,3.5600,3.6000,3.6300,1536899,5553622.2300,3,1.264040,1,-0.826452,-53.345096,5.154140,-104.619975,2.428232,0
2006-02-23,sz.000532,3.6000,3.6000,3.4900,3.5300,3.6000,1731059,6110234.8200,3,1.423729,1,-1.944443,-52.307830,5.053921,-102.585697,2.381017,0
2006-02-24,sz.000532,3.5300,3.5600,3.5100,3.5500,3.5300,1502607,5312689.9000,3,1.235836,1,0.566572,-52.604192,5.082555,-103.166919,2.394507,0
2006-02-27,sz.000532,3.5600,3.5900,3.5000,3.5600,3.5500,1412011,5001088.7400,3,1.161324,1,0.281690,-52.752373,5.096872,-103.457530,2.401252,0
2006-02-28,sz.000532,3.5700,3.6700,3.5700,3.6600,3.5600,4270881,15481923.2800,3,3.512634,1,2.808993,-54.234181,5.240043,-106.363641,2.468703,0
2006-03-01,sz.000532,3.6600,3.6900,3.6000,3.6600,3.6600,2032344,7419851.7900,3,1.671524,1,0.000000,-54.234181,5.240043,-106.363641,2.468703,0
2006-03-02,sz.000532,3.6800,3.6800,3.4900,3.5000,3.6600,2181255,7773442.9600,3,1.793998,1,-4.371587,-51.863288,5.010970,-101.713864,2.360781,0
2006-03-03,sz.000532,3.5000,3.5300,3.3900,3.4800,3.5000,1903118,6576875.5400,3,1.565241,1,-0.571428,-51.566926,4.982336,-101.132642,2.347291,0
2006-03-06,sz.000532,3.4800,3.5000,3.4000,3.4800,3.4800,1231369,4237476.7000,3,1.012753,1,0.000000,-51.566926,4.982336,-101.132642,2.347291,0
2006-03-07,sz.000532,3.4600,3.4700,3.2800,3.2900,3.4800,1379451,4634980.3800,3,1.134545,1,-5.459772,-48.751491,4.710311,-95.611032,2.219134,0
2006-03-08,sz.000532,3.2900,3.3500,3.2100,3.3100,3.2900,1098294,3602600.4600,3,0.903304,1,0.607902,-49.047852,4.738946,-96.192254,2.232625,0
2006-03-09,sz.000532,3.2800,3.3100,3.2500,3.2500,3.3100,668188,2189076.8700,3,0.549559,1,-1.812687,-48.158767,4.653043,-94.448588,2.192154,0
2006-03-10,sz.000532,3.2500,3.3100,3.2200,3.2900,3.2500,712766,2329579.7800,3,0.586222,1,1.230768,-48.751491,4.710311,-95.611032,2.219134,0
2006-03-13,sz.000532,3.3100,3.3100,3.2500,3.3000,3.2900,465534,1527017.0100,3,0.382884,1,0.303951,-48.899672,4.724629,-95.901643,2.225880,0
2006-03-14,sz.000532,3.3100,3.3300,3.2000,3.2500,3.3000,889229,2877893.4000,3,0.731356,1,-1.515150,-48.158767,4.653043,-94.448588,2.192154,0
2006-03-15,sz.000532,3.2500,3.3100,3.2000,3.3000,3.2500,1185939,3874165.0700,3,0.975389,1,1.538460,-48.899672,4.724629,-95.901643,2.225880,0
2006-03-16,sz.000532,3.3200,3.3200,3.2500,3.3000,3.3000,1043979,3426017.0100,3,0.858632,1,0.000000,-48.899672,4.724629,-95.901643,2.225880,0
2006-03-17,sz.000532,3.3100,3.3100,3.2500,3.2800,3.3000,990543,3239414.4700,3,0.814683,1,-0.606060,-48.603310,4.695994,-95.320421,2.212389,0
2006-03-20,sz.000532,3.3100,3.3700,3.2800,3.3700,3.2800,2815532,9352601.8000,3,2.315666,1,2.743900,-49.936937,4.824848,-97.935921,2.273095,0
2006-03-21,sz.000532,3.3800,3.3900,3.3200,3.3500,3.3700,2108389,7065430.1200,3,1.734068,1,-0.593471,-49.640576,4.796214,-97.354699,2.259605,0
2006-03-22,sz.000532,3.3400,3.3500,3.3000,3.3400,3.3500,2151090,7149181.4700,3,1.769188,1,-0.298507,-49.492395,4.781897,-97.064088,2.252860,0
2006-03-23,sz.000532,3.3300,3.3900,3.3200,3.3700,3.3400,1975429,6628692.4800,3,1.624714,1,0.898203,-49.936937,4.824848,-97.935921,2.273095,0
2006-03-24,sz.000532,3.3500,3.3800,3.2700,3.2800,3.3700,1684390,5596509.6100,3,1.385346,1,-2.670621,-48.603310,4.695994,-95.320421,2.212389,0
2006-03-27,sz.000532,3.2500,3.2800,3.2100,3.2700,3.2800,1728898,5592448.2600,3,1.421952,1,-0.304878,-48.455129,4.681677,-95.029810,2.205644,0
2006-03-28,sz.000532,3.2700,3.3300,3.2300,3.3000,3.2700,1266672,4153622.5500,3,1.041789,1,0.917430,-48.899672,4.724629,-95.901643,2.225880,0
2006-03-29,sz.000532,3.3000,3.3400,3.2400,3.3100,3.3000,2043838,6741170.7100,3,1.680978,1,0.303030,-49.047852,4.738946,-96.192254,2.232625,0
2006-03-30,sz.000532,3.3000,3.3000,3.2200,3.2300,3.3100,1447102,4705828.4800,3,1.190185,1,-2.416916,-47.862406,4.624409,-93.867366,2.178664,0
2006-03-31,sz.000532,3.2300,3.2400,3.1300,3.1700,3.2300,2409460,7639907.6300,3,1.981688,1,-1.857583,-46.973321,4.538507,-92.123700,2.138193,0
2006-04-03,sz.000532,3.1700,3.2000,3.1600,3.2000,3.1700,2171260,6903738.6200,3,1.785777,1,0.946371,-47.417863,4.581458,-92.995533,2.158429,0
2006-04-04,sz.000532,3.2000,3.3400,3.1500,3.3000,3.2000,2938244,9470803.0600,3,2.416592,1,3.124997,-48.899672,4.724629,-95.901643,2.225880,0
2006-04-05,sz.000532,3.2600,3.3800,3.2400,3.3700,3.3000,4093861,13558156.9900,3,3.367042,1,2.121210,-49.936937,4.824848,-97.935921,2.273095,0
2006-04-06,sz.000532,3.3900,3.4400,3.3600,3.4000,3.3700,6872163,23387282.9500,3,5.652088,1,0.890214,-50.381480,4.867799,-98.807754,2.293330,0
2006-04-07,sz.000532,3.3800,3.4400,3.3500,3.4300,3.4000,3222155,11000114.0600,3,2.650098,1,0.882352,-50.826022,4.910750,-99.679587,2.313566,0
2006-04-10,sz.000532,3.4400,3.5100,3.3900,3.5100,3.4300,3692802,12738836.0600,3,3.037187,1,2.332359,-52.011469,5.025287,-102.004475,2.367526,0
2006-04-11,sz.000532,3.5100,3.5400,3.4200,3.4900,3.5100,3386833,11784994.3200,3,2.785539,1,-0.569800,-51.715107,4.996653,-101.423253,2.354036,0
2006-04-12,sz.000532,3.5200,3.6100,3.5000,3.5200,3.4900,3310658,11739402.8100,3,2.722888,1,0.859598,42.616004,6.993690,48.121783,2.258651,0
2006-04-13,sz.000532,3.5200,3.5200,3.3500,3.3500,3.5200,3048900,10441139.5900,3,2.507602,1,-4.829547,40.557845,6.655927,45.797719,2.149569,0
2006-04-14,sz.000532,3.3500,3.4400,3.3200,3.3900,3.3500,2326491,7859158.3200,3,1.913449,1,1.194036,41.042118,6.735401,46.344558,2.175235,0
2006-04-17,sz.000532,3.3800,3.5200,3.3800,3.4400,3.3900,2762230,9611757.0100,3,2.271827,1,1.474925,41.647459,6.834743,47.028106,2.207318,0
2006-04-18,sz.000532,3.4400,3.6100,3.4200,3.5700,3.4400,4638746,16418586.0300,3,3.815189,1,3.779066,43.221345,7.093033,48.805331,2.290734,0
2006-04-19,sz.000532,3.5800,3.6100,3.4100,3.5000,3.5700,2660044,9266253.4900,3,2.187783,1,-1.960783,42.373868,6.953954,47.848364,2.245818,0
2006-04-20,sz.000532,3.4800,3.4800,3.3600,3.3900,3.5000,2643245,9012030.8800,3,2.173967,1,-3.142854,41.042118,6.735401,46.344558,2.175235,0
2006-04-21,sz.000532,3.3800,3.4400,3.3000,3.3500,3.3900,2466036,8289164.7900,3,2.028219,1,-1.179947,40.557845,6.655927,45.797719,2.149569,0
2006-04-24,sz.000532,3.3400,3.3900,3.1400,3.1900,3.3500,3162192,10162567.2600,3,2.600780,1,-4.776115,32.986382,6.378748,57.349228,2.026513,0
2006-04-25,sz.000532,3.1600,3.2500,3.1400,3.2100,3.1900,1942951,6227625.2100,3,1.598002,1,0.626959,33.193193,6.418740,57.708785,2.039219,0
2006-04-26,sz.000532,3.2300,3.3000,3.1700,3.2800,3.2100,2408048,7777128.9200,3,1.980526,1,2.180683,33.917032,6.558712,58.967232,2.083688,0
2006-04-27,sz.000532,3.2900,3.4900,3.2100,3.4800,3.2800,3979303,13307815.0500,3,3.272823,1,6.097563,35.985144,6.958634,62.562795,2.210742,0
2006-04-28,sz.000532,3.4500,3.5000,3.3200,3.3800,3.4800,3635041,12464153.4000,3,2.989680,1,-2.873560,34.951088,6.758673,60.765013,2.147215,0
2006-05-08,sz.000532,3.3500,3.5400,3.3500,3.5000,3.3800,3911298,13620011.2100,3,3.216891,1,3.550292,36.191955,6.998626,62.922351,2.223447,0
2006-05-09,sz.000532,3.5300,3.8500,3.4200,3.8000,3.5000,8662166,31502058.7000,3,7.124296,1,8.571427,39.294123,7.598508,68.315695,2.414029,0
2006-05-10,sz.000532,3.7200,3.8200,3.6500,3.7300,3.8000,6218377,23218190.4100,3,5.114374,1,-1.842103,38.570283,7.458536,67.057248,2.369560,0
2006-05-11,sz.000532,3.7000,3.9000,3.6400,3.6500,3.7300,7741322,29104665.4200,3,6.366938,1,-2.144770,37.743039,7.298567,65.619023,2.318738,0
2006-05-12,sz.000532,3.6200,3.8600,3.6000,3.8400,3.6500,8304842,31455118.5000,3,6.830411,1,5.205474,39.707745,7.678493,69.034808,2.439439,0
2006-05-15,sz.000532,3.9400,4.1600,3.7800,4.0500,3.8400,10004151,39396991.2200,3,8.228027,1,5.468758,41.879262,8.098410,72.810149,2.572846,0
2006-05-16,sz.000532,4.0300,4.0300,3.7300,3.7800,4.0500,8085770,31321322.8800,3,6.650233,1,-6.666671,39.087311,7.558516,67.956139,2.401323,0
2006-05-17,sz.000532,3.7800,4.0400,3.7600,3.9500,3.7800,6180763,24162278.6200,3,5.083438,1,4.497357,40.845206,7.898449,71.012367,2.509319,0
2006-05-18,sz.000532,3.9000,4.1200,3.8800,4.0700,3.9500,7545205,30490896.1000,3,6.205639,1,3.037978,42.086073,8.138402,73.169705,2.585552,0
2006-05-19,sz.000532,4.1200,4.2000,4.0300,4.1300,4.0700,7829871,32395979.8400,3,6.439766,1,1.474200,42.706507,8.258379,74.248374,2.623668,0
2006-05-22,sz.000532,4.1300,4.1300,4.1300,4.1300,4.1300,0,0.0000,3,,0,0.000000,42.706507,8.258379,74.248374,2.623668,0
2006-05-23,sz.000532,4.1300,4.1300,4.1300,4.1300,4.1300,0,0.0000,3,,0,0.000000,42.706507,8.258379,74.248374,2.623668,0
2006-05-24,sz.000532,4.1300,4.1300,4.1300,4.1300,4.1300,0,0.0000,3,,0,0.000000,42.706507,8.258379,74.248374,2.623668,0
2006-05-25,sz.000532,4.1300,4.1300,4.1300,4.1300,4.1300,0,0.0000,3,,0,0.000000,42.706507,8.258379,74.248374,2.623668,0
2006-05-26,sz.000532,4.1300,4.1300,4.1300,4.1300,4.1300,0,0.0000,3,,0,0.000000,42.706507,8.258379,74.248374,2.623668,0
2006-05-29,sz.000532,4.1300,4.1300,4.1300,4.1300,4.1300,0,0.0000,3,,0,0.000000,42.706507,8.258379,74.248374,2.623668,0
2006-05-30,sz.000532,4.1300,4.1300,4.1300,4.1300,4.1300,0,0.0000,3,,0,0.000000,42.706507,8.258379,74.248374,2.623668,0
2006-05-31,sz.000532,4.1300,4.1300,4.1300,4.1300,4.1300,0,0.0000,3,,0,0.000000,42.706507,8.258379,74.248374,2.623668,0
2006-06-01,sz.000532,4.1300,4.1300,4.1300,4.1300,4.1300,0,0.0000,3,,0,0.000000,42.706507,8.258379,74.248374,2.623668,0
2006-06-02,sz.000532,4.1300,4.1300,4.1300,4.1300,4.1300,0,0.0000,3,,0,0.000000,42.706507,8.258379,74.248374,2.623668,0
2006-06-05,sz.000532,4.1300,4.1300,4.1300,4.1300,4.1300,0,0.0000,3,,0,0.000000,42.706507,8.258379,74.248374,2.623668,0
2006-06-06,sz.000532,4.1300,4.1300,4.1300,4.1300,4.1300,0,0.0000,3,,0,0.000000,42.706507,8.258379,74.248374,2.623668,0
2006-06-07,sz.000532,4.1300,4.1300,4.1300,4.1300,4.1300,0,0.0000,3,,0,0.000000,42.706507,8.258379,74.248374,2.623668,0
2006-06-08,sz.000532,4.1300,4.1300,4.1300,4.1300,4.1300,0,0.0000,3,,0,0.000000,42.706507,8.258379,74.248374,2.623668,0
2006-06-09,sz.000532,4.1300,4.1300,4.1300,4.1300,4.1300,0,0.0000,3,,0,0.000000,42.706507,8.258379,74.248374,2.623668,0
2006-06-12,sz.000532,4.1300,4.1300,3.8500,3.9900,4.1300,5854317,23421497.7800,3,4.814949,1,-3.389833,41.258829,7.978434,71.731480,2.534730,0
2006-06-13,sz.000532,4.0000,4.3900,3.9900,4.3900,3.9900,14338705,62532444.5500,3,11.793030,1,10.025060,45.395052,8.778277,78.922606,2.788838,0
2006-06-14,sz.000532,4.3500,4.3800,4.2000,4.3400,4.3900,6498601,27855563.7900,3,5.344848,1,-1.138946,44.878024,8.678296,78.023715,2.757075,0
2006-06-15,sz.000532,4.2600,4.4200,4.1400,4.1700,4.3400,5486654,23410015.0800,3,4.512561,1,-3.917052,43.120129,8.338363,74.967487,2.649079,0
2006-06-16,sz.000532,4.1600,4.3200,4.1600,4.2100,4.1700,4620074,19601657.5500,3,3.799832,1,0.959232,43.533752,8.418347,75.686599,2.674490,0
2006-06-19,sz.000532,4.2000,4.3600,4.1500,4.3200,4.2100,4634246,19895908.1700,3,3.811488,1,2.612830,44.671213,8.638304,77.664159,2.744369,0
2006-06-20,sz.000532,4.3300,4.4000,4.2600,4.3400,4.3200,5570288,24109671.5200,3,4.581346,1,0.462962,44.878024,8.678296,78.023715,2.757075,0
2006-06-21,sz.000532,4.3500,4.5100,4.3100,4.4100,4.3400,11699168,51508332.5700,3,9.622113,1,1.612896,45.601863,8.818269,79.282162,2.801544,0
2006-06-22,sz.000532,4.4100,4.4100,4.4100,4.4100,4.4100,0,0.0000,3,,0,0.000000,45.601863,8.818269,79.282162,2.801544,0
2006-06-23,sz.000532,4.4100,4.4100,4.4100,4.4100,4.4100,0,0.0000,3,,0,0.000000,45.601863,8.818269,79.282162,2.801544,0
2006-06-26,sz.000532,4.4100,4.4100,4.4100,4.4100,4.4100,0,0.0000,3,,0,0.000000,45.601863,8.818269,79.282162,2.801544,0
2006-06-27,sz.000532,4.4100,4.4100,4.4100,4.4100,4.4100,0,0.0000,3,,0,0.000000,45.601863,8.818269,79.282162,2.801544,0
2006-06-28,sz.000532,4.4100,4.4100,4.4100,4.4100,4.4100,0,0.0000,3,,0,0.000000,45.601863,8.818269,79.282162,2.801544,0
2006-06-29,sz.000532,4.4100,4.4100,4.4100,4.4100,4.4100,0,0.0000,3,,0,0.000000,45.601863,8.818269,79.282162,2.801544,0
2006-06-30,sz.000532,4.4100,4.4100,4.4100,4.4100,4.4100,0,0.0000,3,,0,0.000000,45.601863,8.818269,79.282162,2.801544,0
2006-07-03,sz.000532,4.4100,4.4100,4.4100,4.4100,4.4100,0,0.0000,3,,0,0.000000,45.601863,8.818269,79.282162,2.801544,0
2006-07-04,sz.000532,4.4100,4.4100,4.4100,4.4100,4.4100,0,0.0000,3,,0,0.000000,45.601863,8.818269,79.282162,2.801544,0
2006-07-05,sz.000532,4.4100,4.4100,4.4100,4.4100,4.4100,0,0.0000,3,,0,0.000000,45.601863,8.818269,79.282162,2.801544,0
2006-07-06,sz.000532,4.4100,4.4100,4.4100,4.4100,4.4100,0,0.0000,3,,0,0.000000,45.601863,8.818269,79.282162,2.801544,0
2006-07-07,sz.000532,4.4100,4.4100,4.4100,4.4100,4.4100,0,0.0000,3,,0,0.000000,45.601863,8.818269,79.282162,2.801544,0
2006-07-10,sz.000532,4.4100,4.4100,4.4100,4.4100,4.4100,0,0.0000,3,,0,0.000000,45.601863,8.818269,79.282162,2.801544,0
2006-07-11,sz.000532,4.4100,4.4100,4.4100,4.4100,4.4100,0,0.0000,3,,0,0.000000,45.601863,8.818269,79.282162,2.801544,0
2006-07-12,sz.000532,4.4100,4.4100,4.4100,4.4100,4.4100,0,0.0000,3,,0,0.000000,45.601863,8.818269,79.282162,2.801544,0
2006-07-13,sz.000532,4.4100,4.4100,4.4100,4.4100,4.4100,0,0.0000,3,,0,0.000000,45.601863,8.818269,79.282162,2.801544,0
2006-07-14,sz.000532,4.4100,4.4100,4.4100,4.4100,4.4100,0,0.0000,3,,0,0.000000,45.601863,8.818269,79.282162,2.801544,0
2006-07-17,sz.000532,4.4100,4.4100,4.4100,4.4100,4.4100,0,0.0000,3,,0,0.000000,45.601863,8.818269,79.282162,2.801544,0
2006-07-18,sz.000532,4.4100,4.4100,4.4100,4.4100,4.4100,0,0.0000,3,,0,0.000000,45.601863,8.818269,79.282162,2.801544,0
2006-07-19,sz.000532,4.4100,4.4100,4.4100,4.4100,4.4100,0,0.0000,3,,0,0.000000,45.601863,8.818269,79.282162,2.801544,0
2006-07-20,sz.000532,4.4100,4.4100,4.4100,4.4100,4.4100,0,0.0000,3,,0,0.000000,45.601863,8.818269,79.282162,2.801544,0
2006-07-21,sz.000532,4.4100,4.4100,4.4100,4.4100,4.4100,0,0.0000,3,,0,0.000000,45.601863,8.818269,79.282162,2.801544,0
2006-07-24,sz.000532,4.4100,4.4100,4.4100,4.4100,4.4100,0,0.0000,3,,0,0.000000,45.601863,8.818269,79.282162,2.801544,0
2006-07-25,sz.000532,4.4100,4.4100,4.4100,4.4100,4.4100,0,0.0000,3,,0,0.000000,45.601863,8.818269,79.282162,2.801544,0
2006-07-26,sz.000532,4.4100,4.4100,4.4100,4.4100,4.4100,0,0.0000,3,,0,0.000000,45.601863,8.818269,79.282162,2.801544,0
2006-07-27,sz.000532,4.4100,4.4100,4.4100,4.4100,4.4100,0,0.0000,3,,0,0.000000,45.601863,8.818269,79.282162,2.801544,0
2006-07-28,sz.000532,4.4100,4.4100,4.4100,4.4100,4.4100,0,0.0000,3,,0,0.000000,45.601863,8.818269,79.282162,2.801544,0
2006-07-31,sz.000532,4.4100,4.4100,4.4100,4.4100,4.4100,0,0.0000,3,,0,0.000000,45.601863,8.818269,79.282162,2.801544,0
2006-08-01,sz.000532,4.4100,4.4100,4.4100,4.4100,4.4100,0,0.0000,3,,0,0.000000,45.601863,8.818269,79.282162,2.801544,0
2006-08-02,sz.000532,4.4100,4.4100,4.4100,4.4100,4.4100,0,0.0000,3,,0,0.000000,45.601863,8.818269,79.282162,2.801544,0
2006-08-03,sz.000532,4.4100,4.4100,4.4100,4.4100,4.4100,0,0.0000,3,,0,0.000000,45.601863,8.818269,79.282162,2.801544,0
2006-08-04,sz.000532,4.4100,4.4100,4.4100,4.4100,4.4100,0,0.0000,3,,0,0.000000,29.048861,9.855332,23.631010,2.730357,0
2006-08-07,sz.000532,4.4100,4.4100,4.4100,4.4100,4.4100,0,0.0000,3,,0,0.000000,29.048861,9.855332,23.631010,2.730357,0
2006-08-08,sz.000532,4.4100,4.4100,4.4100,4.4100,4.4100,0,0.0000,3,,0,0.000000,29.048861,9.855332,23.631010,2.730357,0
2006-08-09,sz.000532,4.4100,4.4100,4.4100,4.4100,4.4100,0,0.0000,3,,0,0.000000,29.048861,9.855332,23.631010,2.730357,0
2006-08-10,sz.000532,4.4100,4.4100,4.4100,4.4100,4.4100,0,0.0000,3,,0,0.000000,29.048861,9.855332,23.631010,2.730357,0
2006-08-11,sz.000532,4.4100,4.4100,4.4100,4.4100,4.4100,0,0.0000,3,,0,0.000000,29.048861,9.855332,23.631010,2.730357,0
2006-08-14,sz.000532,4.4100,4.4100,4.4100,4.4100,4.4100,0,0.0000,3,,0,0.000000,29.048861,9.855332,23.631010,2.730357,0
2006-08-15,sz.000532,4.4100,4.4100,4.4100,4.4100,4.4100,0,0.0000,3,,0,0.000000,29.048861,9.855332,23.631010,2.730357,0
2006-08-16,sz.000532,4.4100,4.4100,4.4100,4.4100,4.4100,0,0.0000,3,,0,0.000000,29.048861,9.855332,23.631010,2.730357,0
2006-08-17,sz.000532,4.4100,4.4100,4.4100,4.4100,4.4100,0,0.0000,3,,0,0.000000,29.048861,9.855332,23.631010,2.730357,0
2006-08-18,sz.000532,4.4100,4.4100,4.4100,4.4100,4.4100,0,0.0000,3,,0,0.000000,29.048861,9.855332,23.631010,2.730357,0
2006-08-21,sz.000532,4.4100,4.4100,4.4100,4.4100,4.4100,0,0.0000,3,,0,0.000000,29.048861,9.855332,23.631010,2.730357,0
2006-08-22,sz.000532,4.4100,4.4100,4.4100,4.4100,4.4100,0,0.0000,3,,0,0.000000,29.048861,9.855332,23.631010,2.730357,0
2006-08-23,sz.000532,4.4100,4.4100,4.4100,4.4100,4.4100,0,0.0000,3,,0,0.000000,29.048861,9.855332,23.631010,2.730357,0
2006-08-24,sz.000532,4.4100,4.4100,4.4100,4.4100,4.4100,0,0.0000,3,,0,0.000000,29.048861,9.855332,23.631010,2.730357,0
2006-08-25,sz.000532,4.4100,4.4100,4.4100,4.4100,4.4100,0,0.0000,3,,0,0.000000,29.048861,9.855332,23.631010,2.730357,0
2006-08-28,sz.000532,4.4100,4.4100,4.4100,4.4100,4.4100,0,0.0000,3,,0,0.000000,29.048861,9.855332,23.631010,2.730357,0
2006-08-29,sz.000532,4.4100,4.4100,4.4100,4.4100,4.4100,0,0.0000,3,,0,0.000000,29.048861,9.855332,23.631010,2.730357,0
2006-08-30,sz.000532,4.4100,4.4100,4.4100,4.4100,4.4100,0,0.0000,3,,0,0.000000,29.048861,9.855332,23.631010,2.730357,0
2006-08-31,sz.000532,4.4100,4.4100,4.4100,4.4100,4.4100,0,0.0000,3,,0,0.000000,29.048861,9.855332,23.631010,2.730357,0
2006-09-01,sz.000532,4.4100,4.4100,4.4100,4.4100,4.4100,0,0.0000,3,,0,0.000000,29.048861,9.855332,23.631010,2.730357,0
2006-09-04,sz.000532,4.4100,4.4100,4.4100,4.4100,4.4100,0,0.0000,3,,0,0.000000,29.048861,9.855332,23.631010,2.730357,0
2006-09-05,sz.000532,4.4100,4.4100,4.4100,4.4100,4.4100,0,0.0000,3,,0,0.000000,29.048861,9.855332,23.631010,2.730357,0
2006-09-06,sz.000532,4.4100,4.4100,4.4100,4.4100,4.4100,0,0.0000,3,,0,0.000000,29.048861,9.855332,23.631010,2.730357,0
2006-09-07,sz.000532,4.4100,4.4100,4.4100,4.4100,4.4100,0,0.0000,3,,0,0.000000,29.048861,9.855332,23.631010,2.730357,0
2006-09-08,sz.000532,4.4100,4.4100,4.4100,4.4100,4.4100,0,0.0000,3,,0,0.000000,29.048861,9.855332,23.631010,2.730357,0
2006-09-11,sz.000532,4.4100,4.4100,4.4100,4.4100,4.4100,0,0.0000,3,,0,0.000000,29.048861,9.855332,23.631010,2.730357,0
2006-09-12,sz.000532,4.4100,4.4100,4.4100,4.4100,4.4100,0,0.0000,3,,0,0.000000,29.048861,9.855332,23.631010,2.730357,0
2006-09-13,sz.000532,4.4100,4.4100,4.4100,4.4100,4.4100,0,0.0000,3,,0,0.000000,29.048861,9.855332,23.631010,2.730357,0
2006-09-14,sz.000532,4.4100,4.4100,4.4100,4.4100,4.4100,0,0.0000,3,,0,0.000000,29.048861,9.855332,23.631010,2.730357,0
2006-09-15,sz.000532,4.4100,4.4100,4.4100,4.4100,4.4100,0,0.0000,3,,0,0.000000,29.048861,9.855332,23.631010,2.730357,0
2006-09-18,sz.000532,4.4100,4.4100,4.4100,4.4100,4.4100,0,0.0000,3,,0,0.000000,29.048861,9.855332,23.631010,2.730357,0
2006-09-19,sz.000532,4.4100,4.4100,4.4100,4.4100,4.4100,0,0.0000,3,,0,0.000000,29.048861,9.855332,23.631010,2.730357,0
2006-09-20,sz.000532,4.4100,4.4100,4.4100,4.4100,4.4100,0,0.0000,3,,0,0.000000,29.048861,9.855332,23.631010,2.730357,0
2006-09-21,sz.000532,4.4100,4.4100,4.4100,4.4100,4.4100,0,0.0000,3,,0,0.000000,29.048861,9.855332,23.631010,2.730357,0
2006-09-22,sz.000532,4.4100,4.4100,4.4100,4.4100,4.4100,0,0.0000,3,,0,0.000000,29.048861,9.855332,23.631010,2.730357,0
2006-09-25,sz.000532,4.4100,4.4100,4.4100,4.4100,4.4100,0,0.0000,3,,0,0.000000,29.048861,9.855332,23.631010,2.730357,0
2006-09-26,sz.000532,4.4100,4.4100,4.4100,4.4100,4.4100,0,0.0000,3,,0,0.000000,29.048861,9.855332,23.631010,2.730357,0
2006-09-27,sz.000532,4.4100,4.4100,4.4100,4.4100,4.4100,0,0.0000,3,,0,0.000000,29.048861,9.855332,23.631010,2.730357,0
2006-09-28,sz.000532,3.0200,3.2400,3.0200,3.1100,4.4100,25208070,78605448.2800,3,13.038758,1,-29.478460,24.872659,8.438483,20.233704,2.337828,0
2006-09-29,sz.000532,3.1000,3.2000,3.0900,3.1200,3.1100,15325490,48099219.3400,3,7.927039,1,0.321543,24.952636,8.465616,20.298764,2.345345,0
2006-10-09,sz.000532,3.1300,3.1700,3.1000,3.1400,3.1200,10527033,32976796.6000,3,5.445059,1,0.641033,25.112589,8.519883,20.428885,2.360380,0
2006-10-10,sz.000532,3.1600,3.4500,3.1500,3.4500,3.1400,26443761,88979395.8600,3,13.677914,1,9.872609,27.591857,9.361018,22.445749,2.593411,0
2006-10-11,sz.000532,3.4700,3.4700,3.3200,3.4100,3.4500,14784454,50136110.9700,3,7.647191,1,-1.159419,27.271951,9.252485,22.185509,2.563342,0
2006-10-12,sz.000532,3.4000,3.4500,3.2600,3.3300,3.4100,11275353,37861839.8000,3,5.832124,1,-2.346046,26.632140,9.035418,21.665027,2.503205,0
2006-10-13,sz.000532,3.3300,3.3900,3.2700,3.3700,3.3300,7184039,23978035.1800,3,3.715911,1,1.201200,26.952046,9.143951,21.925268,2.533274,0
2006-10-16,sz.000532,3.3500,3.3700,3.2500,3.2800,3.3700,7611768,25130684.1600,3,3.937152,1,-2.670621,26.232258,8.899751,21.339727,2.465620,0
2006-10-17,sz.000532,3.2500,3.3400,3.2400,3.2800,3.2800,4304074,14139622.0100,3,2.226262,1,0.000000,26.232258,8.899751,21.339727,2.465620,0
2006-10-18,sz.000532,3.2800,3.3500,3.1800,3.2900,3.2800,7225583,23597644.3300,3,3.737400,1,0.304878,26.312235,8.926884,21.404787,2.473137,0
2006-10-19,sz.000532,3.2800,3.2900,3.2300,3.2600,3.2900,5856808,19023676.8100,3,3.029407,1,-0.911853,26.072305,8.845484,21.209606,2.450585,0
2006-10-20,sz.000532,3.2500,3.3400,3.2100,3.2600,3.2600,8232518,26940126.2200,3,4.258232,1,0.000000,26.072305,8.845484,21.209606,2.450585,0
2006-10-23,sz.000532,3.2500,3.2600,3.0600,3.1300,3.2600,7415694,23369006.8000,3,3.835734,1,-3.987726,25.032612,8.492750,20.363825,2.352863,0
2006-10-24,sz.000532,3.1400,3.2000,3.1000,3.2000,3.1300,6645824,20945244.5300,3,3.437522,1,2.236419,25.592447,8.682684,20.819246,2.405482,0
2006-10-25,sz.000532,3.2600,3.3600,3.2300,3.3000,3.2000,14579995,47999963.6400,3,7.541435,1,3.124997,26.392211,8.954017,21.469847,2.480654,0
2006-10-26,sz.000532,3.2700,3.2800,3.1800,3.2000,3.3000,5115512,16535747.4600,3,2.645975,1,-3.030300,25.592447,8.682684,20.819246,2.405482,0
2006-10-27,sz.000532,3.1700,3.2000,3.0800,3.1000,3.2000,4862271,15185282.3700,3,2.514987,1,-3.125005,24.792683,8.411350,20.168644,2.330311,0
2006-10-30,sz.000532,3.1000,3.1000,3.1000,3.1000,3.1000,0,0.0000,3,,0,0.000000,24.792683,8.411350,20.168644,2.330311,0
2006-10-31,sz.000532,3.1400,3.1700,3.0900,3.1200,3.1000,4835785,15084272.1600,3,2.501288,1,0.645161,26.837439,7.162823,17.957462,2.345246,0
2006-11-01,sz.000532,3.1300,3.1300,3.0400,3.1200,3.1200,4814250,14800590.3000,3,2.490149,1,0.000000,26.837439,7.162823,17.957462,2.345246,0
2006-11-02,sz.000532,3.1100,3.1700,3.0600,3.1200,3.1200,4211352,13088631.0100,3,2.178302,1,0.000000,26.837439,7.162823,17.957462,2.345246,0
2006-11-03,sz.000532,3.1200,3.1800,3.0900,3.1500,3.1200,5067876,15946087.7900,3,2.621336,1,0.961545,27.095491,7.231697,18.130130,2.367797,0
2006-11-06,sz.000532,3.1400,3.1400,3.0500,3.0900,3.1500,3871315,11972140.0900,3,2.002420,1,-1.904768,26.579387,7.093950,17.784794,2.322696,0
2006-11-07,sz.000532,3.0800,3.1100,2.9500,2.9700,3.0900,7778918,23412785.4900,3,4.023610,1,-3.883492,25.547178,6.818457,17.094123,2.232494,0
2006-11-08,sz.000532,2.9600,3.0300,2.9200,2.9700,2.9700,2925779,8715583.3900,3,1.513346,1,0.000000,25.547178,6.818457,17.094123,2.232494,0
2006-11-09,sz.000532,2.9800,3.0300,2.9500,3.0100,2.9700,2790533,8349343.5800,3,1.443390,1,1.346800,25.891247,6.910288,17.324347,2.262561,0
2006-11-10,sz.000532,3.0100,3.0100,2.8400,2.8500,3.0100,5677647,16487165.0400,3,2.936737,1,-5.315618,24.514968,6.542964,16.403451,2.142292,0
2006-11-13,sz.000532,2.8500,2.8600,2.6300,2.6500,2.8500,5204423,14132240.7900,3,2.691964,1,-7.017537,22.794620,6.083808,15.252332,1.991956,0
2006-11-14,sz.000532,2.6400,2.7500,2.6100,2.7200,2.6500,3607410,9682731.4900,3,1.865916,1,2.641507,23.396742,6.244513,15.655223,2.044574,0
2006-11-15,sz.000532,2.6800,2.7900,2.6800,2.7400,2.7200,2735515,7508728.7100,3,1.414933,1,0.735293,23.568777,6.290428,15.770335,2.059607,0
2006-11-16,sz.000532,2.7300,2.7700,2.6500,2.6500,2.7400,3140933,8502769.1000,3,1.624633,1,-3.284668,22.794620,6.083808,15.252332,1.991956,0
2006-11-17,sz.000532,2.6500,2.7300,2.6200,2.7200,2.6500,2885650,7730665.0200,3,1.492589,1,2.641507,23.396742,6.244513,15.655223,2.044574,0
2006-11-20,sz.000532,2.7300,2.7400,2.6500,2.6900,2.7200,2336687,6262378.3700,3,1.208641,1,-1.102940,23.138690,6.175639,15.482556,2.022023,0
2006-11-21,sz.000532,2.7000,2.7900,2.6700,2.7800,2.6900,4351416,11986132.4300,3,2.250750,1,3.345721,23.912846,6.382259,16.000559,2.089675,0
2006-11-22,sz.000532,2.7800,2.8200,2.7200,2.8000,2.7800,3863270,10734625.3300,3,1.998259,1,0.719424,24.084881,6.428175,16.115671,2.104708,0
2006-11-23,sz.000532,2.7900,2.8100,2.7600,2.8000,2.8000,2889550,8047636.4300,3,1.494606,1,0.000000,24.084881,6.428175,16.115671,2.104708,0
2006-11-24,sz.000532,2.8000,2.8600,2.7500,2.8300,2.8000,4410804,12392787.8700,3,2.281468,1,1.071428,24.342934,6.497048,16.288339,2.127259,0
2006-11-27,sz.000532,2.8000,2.9200,2.8000,2.9100,2.8300,4825216,13780345.9700,3,2.495821,1,2.826861,25.031073,6.680710,16.748787,2.187393,0
2006-11-28,sz.000532,2.9400,3.0000,2.9200,2.9800,2.9100,10333485,30613391.3600,3,5.344948,1,2.405496,25.633195,6.841415,17.151679,2.240011,0
2006-11-29,sz.000532,2.9600,2.9800,2.9000,2.9600,2.9800,3526355,10409524.1100,3,1.823991,1,-0.671140,25.461160,6.795499,17.036567,2.224977,0
2006-11-30,sz.000532,2.9600,3.0300,2.9500,2.9800,2.9600,5175807,15427352.2100,3,2.677162,1,0.675675,25.633195,6.841415,17.151679,2.240011,0
2006-12-01,sz.000532,2.9800,2.9900,2.9000,2.9100,2.9800,6089346,17819093.9200,3,3.149686,1,-2.348991,25.031073,6.680710,16.748787,2.187393,0
2006-12-04,sz.000532,2.9100,2.9600,2.8600,2.9300,2.9100,4661390,13639471.8300,3,2.411083,1,0.687284,25.203108,6.726626,16.863899,2.202427,0
2006-12-05,sz.000532,2.9300,3.0600,2.9000,3.0500,2.9300,10718431,31948066.2000,3,5.544059,1,4.095559,26.235317,7.002119,17.554570,2.292629,0
2006-12-06,sz.000532,3.0300,3.0800,2.8800,2.9800,3.0500,7657747,22826363.7500,3,3.960934,1,-2.295080,25.633195,6.841415,17.151679,2.240011,0
2006-12-07,sz.000532,2.9800,3.0700,2.9300,3.0000,2.9800,9815791,29622661.7100,3,5.077173,1,0.671140,25.805230,6.887330,17.266791,2.255045,0
2006-12-08,sz.000532,2.9800,2.9900,2.8000,2.8000,3.0000,6316756,18315121.7600,3,3.267313,1,-6.666668,24.084881,6.428175,16.115671,2.104708,0
2006-12-11,sz.000532,2.8000,2.8800,2.7600,2.8800,2.8000,3680696,10431305.9500,3,1.903823,1,2.857149,24.773021,6.611837,16.576119,2.164843,0
2006-12-12,sz.000532,2.8700,2.9000,2.8000,2.8400,2.8800,3557545,10089972.4100,3,1.840124,1,-1.388896,24.428951,6.520006,16.345895,2.134776,0
2006-12-13,sz.000532,2.8300,2.8700,2.7600,2.8300,2.8400,2689239,7559997.3700,3,1.390996,1,-0.352112,24.342934,6.497048,16.288339,2.127259,0
2006-12-14,sz.000532,2.8200,2.8600,2.8000,2.8500,2.8300,3690046,10458921.2600,3,1.908659,1,0.706713,24.514968,6.542964,16.403451,2.142292,0
2006-12-15,sz.000532,2.8600,2.9700,2.8200,2.9500,2.8500,6655334,19254248.7400,3,3.442441,1,3.508777,25.375143,6.772541,16.979011,2.217461,0
2006-12-18,sz.000532,2.9500,2.9800,2.9000,2.9500,2.9500,6204160,18230970.4900,3,3.209073,1,0.000000,25.375143,6.772541,16.979011,2.217461,0
2006-12-19,sz.000532,2.9700,3.0500,2.8500,3.0500,2.9500,11698198,34817516.9800,3,6.050839,1,3.389827,26.235317,7.002119,17.554570,2.292629,0
2006-12-20,sz.000532,3.0300,3.1500,2.9900,3.1200,3.0500,16423397,50797194.4300,3,8.494927,1,2.295080,26.837439,7.162823,17.957462,2.345246,0
2006-12-21,sz.000532,3.1100,3.1200,3.0000,3.0200,3.1200,9156053,28112671.0600,3,4.735926,1,-3.205125,25.977265,6.933246,17.381903,2.270078,0
2006-12-22,sz.000532,3.0100,3.0500,2.9500,3.0000,3.0200,5485363,16405250.4200,3,2.837279,1,-0.662251,25.805230,6.887330,17.266791,2.255045,0
2006-12-25,sz.000532,3.0000,3.0800,2.9800,3.0300,3.0000,4722907,14297498.0300,3,2.442902,1,0.999999,26.063282,6.956204,17.439459,2.277595,0
2006-12-26,sz.000532,3.0500,3.0700,2.9500,2.9700,3.0300,3697319,11037668.5200,3,1.912421,1,-1.980196,25.547178,6.818457,17.094123,2.232494,0
2006-12-27,sz.000532,2.9800,2.9800,2.9100,2.9400,2.9700,3750693,11033187.1100,3,1.940029,1,-1.010100,25.289125,6.749584,16.921455,2.209944,0
2006-12-28,sz.000532,2.9400,2.9500,2.8100,2.8300,2.9400,4609666,13246764.5000,3,2.384329,1,-3.741501,24.342934,6.497048,16.288339,2.127259,0
2006-12-29,sz.000532,2.8300,2.8800,2.8100,2.8300,2.8300,4516878,12818095.7700,3,2.336334,1,0.000000,24.342934,6.497048,16.288339,2.127259,0
2007-01-04,sz.000532,2.8300,2.9200,2.8200,2.8600,2.8300,4807061,13743224.4400,3,2.486430,1,1.060070,24.600986,6.565921,16.461007,2.149809,0
2007-01-05,sz.000532,2.8400,2.9400,2.8300,2.9400,2.8600,4374608,12642027.1900,3,2.262746,1,2.797209,25.289125,6.749584,16.921455,2.209944,0
2007-01-08,sz.000532,2.9400,3.0800,2.8900,3.0500,2.9400,7732658,23303165.9200,3,3.999682,1,3.741493,26.235317,7.002119,17.554570,2.292629,0
2007-01-09,sz.000532,3.0500,3.1400,3.0100,3.1000,3.0500,11625978,35944998.7100,3,6.013484,1,1.639343,26.665404,7.116908,17.842350,2.330213,0
2007-01-10,sz.000532,3.1200,3.2900,3.1100,3.2900,3.1000,19651734,62501367.8600,3,10.164769,1,6.129034,28.299736,7.553105,18.935914,2.473032,0
2007-01-11,sz.000532,3.3000,3.5500,3.2300,3.4300,3.2900,22874293,77390451.4600,3,11.831623,1,4.255322,29.503980,7.874514,19.741697,2.578268,0
2007-01-12,sz.000532,3.4300,3.4300,3.2300,3.2700,3.4300,13945583,46240064.9000,3,7.213289,1,-4.664725,28.127701,7.507190,18.820802,2.457999,0
2007-01-15,sz.000532,3.3300,3.6000,3.3200,3.5800,3.2700,33043234,114810955.7800,3,17.091461,1,9.480121,30.794241,8.218881,20.605037,2.691020,0
2007-01-16,sz.000532,3.6100,3.6300,3.4500,3.5900,3.5800,16426842,58259827.4000,3,8.496708,1,0.279329,30.880258,8.241839,20.662593,2.698537,0
2007-01-17,sz.000532,3.6100,3.6200,3.3300,3.4400,3.5900,13782102,48154007.5500,3,7.128729,1,-4.178269,29.589997,7.897472,19.799253,2.585785,0
2007-01-18,sz.000532,3.4100,3.5700,3.3500,3.5500,3.4400,14065307,48802323.1100,3,7.275215,1,3.197671,30.536189,8.150007,20.432369,2.668469,0
2007-01-19,sz.000532,3.5400,3.6900,3.5200,3.6900,3.5500,17673297,63795853.4000,3,9.141432,1,3.943665,31.740433,8.471416,21.238152,2.773705,0
2007-01-22,sz.000532,3.7700,4.0200,3.7500,3.9300,3.6900,24534024,94292716.5600,3,12.690111,1,6.504066,33.804851,9.022403,22.619496,2.954108,0
2007-01-23,sz.000532,3.9600,3.9800,3.7200,3.9400,3.9300,15444314,59566689.9700,3,7.988500,1,0.254453,33.890869,9.045360,22.677052,2.961625,0
2007-01-24,sz.000532,3.9400,4.0500,3.8300,4.0200,3.9400,14445946,57207342.1500,3,7.472099,1,2.030455,34.579008,9.229023,23.137499,3.021760,0
2007-01-25,sz.000532,3.9800,3.9800,3.7100,3.7400,4.0200,11338164,43574780.1000,3,5.864613,1,-6.965174,32.170520,8.586205,21.525932,2.811289,0
2007-01-26,sz.000532,3.6500,3.7400,3.4300,3.6200,3.7400,9884690,35408862.1400,3,5.112810,1,-3.208559,31.138311,8.310712,20.835261,2.721087,0
2007-01-29,sz.000532,3.6400,3.8900,3.6300,3.8800,3.6200,10285780,38783669.8000,3,5.320272,1,7.182327,33.374764,8.907614,22.331716,2.916524,0
2007-01-30,sz.000532,3.8900,4.0700,3.8100,4.0200,3.8800,21993651,87257647.5300,3,11.376115,1,3.608244,34.579008,9.229023,23.137499,3.021760,0
2007-01-31,sz.000532,4.1200,4.2400,3.8500,3.8900,4.0200,29359851,120785819.3500,3,15.186248,1,-3.233828,33.460781,8.930572,22.389272,2.924041,0
2007-02-01,sz.000532,3.7500,4.0200,3.7000,3.9800,3.8900,11554253,44808314.5400,3,5.976384,1,2.313622,34.234938,9.137191,22.907276,2.991693,0
2007-02-02,sz.000532,3.9800,4.0100,3.7700,3.7700,3.9800,8404502,32675297.7300,3,4.347190,1,-5.276383,32.428572,8.655078,21.698600,2.833839,0
2007-02-05,sz.000532,3.7500,3.8800,3.7200,3.7900,3.7700,5284335,20127604.4400,3,2.733298,1,0.530504,32.600607,8.700994,21.813712,2.848873,0
2007-02-06,sz.000532,3.8400,3.9100,3.8000,3.9100,3.7900,5410782,20917169.1400,3,2.798702,1,3.166230,33.632816,8.976487,22.504384,2.939075,0
2007-02-07,sz.000532,3.9300,4.1800,3.8800,4.1300,3.9100,16204688,65550623.3800,3,8.381800,1,5.626599,35.525200,9.481558,23.770615,3.104445,0
2007-02-08,sz.000532,4.1200,4.2000,4.0500,4.1100,4.1300,12209140,50289906.4500,3,6.315121,1,-0.484261,35.353165,9.435642,23.655503,3.089411,0
2007-02-09,sz.000532,4.1100,4.2800,4.0700,4.1900,4.1100,14482926,60684057.6100,3,7.491227,1,1.946470,36.041304,9.619305,24.115951,3.149546,0
2007-02-12,sz.000532,4.3500,4.4000,4.1800,4.2800,4.1900,12247540,52378274.6100,3,6.334984,1,2.147975,36.815461,9.825924,24.633955,3.217197,0
2007-02-13,sz.000532,4.2800,4.2800,4.1100,4.2400,4.2800,10729993,45042660.1000,3,5.550040,1,-0.934590,36.471392,9.734093,24.403731,3.187130,0
2007-02-14,sz.000532,4.2400,4.3400,4.2000,4.3300,4.2400,11740946,50473041.1800,3,6.072950,1,2.122645,37.245549,9.940713,24.921734,3.254781,0
2007-02-15,sz.000532,4.4200,4.6500,4.4200,4.6500,4.3300,24904730,112727991.2200,3,12.881857,1,7.390305,39.998106,10.675362,26.763525,3.495319,0
2007-02-16,sz.000532,4.6700,4.8800,4.5500,4.5900,4.6500,17741895,84102948.7100,3,9.176914,1,-1.290321,39.482002,10.537615,26.418190,3.450218,0
2007-02-26,sz.000532,4.6000,4.9100,4.5500,4.8600,4.5900,10964586,52062120.4300,3,5.671382,1,5.882352,41.804473,11.157475,27.972201,3.653172,0
2007-02-27,sz.000532,4.8600,4.9500,4.3700,4.3700,4.8600,16743115,77907450.0000,3,8.660299,1,-10.082310,37.589618,10.032544,25.151958,3.284848,0
2007-02-28,sz.000532,4.2400,4.6600,4.2300,4.6200,4.3700,12596500,56066366.7800,3,6.515482,1,5.720824,39.740054,10.606489,26.590858,3.472769,0
2007-03-01,sz.000532,4.6100,4.7300,4.3900,4.6800,4.6200,14492312,65896750.3500,3,7.496082,1,1.298700,40.256159,10.744235,26.936193,3.517870,0
2007-03-02,sz.000532,4.6100,4.9600,4.5700,4.9600,4.6800,21226397,102149494.9400,3,10.979256,1,5.982911,42.664647,11.387053,28.547760,3.728340,0
2007-03-05,sz.000532,5.0100,5.1400,4.7000,4.9700,4.9600,25992325,129587148.5500,3,13.444411,1,0.201608,42.750664,11.410010,28.605316,3.735857,0
2007-03-06,sz.000532,4.9600,4.9600,4.7900,4.8600,4.9700,7532027,36663974.9300,3,3.895906,1,-2.213273,41.804473,11.157475,27.972201,3.653172,0
2007-03-07,sz.000532,4.8100,4.9700,4.8100,4.8900,4.8600,7430974,36397211.6300,3,3.843637,1,0.617278,42.062525,11.226348,28.144869,3.675723,0
2007-03-08,sz.000532,4.9000,4.9700,4.8000,4.9500,4.8900,10055927,49121198.3200,3,5.201382,1,1.226993,42.578629,11.364095,28.490205,3.720824,0
2007-03-09,sz.000532,4.9500,4.9800,4.8200,4.8500,4.9500,8578415,41903160.8300,3,4.437146,1,-2.020200,41.718455,11.134517,27.914645,3.645655,0
2007-03-12,sz.000532,4.8900,5.1000,4.8800,5.0700,4.8500,14373875,72063187.4700,3,7.434821,1,4.536088,43.610839,11.639588,29.180876,3.811025,0
2007-03-13,sz.000532,5.1000,5.3500,5.1000,5.2000,5.0700,16355697,85733937.1900,3,8.459909,1,2.564095,44.729065,11.938039,29.929104,3.908744,0
2007-03-14,sz.000532,5.1800,5.3500,4.9600,5.2200,5.2000,15314370,79180170.4400,3,7.921287,1,0.384615,44.901100,11.983955,30.044216,3.923778,0
2007-03-15,sz.000532,5.2400,5.4800,5.2400,5.3400,5.2200,13914213,74699225.8600,3,7.197063,1,2.298858,45.933309,12.259448,30.734887,4.013979,0
2007-03-16,sz.000532,5.3400,5.3400,5.0500,5.1100,5.3400,12846817,66752744.4800,3,6.644957,1,-4.307116,43.954908,11.731419,29.411100,3.841093,0
2007-03-19,sz.000532,4.9700,5.2000,4.9100,5.1800,5.1100,10321104,52644194.0900,3,5.338544,1,1.369857,44.557030,11.892124,29.813992,3.893710,0
2007-03-20,sz.000532,5.1900,5.3700,5.1300,5.3000,5.1800,9017182,47515604.2600,3,4.664096,1,2.316609,45.589240,12.167617,30.504663,3.983912,0
2007-03-21,sz.000532,5.3500,5.6000,5.2800,5.5800,5.3000,18057979,98156673.0200,3,9.340407,1,5.283014,47.997728,12.810434,32.116231,4.194383,0
2007-03-22,sz.000532,5.7300,5.8500,5.5900,5.6400,5.5800,32650103,187540294.3200,3,16.888116,1,1.075268,48.513832,12.948181,32.461566,4.239484,0
2007-03-23,sz.000532,5.6500,5.9800,5.5700,5.9100,5.6400,16660151,95707529.8100,3,8.617386,1,4.787234,50.836303,13.568041,34.015578,4.442438,0
2007-03-26,sz.000532,5.9000,6.1300,5.8500,6.0600,5.9100,14049957,84827452.0200,3,7.267276,1,2.538073,52.126564,13.912407,34.878917,4.555190,0
2007-03-27,sz.000532,6.0700,6.1500,6.0000,6.1100,6.0600,12902701,78343858.9400,3,6.673863,1,0.825086,52.556652,14.027196,35.166697,4.592774,0
2007-03-28,sz.000532,6.1100,6.1200,5.6500,5.9200,6.1100,17088615,101077999.1400,3,8.839007,1,-3.109657,50.922320,13.590998,34.073133,4.449955,0
2007-03-29,sz.000532,5.9000,5.9000,5.4600,5.4800,5.9200,15173854,85984433.5600,3,7.848606,1,-7.432433,47.137553,12.580857,31.540671,4.119215,0
2007-03-30,sz.000532,5.4400,5.7000,5.3800,5.6500,5.4800,7404422,41542479.0600,3,3.829903,1,3.102191,48.599850,12.971139,32.519122,4.247001,0
2007-04-02,sz.000532,5.6800,5.9300,5.6800,5.9000,5.6500,7675363,44544384.3300,3,3.970046,1,4.424779,50.750286,13.545083,33.958022,4.434921,0
2007-04-03,sz.000532,5.8800,6.1500,5.8500,6.1500,5.9000,17090259,103246774.5400,3,8.839858,1,4.237288,52.900721,14.119027,35.396921,4.622841,0
2007-04-04,sz.000532,6.2800,6.7700,6.2800,6.7400,6.1500,35066933,230452820.9600,3,18.138210,1,9.593491,57.975750,15.473535,38.792723,5.066334,0
2007-04-05,sz.000532,6.6900,6.8900,6.4500,6.6800,6.7400,17771448,118172169.8800,3,9.192200,1,-0.890207,57.459645,15.335789,38.447387,5.021233,0
2007-04-06,sz.000532,6.5900,6.8100,6.5100,6.7100,6.6800,11448044,76857431.8700,3,5.921448,1,0.449105,57.717698,15.404662,38.620055,5.043783,0
2007-04-09,sz.000532,6.8500,6.9000,6.6500,6.7300,6.7100,13751649,92820508.0200,3,7.112977,1,0.298062,57.889733,15.450577,38.735167,5.058817,0
2007-04-10,sz.000532,6.7300,6.8800,6.5000,6.6700,6.7300,12266843,81918164.5500,3,6.344968,1,-0.891530,57.373628,15.312831,38.389831,5.013716,0
2007-04-11,sz.000532,6.6700,6.8500,6.5800,6.8200,6.6700,15403968,103586000.0900,3,7.967632,1,2.248877,58.663889,15.657197,39.253171,5.126468,0
2007-04-12,sz.000532,6.8200,7.1500,6.7100,7.1000,6.8200,16367491,114010170.3800,3,8.466009,1,4.105568,61.072378,16.300015,40.864738,5.336939,0
2007-04-13,sz.000532,7.1100,7.1800,6.7500,6.8600,7.1000,14854140,104178805.2600,3,7.683236,1,-3.380279,59.007959,15.749028,39.483395,5.156535,0
2007-04-16,sz.000532,6.8600,7.4300,6.8600,7.3600,6.8600,16856708,121689165.6400,3,8.719055,1,7.288630,63.308831,16.896917,42.361193,5.532376,0
2007-04-17,sz.000532,7.4100,7.7000,7.1800,7.6800,7.3600,16830325,124946195.4500,3,8.705408,1,4.347822,66.061389,17.631565,44.202984,5.772914,0
2007-04-18,sz.000532,7.6800,8.0600,7.5000,7.9100,7.6800,14574431,114420988.5400,3,7.538557,1,2.994792,68.039790,18.159594,45.526771,5.945801,0
2007-04-19,sz.000532,7.9100,7.9100,7.1200,7.3600,7.9100,15756315,118627394.5700,3,8.149881,1,-6.953220,63.308831,16.896917,42.361193,5.532376,0
2007-04-20,sz.000532,7.6000,7.9400,7.6000,7.9100,7.3600,15471517,121037598.7300,3,8.002571,1,7.472822,68.039790,18.159594,45.526771,5.945801,0
2007-04-23,sz.000532,7.9100,8.3300,7.9100,8.1900,7.9100,13696045,111934252.9600,3,7.084216,1,3.539820,70.448278,18.802412,47.138338,6.156272,0
2007-04-24,sz.000532,8.1900,8.3000,7.9900,8.0800,8.1900,17642522,143353126.3200,3,9.125513,1,-1.343097,69.502086,18.549876,46.505223,6.073587,0
2007-04-25,sz.000532,8.0200,8.1100,7.6100,8.1000,8.0800,15418928,121562156.1300,3,7.975370,1,0.247530,69.674121,18.595792,46.620335,6.088621,0
2007-04-26,sz.000532,8.3000,8.5000,8.1800,8.2300,8.1000,15023527,124518625.8500,3,7.770850,1,1.604928,70.792347,18.894243,47.368562,6.186339,0
2007-04-27,sz.000532,8.2500,8.3000,8.0300,8.0800,8.2300,10257139,83546214.8200,3,5.305458,1,-1.822596,69.502086,18.549876,46.505223,6.073587,0
2007-04-30,sz.000532,8.0500,8.3000,7.9800,8.2000,8.0800,14359252,117258681.9000,3,7.427257,1,1.485147,58.674301,15.591736,48.361228,6.043116,0
2007-05-08,sz.000532,8.3600,8.8500,8.3000,8.7600,8.2000,18168743,157202172.6700,3,9.397699,1,6.829274,62.681327,16.656537,51.663946,6.455817,0
2007-05-09,sz.000532,8.8000,8.8300,8.1800,8.6100,8.7600,14848662,126957904.8900,3,7.680402,1,-1.712335,61.608016,16.371322,50.779289,6.345272,0
2007-05-10,sz.000532,8.5600,8.9600,8.5000,8.8300,8.6100,14801586,130002046.0600,3,7.656052,1,2.555171,63.182205,16.789637,52.076786,6.507405,0
2007-05-11,sz.000532,8.8000,8.8000,8.5100,8.7300,8.8300,11351983,98685120.0600,3,5.871761,1,-1.132507,62.466665,16.599494,51.487015,6.433708,0
2007-05-14,sz.000532,8.7300,8.7300,8.7300,8.7300,8.7300,0,0.0000,3,,0,0.000000,62.466665,16.599494,51.487015,6.433708,0
2007-05-15,sz.000532,8.9800,9.3500,8.7000,8.7500,8.7300,20240775,182937815.1900,3,10.469448,1,0.229100,62.609773,16.637523,51.604969,6.448447,0
2007-05-16,sz.000532,8.6500,8.9500,8.2000,8.8400,8.7500,12274318,105810068.4000,3,6.348835,1,1.028573,63.253759,16.808651,52.135763,6.514774,0
2007-05-17,sz.000532,8.8800,9.3200,8.8200,9.1600,8.8400,17501593,159417593.6800,3,9.052618,1,3.619906,65.543488,17.417109,54.023030,6.750603,0
2007-05-18,sz.000532,9.1600,9.4800,9.1600,9.2300,9.1600,18619386,173771150.9500,3,9.630792,1,0.764189,66.044366,17.550210,54.435870,6.802191,0
2007-05-21,sz.000532,8.9500,9.7200,8.7400,9.6800,9.2300,19568969,185152342.5800,3,10.121959,1,4.875415,69.264297,18.405854,57.089840,7.133825,0
2007-05-22,sz.000532,9.8200,10.6500,9.8200,10.3800,9.6800,21781751,226221452.4700,3,11.266510,1,7.231402,74.273079,19.736855,61.218237,7.649701,0
2007-05-23,sz.000532,10.3900,10.9500,10.2000,10.5300,10.3800,17931896,190051768.2300,3,9.275191,1,1.445083,75.346389,20.022070,62.102894,7.760246,0
2007-05-24,sz.000532,10.6000,10.6500,10.0300,10.3600,10.5300,16248063,166906067.1000,3,8.404236,1,-1.614436,74.129971,19.698827,61.100283,7.634962,0
2007-05-25,sz.000532,10.3600,10.8500,10.2600,10.6800,10.3600,15074529,161155812.1000,3,7.797231,1,3.088809,76.419700,20.307285,62.987551,7.870791,0
2007-05-28,sz.000532,10.8000,11.7500,10.8000,11.7500,10.6800,20844412,237770395.6400,3,10.781676,1,10.018720,84.075980,22.341816,69.298101,8.659344,0
2007-05-29,sz.000532,11.9800,12.8000,11.8500,12.2300,11.7500,25270237,312458081.1900,3,13.070914,1,4.085102,87.510574,23.254503,72.129002,9.013087,0
2007-05-30,sz.000532,11.1000,12.0000,11.0100,11.0100,12.2300,18060304,207305810.0900,3,9.341609,1,-9.975465,78.780983,20.934757,64.933795,8.113989,0
2007-05-31,sz.000532,10.4700,10.7000,9.9100,9.9100,11.0100,21263683,214210251.7800,3,10.998542,1,-9.990921,70.910040,18.843183,58.446313,7.303327,0
2007-06-01,sz.000532,9.9900,10.4800,8.9200,8.9200,9.9100,17058357,161360483.3500,3,8.823357,1,-9.989907,63.826191,16.960766,52.607580,6.573732,0
2007-06-04,sz.000532,8.4100,8.8200,8.0300,8.0300,8.9200,4156897,34093029.8600,3,2.150136,1,-9.977582,57.457883,15.268492,47.358617,5.917832,0
2007-06-05,sz.000532,7.2300,7.7900,7.2300,7.7900,8.0300,18651252,136952803.2100,3,9.647274,1,-2.988789,55.740586,14.812149,45.943167,5.740961,0
2007-06-06,sz.000532,7.9800,8.1200,7.4500,7.9100,7.7900,15993525,127089264.0800,3,8.272577,1,1.540435,56.599234,15.040320,46.650892,5.829396,0
2007-06-07,sz.000532,8.0000,8.4000,7.7000,8.3800,7.9100,13486953,109194805.5400,3,6.976064,1,5.941849,59.962274,15.933993,49.422816,6.175770,0
2007-06-08,sz.000532,8.4300,8.9000,8.2800,8.4000,8.3800,14583613,125248760.6700,3,7.543307,1,0.238658,60.105382,15.972022,49.540770,6.190510,0
2007-06-11,sz.000532,8.3500,8.6000,8.1800,8.2300,8.4000,14827097,123857028.0500,3,7.669248,1,-2.023811,58.888963,15.648778,48.538159,6.065225,0
2007-06-12,sz.000532,8.5900,8.8200,8.0200,8.6900,8.2300,17356295,148335526.1600,3,8.977464,1,5.589308,62.180449,16.523437,51.251106,6.404230,0
2007-06-13,sz.000532,8.9000,9.5600,8.8000,9.4400,8.6900,18821618,172958112.9700,3,9.735395,1,8.630610,67.547000,17.949510,55.674389,6.956954,0
2007-06-14,sz.000532,9.3400,9.4800,9.0500,9.0800,9.4400,15958375,146988848.9900,3,8.254396,1,-3.813556,64.971056,17.264995,53.551214,6.691646,0
2007-06-15,sz.000532,8.9900,9.1000,8.6100,8.7700,9.0800,11317484,100228494.5900,3,5.853917,1,-3.414091,62.752881,16.675551,51.722923,6.463187,0
2007-06-18,sz.000532,9.0000,9.1700,8.8800,9.0400,8.7700,12525557,113027311.0900,3,6.478787,1,3.078671,64.684839,17.188938,53.315305,6.662167,0
2007-06-19,sz.000532,9.0900,9.8800,9.0000,9.6000,9.0400,19687310,186530680.2400,3,10.183171,1,6.194695,68.691865,18.253739,56.618023,7.074868,0
2007-06-20,sz.000532,9.6000,9.6000,9.6000,9.6000,9.6000,0,0.0000,3,,0,0.000000,68.691865,18.253739,56.618023,7.074868,0
2007-06-21,sz.000532,9.1800,9.6000,8.8000,8.9900,9.6000,11977879,108681618.9700,3,6.195503,1,-6.354173,64.327069,17.093866,53.020420,6.625319,0
2007-06-22,sz.000532,9.0100,9.1000,8.5100,9.1000,8.9900,15660523,138305101.6300,3,8.100333,1,1.223589,65.114164,17.303024,53.669168,6.706385,0
2007-06-25,sz.000532,9.4500,9.7000,8.9500,9.1200,9.1000,27076534,253006315.7600,3,14.005213,1,0.219775,65.257272,17.341052,53.787122,6.721125,0
2007-06-26,sz.000532,8.8500,9.0000,8.2100,8.4800,9.1200,17008427,141839522.4200,3,8.797531,1,-7.017548,60.677814,16.124136,50.012587,6.249467,0
2007-06-27,sz.000532,8.6000,8.6400,8.2200,8.5000,8.4800,9115879,77232686.0000,3,4.715146,1,0.235854,60.820922,16.162165,50.130541,6.264206,0
2007-06-28,sz.000532,8.5000,8.9500,8.1800,8.3000,8.5000,11982258,103186558.4200,3,6.197768,1,-2.352939,59.389842,15.781879,48.950999,6.116813,0
2007-06-29,sz.000532,7.8200,8.2800,7.4700,7.4700,8.3000,11903300,91388487.0400,3,6.156927,1,-10.000000,53.450857,14.203691,44.055899,5.505132,0
2007-07-02,sz.000532,7.2900,7.3600,6.7200,7.0900,7.4700,13662287,93693737.8900,3,7.066755,1,-5.087010,50.731804,13.481147,41.814769,5.225085,0
2007-07-03,sz.000532,7.6500,7.6500,7.1800,7.4500,7.0900,9025233,66779722.6300,3,4.668260,1,5.077569,53.307749,14.165662,43.937945,5.490392,0
2007-07-04,sz.000532,7.3000,7.3800,6.8100,7.0000,7.4500,5976400,42619024.0300,3,3.091265,1,-6.040266,50.087818,13.310018,41.283975,5.158758,0
2007-07-05,sz.000532,6.9900,6.9900,6.6400,6.6400,7.0000,6478247,44329657.3500,3,3.350843,1,-5.142859,47.511873,12.625503,39.160799,4.893450,0
2007-07-06,sz.000532,6.6400,7.3000,6.6000,7.2800,6.6400,10594638,73856152.4800,3,5.480028,1,9.638559,52.091331,13.842419,42.935334,5.365108,0
2007-07-09,sz.000532,7.4500,7.8600,7.4400,7.7100,7.2800,16950391,128618683.3500,3,8.767512,1,5.906591,55.168154,14.660034,45.471350,5.682003,0
2007-07-10,sz.000532,7.6200,7.6200,7.2100,7.2100,7.7100,8159753,60059455.9900,3,4.220595,1,-6.485085,51.590453,13.709319,42.522494,5.313521,0
2007-07-11,sz.000532,7.3000,7.4900,7.1600,7.3100,7.2100,3936539,28670640.8800,3,2.036157,1,1.386961,52.305993,13.899462,43.112266,5.387217,0
2007-07-12,sz.000532,7.2100,7.4700,7.2100,7.3500,7.3100,4043351,29657759.6800,3,2.091405,1,0.547195,52.592209,13.975519,43.348174,5.416696,0
2007-07-13,sz.000532,7.3500,7.4000,7.0500,7.1200,7.3500,3154278,22567629.6300,3,1.631536,1,-3.129252,50.946466,13.538190,41.991700,5.247194,0
2007-07-16,sz.000532,7.1300,7.1800,6.8200,6.9300,7.1200,4067029,28224994.3600,3,2.103652,1,-2.668540,49.586940,13.176918,40.871135,5.107170,0
2007-07-17,sz.000532,6.8600,7.1300,6.8600,7.0200,6.9300,3137337,22019574.0000,3,1.622773,1,1.298704,50.230926,13.348047,41.401929,5.173497,0
2007-07-18,sz.000532,7.0000,7.0600,6.8000,6.8800,7.0200,3634809,25270289.4800,3,1.880088,1,-1.994300,49.229170,13.081846,40.576250,5.070322,0
2007-07-19,sz.000532,6.8800,7.0200,6.8200,6.9600,6.8800,2592485,17966515.5700,3,1.340951,1,1.162790,49.801602,13.233961,41.048067,5.129279,0
2007-07-20,sz.000532,7.0000,7.2200,6.9600,7.2000,6.9600,5638131,40243909.7100,3,2.916297,1,3.448272,51.518899,13.690304,42.463517,5.306151,0
2007-07-23,sz.000532,7.2000,7.6600,7.2000,7.6200,7.2000,8912698,66869030.6600,3,4.610052,1,5.833334,54.524168,14.488905,44.940556,5.615677,0
2007-07-24,sz.000532,7.6500,7.8900,7.5000,7.6000,7.6200,10806732,82986569.2600,3,5.589732,1,-0.262467,54.381060,14.450877,44.822602,5.600937,0
2007-07-25,sz.000532,7.5900,7.8800,7.5600,7.8400,7.6000,7859111,60964589.7700,3,4.065089,1,3.157898,56.098356,14.907220,46.238052,5.777809,0
2007-07-26,sz.000532,7.9500,8.1500,7.8400,8.0100,7.8400,8258354,66033503.1800,3,4.271596,1,2.168368,57.314775,15.230464,47.240663,5.903093,0
2007-07-27,sz.000532,7.9500,8.6000,7.8000,8.5600,8.0100,15164517,125300763.5900,3,7.843777,1,6.866419,61.250246,16.276251,50.484404,6.308424,0
2007-07-30,sz.000532,9.0000,9.4200,9.0000,9.4200,8.5600,30214852,279926812.3600,3,15.628493,1,10.046720,67.403892,17.911482,55.556435,6.942214,0
2007-07-31,sz.000532,9.4500,10.3600,9.4200,9.8900,9.4200,31784891,316924448.5200,3,16.440589,1,4.989387,70.766932,18.805154,58.328359,7.288588,0
2007-08-01,sz.000532,9.9100,10.0900,8.9000,8.9000,9.8900,20261418,189185343.1700,3,10.480125,1,-10.010120,63.683083,16.922737,52.489626,6.558992,0
2007-08-02,sz.000532,8.8000,9.4900,8.8000,9.2200,8.9000,12854380,117447707.0000,3,6.648869,1,3.595513,65.972812,17.531195,54.376893,6.794821,0
2007-08-03,sz.000532,9.1900,9.5000,8.8200,9.2100,9.2200,12060849,109574006.1100,3,6.238419,1,-0.108462,65.901258,17.512181,54.317916,6.787452,0
2007-08-06,sz.000532,9.2000,9.2500,8.9300,9.1500,9.2100,10477291,95380575.1000,3,5.419331,1,-0.651470,65.471934,17.398095,53.964053,6.743234,0
2007-08-07,sz.000532,9.2400,9.4800,9.0500,9.1000,9.1500,12430999,115307164.4100,3,6.429877,1,-0.546440,65.114164,17.303024,53.669168,6.706385,0
2007-08-08,sz.000532,8.9000,8.9900,8.6000,8.7400,9.1000,9245674,80869679.0300,3,4.782282,1,-3.956050,62.538219,16.618508,51.545992,6.441078,0
2007-08-09,sz.000532,8.7000,8.9500,8.6500,8.7900,8.7400,5029614,44218105.5400,3,2.601545,1,0.572085,62.895989,16.713580,51.840877,6.477926,0
2007-08-10,sz.000532,8.7900,8.7900,8.3000,8.4600,8.7900,7101625,60370511.6600,3,3.673283,1,-3.754265,60.534706,16.086108,49.894633,6.234727,0
2007-08-13,sz.000532,8.8000,9.0600,8.5800,8.8900,8.4600,8517013,75248086.1300,3,4.405386,1,5.082746,63.611529,16.903723,52.430648,6.551623,0
2007-08-14,sz.000532,9.0200,9.1400,8.7200,8.9000,8.8900,7767907,69409180.0600,3,4.017914,1,0.112478,56.534803,13.987379,176.783323,6.278225,0
2007-08-15,sz.000532,8.9100,8.9500,8.3200,8.6000,8.9000,6779611,58412567.4900,3,3.506723,1,-3.370778,54.629136,13.515894,170.824334,6.066600,0
2007-08-16,sz.000532,8.6000,8.8800,8.2300,8.7800,8.6000,6902541,58962622.5000,3,3.570308,1,2.093016,55.772536,13.798785,174.399728,6.193575,0
2007-08-17,sz.000532,8.8200,9.0500,8.6600,8.9300,8.7800,10239753,91313278.9200,3,5.296465,1,1.708435,56.725370,14.034528,177.379222,6.299388,0
2007-08-20,sz.000532,9.0900,9.1900,8.9600,9.1300,8.9300,9650891,87635116.1500,3,4.991879,1,2.239640,57.995815,14.348851,181.351881,6.440471,0
2007-08-21,sz.000532,9.0900,9.3000,9.0100,9.0500,9.1300,8166590,74577572.4800,3,4.224131,1,-0.876231,57.487637,14.223121,179.762817,6.384038,0
2007-08-22,sz.000532,8.9000,9.1400,8.8000,9.0000,9.0500,8403794,75711333.4400,3,4.346824,1,-0.552488,57.170026,14.144541,178.769652,6.348767,0
2007-08-23,sz.000532,9.0200,9.3000,9.0200,9.2000,9.0000,10499482,96588138.1700,3,5.430809,1,2.222220,58.440471,14.458864,182.742311,6.489851,0
2007-08-24,sz.000532,9.2200,9.4500,9.0300,9.0900,9.2000,8877032,81919290.3700,3,4.591604,1,-1.195649,57.741726,14.285986,180.557349,6.412255,0
2007-08-27,sz.000532,9.1200,9.2400,8.7300,8.7900,9.0900,8872307,78972246.5800,3,4.589160,1,-3.300332,55.836058,13.814501,174.598360,6.200629,0
2007-08-28,sz.000532,8.8000,8.8500,8.6100,8.7100,8.7900,6610406,57482765.3800,3,3.419202,1,-0.910124,55.327880,13.688772,173.009297,6.144196,0
2007-08-29,sz.000532,8.7000,9.1800,8.6000,9.0300,8.7100,10183077,90934383.6900,3,5.267150,1,3.673934,57.360592,14.191689,179.365551,6.369929,0
2007-08-30,sz.000532,9.3600,9.9300,9.2600,9.9300,9.0300,28776511,280466410.4400,3,14.884518,1,9.966784,63.077595,15.606143,197.242516,7.004806,0
2007-08-31,sz.000532,10.6000,10.9200,10.3500,10.9200,9.9300,65740618,709142798.7900,3,34.004032,1,9.969786,69.366298,17.162043,216.907178,7.703171,0
2007-09-03,sz.000532,11.5100,12.0100,11.0000,11.6000,10.9200,45932869,534679100.3200,3,23.758565,1,6.227109,73.685811,18.230741,230.414219,8.182855,0
2007-09-04,sz.000532,11.4000,12.7000,11.2500,11.8200,11.6000,42832389,518312484.9700,3,22.154856,1,1.896546,75.083300,18.576497,234.784143,8.338047,0
2007-09-05,sz.000532,11.7800,13.0000,11.5300,13.0000,11.8200,39608203,489955866.6500,3,20.487161,1,9.983082,82.578926,20.431003,258.222831,9.170441,0
2007-09-06,sz.000532,13.0000,13.0000,13.0000,13.0000,13.0000,0,0.0000,3,,0,0.000000,82.578926,20.431003,258.222831,9.170441,0
2007-09-07,sz.000532,14.3000,14.3000,13.8000,14.3000,13.0000,49136900,698700872.9600,3,25.415835,1,10.000000,90.836819,22.474104,284.045114,10.087485,0
2007-09-10,sz.000532,14.0000,15.0200,13.5800,14.4700,14.3000,43463618,630908513.5400,3,22.481356,1,1.188812,91.916697,22.741278,287.421874,10.207406,0
2007-09-11,sz.000532,14.2000,14.5000,13.0200,13.0200,14.4700,28755054,393317433.5000,3,14.873419,1,-10.020730,82.705970,20.462436,258.620097,9.184549,0
2007-09-12,sz.000532,12.8500,13.9000,12.1200,13.5500,13.0200,33732370,440033182.3300,3,17.447913,1,4.070658,86.072650,21.295392,269.147643,9.558421,0
2007-09-13,sz.000532,13.3500,14.8000,13.0300,14.8000,13.5500,33771288,469841626.4000,3,17.468043,1,9.225092,94.012931,23.259911,293.976762,10.440194,0
2007-09-14,sz.000532,14.7800,16.2800,14.5000,15.9000,14.8000,41194810,636723621.5200,3,21.307826,1,7.432429,101.000379,24.988689,315.826386,11.216155,0
2007-09-17,sz.000532,15.7500,16.3800,15.5500,15.6700,15.9000,25553447,406805673.6200,3,13.217403,1,-1.446538,99.539367,24.627217,311.257828,11.053909,0
2007-09-18,sz.000532,15.6200,16.0600,15.1000,15.8600,15.6700,21079165,328714572.6100,3,10.903101,1,1.212505,100.746290,24.925824,315.031854,11.187938,0
2007-09-19,sz.000532,15.7000,16.6000,15.1100,15.3300,15.8600,18994090,302983092.3900,3,9.824606,1,-3.341738,97.379610,24.092868,304.504308,10.814066,0
2007-09-20,sz.000532,15.5100,15.7100,14.7800,15.0000,15.3300,21189432,320183286.4600,3,10.960136,1,-2.152641,95.283376,23.574234,297.949421,10.581278,0
2007-09-21,sz.000532,15.0000,15.2000,13.5100,13.9500,15.0000,23551484,332905791.2100,3,12.181897,1,-7.000001,88.613540,21.924038,277.092961,9.840589,0
2007-09-24,sz.000532,14.0200,14.4000,13.7000,13.7100,13.9500,14303427,201022475.7100,3,7.398382,1,-1.720428,87.089006,21.546850,272.325770,9.671288,0
2007-09-25,sz.000532,13.4000,14.6200,13.4000,14.1500,13.7100,16011202,224901355.8100,3,8.281721,1,3.209333,89.883985,22.238361,281.065620,9.981672,0
2007-09-26,sz.000532,13.9000,14.5000,13.5800,13.6800,14.1500,13029456,182844776.4800,3,6.739426,1,-3.321550,86.898439,21.499702,271.729872,9.650126,0
2007-09-27,sz.000532,14.2100,14.8800,13.9000,14.1700,13.6800,16276354,234884296.5200,3,8.418869,1,3.581870,90.011029,22.269793,281.462886,9.995781,0
2007-09-28,sz.000532,14.0100,15.5900,13.9600,15.5900,14.1700,36615344,550420102.7700,3,13.121973,1,10.021170,99.031189,24.501488,309.668765,10.997475,0
2007-10-08,sz.000532,15.9900,15.9900,14.8100,14.9400,15.5900,25943475,395377180.9500,3,9.297457,1,-4.169343,94.902243,23.479938,296.757624,10.538953,0
2007-10-09,sz.000532,14.8000,15.6800,14.6000,15.3900,14.9400,18086981,275436415.7300,3,6.481897,1,3.012053,97.760744,24.187165,305.696106,10.856391,0
2007-10-10,sz.000532,15.3000,15.4000,14.8000,14.8500,15.3900,13402288,201361334.5600,3,4.803026,1,-3.508772,94.330543,23.338492,294.969927,10.475465,0
2007-10-11,sz.000532,14.7900,15.4900,14.2000,15.0300,14.8500,18373164,272681596.7000,3,6.584457,1,1.212117,95.473943,23.621383,298.545320,10.602441,0
2007-10-12,sz.000532,15.3500,15.8800,13.8800,15.2000,15.0300,24272764,364712410.9200,3,8.698718,1,1.131072,96.553821,23.888558,301.922080,10.722362,0
2007-10-15,sz.000532,15.3500,16.7200,14.4300,16.2500,15.2000,39993827,635284545.5300,3,14.332732,1,6.907896,103.223658,25.538754,322.778540,11.463051,0
2007-10-16,sz.000532,15.9000,16.9800,15.4500,16.3400,16.2500,25371782,411884187.3800,3,9.092577,1,0.553847,103.795358,25.680199,324.566236,11.526539,0
2007-10-17,sz.000532,16.2000,16.8800,15.8800,16.2000,16.3400,17198618,281331439.9300,3,6.163531,1,-0.856789,102.906047,25.460173,321.785375,11.427780,0
2007-10-18,sz.000532,16.2000,16.2000,14.8000,14.8100,16.2000,18390257,282002579.6600,3,6.590583,1,-8.580249,94.076454,23.275628,294.175395,10.447249,0
2007-10-19,sz.000532,15.0000,15.2000,14.0200,14.4000,14.8100,12912113,189327086.6900,3,4.627360,1,-2.768405,91.472041,22.631265,286.031445,10.158027,0
2007-10-22,sz.000532,14.3800,14.8000,13.1000,13.3000,14.4000,13115407,182605283.5000,3,4.700216,1,-7.638885,65.319733,17.955045,173.870971,9.135767,0
2007-10-23,sz.000532,13.3000,13.8000,12.7100,13.5000,13.3000,11840237,157349446.9900,3,4.243228,1,1.503758,66.301985,18.225045,176.485572,9.273147,0
2007-10-24,sz.000532,13.3500,13.5900,12.6500,12.7000,13.5000,10529611,137828497.7700,3,3.773535,1,-5.925927,62.372978,17.145043,166.027168,8.723627,0
2007-10-25,sz.000532,12.3000,12.4300,11.4300,11.4300,12.7000,15552950,181207917.8700,3,5.573767,1,-9.999996,56.135680,15.430538,149.424451,7.851264,0
2007-10-26,sz.000532,11.0000,11.4500,10.7000,10.8900,11.4300,9939489,109666174.2400,3,3.562050,1,-4.724409,53.483601,14.701537,142.365028,7.480338,0
2007-10-29,sz.000532,11.1500,11.6000,10.9100,11.4600,10.8900,8829989,99464693.1600,3,3.164435,1,5.234157,56.283018,15.471038,149.816641,7.871871,0
2007-10-30,sz.000532,11.2500,12.5400,11.0600,12.1400,11.4600,15449408,182889980.2600,3,5.536660,1,5.933685,59.622674,16.389041,158.706285,8.338963,0
2007-10-31,sz.000532,12.0100,12.6400,12.0100,12.2800,12.1400,14245128,175438593.8000,3,5.105078,1,1.153207,60.310250,16.578041,160.536506,8.435129,0
2007-11-01,sz.000532,12.1500,12.7000,11.5000,12.0400,12.2800,16162161,195414095.8400,3,5.792092,1,-1.954396,59.131548,16.254040,157.398985,8.270273,0
2007-11-02,sz.000532,11.5000,12.8600,11.3000,12.4300,12.0400,21276891,265499835.6200,3,7.625076,1,3.239205,61.046939,16.780542,162.497457,8.538164,0
2007-11-05,sz.000532,12.2300,12.8000,12.2300,12.4000,12.4300,10519270,131761023.1100,3,3.769829,1,-0.241357,60.899601,16.740042,162.105266,8.517557,0
2007-11-06,sz.000532,12.6300,12.9000,12.3100,12.7100,12.4000,11060253,140076075.4300,3,3.963703,1,2.500003,62.422091,17.158543,166.157898,8.730496,0
2007-11-07,sz.000532,12.7200,12.8800,11.6800,12.1600,12.7100,13598801,167489764.2200,3,4.873451,1,-4.327303,59.720899,16.416041,158.967745,8.352701,0
2007-11-08,sz.000532,11.9000,12.5200,11.6800,11.7900,12.1600,10405866,125643143.2100,3,3.729188,1,-3.042762,57.903733,15.916540,154.130733,8.098548,0
2007-11-09,sz.000532,11.6800,11.9900,11.1400,11.3100,11.7900,8016378,91984611.4100,3,2.872858,1,-4.071243,55.546329,15.268538,147.855691,7.768836,0
2007-11-12,sz.000532,10.9000,11.3300,10.6100,11.2000,11.3100,7350681,80970323.8500,3,2.634290,1,-0.972596,55.006091,15.120038,146.417660,7.693277,0
2007-11-13,sz.000532,11.5100,11.8500,11.0000,11.5500,11.2000,8911467,102246891.4800,3,3.193635,1,3.125003,56.725031,15.592539,150.993212,7.933692,0
2007-11-14,sz.000532,11.6000,11.9800,11.5000,11.9500,11.5500,8225268,96785399.5100,3,2.947719,1,3.463200,58.689535,16.132540,156.222414,8.208452,0
2007-11-15,sz.000532,11.8800,11.8800,11.4000,11.4100,11.9500,6912294,80331139.1900,3,2.477184,1,-4.518828,56.037455,15.403538,149.162991,7.837526,0
2007-11-16,sz.000532,11.0300,12.3800,11.0300,12.1000,11.4100,12934813,151426810.9700,3,4.635496,1,6.047331,59.426223,16.335041,158.183365,8.311487,0
2007-11-19,sz.000532,12.2900,13.3100,12.1500,13.1600,12.1000,31938116,415095091.8300,3,11.445778,1,8.760325,64.632157,17.766044,172.040751,9.039601,0
2007-11-20,sz.000532,12.9000,13.4800,12.8000,13.3100,13.1600,21919673,287027094.3500,3,7.855432,1,1.139822,65.368846,17.968545,174.001701,9.142636,0
2007-11-21,sz.000532,13.3300,13.7500,13.1000,13.4300,13.3100,18557426,249446451.7600,3,6.650492,1,0.901577,65.958197,18.130545,175.570462,9.225064,0
2007-11-22,sz.000532,13.1000,13.7500,12.5800,12.7700,13.4300,17331531,230819390.4500,3,6.211163,1,-4.914370,62.716766,17.239543,166.942278,8.771710,0
2007-11-23,sz.000532,12.5000,13.2200,12.1100,13.1000,12.7700,12990046,164323031.4700,3,4.655290,1,2.584181,64.337481,17.685044,171.256370,8.998387,0
2007-11-26,sz.000532,13.2200,13.4700,12.7700,12.8000,13.1000,10162920,133225375.9700,3,3.642122,1,-2.290078,62.864104,17.280043,167.334469,8.792317,0
2007-11-27,sz.000532,12.6000,13.1600,12.5000,12.7800,12.8000,8182106,105471022.1700,3,2.932251,1,-0.156254,62.765879,17.253043,167.073008,8.778579,0
2007-11-28,sz.000532,13.0100,14.0300,12.8200,13.4900,12.7800,22281707,303825796.0900,3,7.985176,1,5.555556,66.252872,18.211545,176.354842,9.266278,0
2007-11-29,sz.000532,13.6500,13.8800,13.2500,13.8300,13.4900,18106091,247032145.8400,3,6.488745,1,2.520387,67.922700,18.670546,180.799664,9.499823,0
2007-11-30,sz.000532,13.9700,14.4700,13.8000,13.9100,13.8300,22521515,319190580.1400,3,8.071116,1,0.578452,68.315601,18.778547,181.845505,9.554775,0
2007-12-03,sz.000532,14.8600,15.3000,14.3600,14.6800,13.9100,30548835,453896698.2100,3,10.947896,1,5.535589,72.097269,19.818049,191.911719,10.083688,0
2007-12-04,sz.000532,14.4000,14.6700,13.8900,14.0600,14.6800,16155141,229932751.7100,3,5.789576,1,-4.223433,69.052289,18.981047,183.806455,9.657810,0
2007-12-05,sz.000532,13.8000,14.3300,13.7800,14.2500,14.0600,11215103,158868293.9100,3,4.019197,1,1.351348,69.985428,19.237548,186.290326,9.788321,0
2007-12-06,sz.000532,14.2300,14.9400,14.0000,14.7600,14.2500,13510771,196443928.2100,3,4.841904,1,3.578949,72.490170,19.926050,192.957559,10.138640,0
2007-12-07,sz.000532,14.6000,14.9900,14.5200,14.6500,14.7600,10201433,150325825.4200,3,3.655924,1,-0.745262,71.949932,19.777549,191.519528,10.063081,0
2007-12-10,sz.000532,14.3900,15.0400,14.2400,14.8200,14.6500,11822552,174341297.5300,3,4.236891,1,1.160410,72.784845,20.007050,193.741939,10.179854,0
2007-12-11,sz.000532,14.8200,15.4000,14.7500,15.1000,14.8200,11764475,176974378.7400,3,4.216077,1,1.889343,74.159998,20.385051,197.402381,10.372186,0
2007-12-12,sz.000532,15.0000,15.1800,14.6000,14.6200,15.1000,10251017,152097591.9800,3,3.673694,1,-3.178811,71.802594,19.737049,191.127338,10.042474,0
2007-12-13,sz.000532,14.5500,14.9000,13.8900,13.9000,14.6200,11592060,166795008.7400,3,4.154288,1,-4.924763,68.266488,18.765047,181.714774,9.547906,0
2007-12-14,sz.000532,13.7000,15.0000,13.5100,14.8700,13.9000,14468572,207315733.1800,3,5.185154,1,6.978419,73.030408,20.074550,194.395590,10.214199,0
2007-12-17,sz.000532,15.1100,15.5000,14.8500,14.8500,14.8700,15218070,231270467.8700,3,5.453755,1,-0.134496,72.932183,20.047550,194.134130,10.200461,0
2007-12-18,sz.000532,14.7000,15.1900,14.5800,14.8600,14.8500,8032302,119508438.6300,3,2.878565,1,0.067335,72.981296,20.061050,194.264860,10.207330,0
2007-12-19,sz.000532,14.9200,15.4400,14.9000,15.0000,14.8600,10993857,166915739.0000,3,3.939908,1,0.942129,73.668872,20.250050,196.095080,10.303496,0
2007-12-20,sz.000532,15.1300,15.1400,14.8800,14.9200,15.0000,7334200,109898038.2000,3,2.628384,1,-0.533333,73.275971,20.142050,195.049240,10.248544,0
2007-12-21,sz.000532,15.0800,15.3700,14.9400,15.1800,14.9200,7899852,119475669.2700,3,2.831098,1,1.742629,74.552898,20.493051,198.448221,10.427138,0
2007-12-24,sz.000532,15.3900,15.7900,15.1400,15.6800,15.1800,14321812,222380183.8600,3,5.132559,1,3.293808,77.008527,21.168053,204.984724,10.770588,0
2007-12-25,sz.000532,15.6000,16.2600,15.4000,15.8600,15.6800,13982549,221789887.5400,3,5.010976,1,1.147955,77.892554,21.411053,207.337865,10.894230,0
2007-12-26,sz.000532,15.8400,16.2000,15.8000,15.9100,15.8600,8853809,141425600.5300,3,3.172971,1,0.315260,78.138117,21.478553,207.991515,10.928575,0
2007-12-27,sz.000532,16.0000,16.0800,15.5000,15.5600,15.9100,12523898,197708905.8900,3,4.488234,1,-2.199871,76.419176,21.006052,203.415963,10.688160,0
2007-12-28,sz.000532,15.6500,16.4800,15.5000,15.9300,15.5600,13389642,215273794.4900,3,4.798494,1,2.377891,78.236342,21.505554,208.252975,10.942313,0
2008-01-02,sz.000532,16.0400,17.1600,15.8000,16.8200,15.9300,17777865,295938055.1000,3,6.314139,1,5.586939,82.607362,22.707056,219.887950,11.553654,0
2008-01-03,sz.000532,16.8200,17.5000,16.5300,16.7700,16.8200,17342111,294099604.6900,3,6.159373,1,-0.297261,82.361799,22.639556,219.234300,11.519309,0
2008-01-04,sz.000532,16.5800,17.1900,16.4000,16.8800,16.7700,10972375,184067872.0800,3,3.897043,1,0.655926,82.902037,22.788057,220.672330,11.594868,0
2008-01-07,sz.000532,16.9100,17.6000,16.9000,17.2500,16.8800,11764378,203717428.8700,3,4.178337,1,2.191948,84.719203,23.287558,225.509342,11.849021,0
2008-01-08,sz.000532,17.0100,17.4600,16.3200,16.5400,17.2500,13182640,220892076.4700,3,4.682060,1,-4.115937,81.232209,22.329056,216.227509,11.361322,0
2008-01-09,sz.000532,16.4600,17.0400,16.3800,16.7500,16.5400,8188291,136934533.6600,3,2.908224,1,1.269644,82.263574,22.612556,218.972840,11.505571,0
2008-01-10,sz.000532,16.7500,17.0500,16.1000,16.2500,16.7500,14791147,244591086.2000,3,5.253351,1,-2.985075,79.807945,21.937555,212.436337,11.162121,0
2008-01-11,sz.000532,16.1900,16.8300,15.9100,16.6700,16.2500,11235775,184289623.7400,3,3.990594,1,2.584616,81.870673,22.504556,217.926999,11.450619,0
2008-01-14,sz.000532,16.6700,17.0900,16.5600,16.7900,16.6700,9430981,159025305.6100,3,3.349588,1,0.719861,82.460024,22.666556,219.495760,11.533047,0
2008-01-15,sz.000532,16.7800,16.8500,16.2500,16.4800,16.7900,8625301,142475885.9300,3,3.063436,1,-1.846345,80.937534,22.248055,215.443128,11.320108,0
2008-01-16,sz.000532,16.4400,17.5000,16.2700,17.1400,16.4800,18482474,314719405.7100,3,6.564394,1,4.004854,84.178964,23.139058,224.071312,11.773462,0
2008-01-17,sz.000532,16.9300,17.2500,15.4300,15.8100,17.1400,22979835,368848544.0700,3,8.161715,1,-7.759621,77.646991,21.343553,206.684215,10.859885,0
2008-01-18,sz.000532,17.3000,17.3900,17.1800,17.3900,15.8100,36896316,640923598.7500,3,13.104412,1,9.993668,85.406779,23.476558,227.339563,11.945187,0
2008-01-21,sz.000532,17.6600,19.1300,17.6100,18.8000,17.3900,61302489,1141060226.0200,3,21.772718,1,8.108108,92.331653,25.380063,245.772501,12.913715,0
2008-01-22,sz.000532,17.3900,18.5900,16.9200,16.9200,18.8000,36999596,652837690.9100,3,13.141094,1,-9.999995,83.098488,22.842057,221.195251,11.622344,0
2008-01-23,sz.000532,17.1000,18.6100,17.1000,18.6100,16.9200,37565562,677300016.0500,3,13.342107,1,9.988183,91.398514,25.123563,243.288630,12.783204,0
2008-01-24,sz.000532,19.3000,20.4700,18.9300,19.9000,18.6100,43516276,871991004.9800,3,15.455614,1,6.931751,97.734037,26.865067,260.152807,13.669305,0
2008-01-25,sz.000532,19.5000,20.4400,18.7000,19.0400,19.9000,34484583,668884899.5600,3,12.247840,1,-4.321601,93.510355,25.704064,248.910022,13.078571,0
2008-01-28,sz.000532,18.8500,19.0100,17.1400,17.9000,19.0400,23168684,417603683.5700,3,8.228789,1,-5.987401,87.911520,24.165060,234.006796,12.295505,0
2008-01-29,sz.000532,18.6000,19.6000,18.3000,19.3100,17.9000,21882593,414425159.9800,3,7.772009,1,7.877094,94.836394,26.068565,252.439733,13.264034,0
2008-01-30,sz.000532,19.8100,19.9000,17.6600,19.1000,19.3100,25072034,474184983.5600,3,8.904799,1,-1.087515,93.805030,25.785064,249.694402,13.119785,0
2008-01-31,sz.000532,18.5200,19.3300,17.8000,17.8000,19.1000,15609814,290459687.8200,3,5.544115,1,-6.806289,87.420395,24.030060,232.699495,12.226815,0
2008-02-01,sz.000532,17.7900,18.2000,16.0200,16.0200,17.8000,21618107,355942348.2800,3,7.678072,1,-9.999993,78.678355,21.627054,209.429546,11.004134,0
2008-02-04,sz.000532,16.5800,17.6200,16.2600,17.6200,16.0200,15586478,267500883.0200,3,5.535827,1,9.987517,86.536368,23.787059,230.346354,12.103174,0
2008-02-05,sz.000532,17.4300,19.2300,17.1100,18.6200,17.6200,19871395,362836025.8200,3,7.057695,1,5.675369,91.447626,25.137063,243.419360,12.790073,0
2008-02-13,sz.000532,17.9900,19.5000,17.8300,18.3100,18.6200,16439653,309343725.6100,3,5.838848,1,-1.664884,89.925136,24.718562,239.366728,12.577134,0
2008-02-14,sz.000532,18.6000,18.9500,18.0600,18.3800,18.3100,8766844,161393665.2400,3,3.113708,1,0.382303,90.268924,24.813062,240.281838,12.625217,0
2008-02-15,sz.000532,17.9800,18.6900,17.6800,18.5500,18.3800,11109732,201875577.2000,3,3.945828,1,0.924919,91.103838,25.042562,242.504249,12.741990,0
2008-02-18,sz.000532,19.0000,19.3600,18.6800,18.7100,18.5500,13448083,255613563.0300,3,4.776337,1,0.862533,91.889640,25.258563,244.595930,12.851894,0
2008-02-19,sz.000532,18.7100,19.2800,18.5300,19.1000,18.7100,11769842,223361533.9800,3,4.180278,1,2.084454,93.805030,25.785064,249.694402,13.119785,0
2008-02-20,sz.000532,19.2100,19.5900,18.7900,18.8000,19.1000,11368967,217194662.1600,3,4.037900,1,-1.570686,92.331653,25.380063,245.772501,12.913715,0
2008-02-21,sz.000532,18.7000,20.3500,18.3000,19.8800,18.8000,25964198,509115826.4300,3,9.221667,1,5.744681,97.635812,26.838067,259.891347,13.655567,0
2008-02-22,sz.000532,19.6000,20.2000,18.6800,19.8100,19.8800,18617298,361898168.4000,3,6.612279,1,-0.352111,97.292024,26.743567,258.976236,13.607484,0
2008-02-25,sz.000532,19.7500,19.8800,18.0700,18.4400,19.8100,15184067,291073090.7800,3,5.392904,1,-6.915694,90.563600,24.894062,241.066219,12.666431,0
2008-02-26,sz.000532,19.3000,19.5500,17.8000,18.6600,18.4400,14600379,273487754.7500,3,5.185596,1,1.193055,91.644077,25.191063,243.942280,12.817549,0
2008-02-27,sz.000532,19.1000,20.5300,18.8800,20.0800,18.6600,43777556,884753256.3300,3,15.548412,1,7.609861,98.618063,27.108067,262.505948,13.792947,0
2008-02-28,sz.000532,19.8800,21.1200,19.7000,20.2000,20.0800,35081116,714328452.7800,3,12.459710,1,0.597614,99.207414,27.270068,264.074708,13.875375,0
2008-02-29,sz.000532,19.9800,21.5000,19.8900,21.3300,20.2000,28093116,584145445.1600,3,9.977792,1,5.594055,104.757136,28.795572,278.847204,14.651572,0
2008-03-03,sz.000532,21.5000,23.4600,21.0800,23.4600,21.3300,30740545,706112437.4800,3,10.918076,1,9.985931,115.218116,31.671079,306.692706,16.114668,0
2008-03-04,sz.000532,24.5000,25.5000,23.6800,24.0800,23.4600,44893826,1100911665.6400,3,15.944876,1,2.642800,118.263096,32.508081,314.797969,16.540546,0
2008-03-05,sz.000532,23.6900,26.4900,23.5100,26.4900,24.0800,38631863,980949960.9500,3,13.720824,1,10.008310,130.099228,35.761589,346.303912,18.195974,0
2008-03-06,sz.000532,27.3000,27.9600,25.5000,25.5700,26.4900,46934463,1253954106.2500,3,16.669647,1,-3.473009,125.580870,34.519586,334.276747,17.564027,0
2008-03-07,sz.000532,24.9000,26.5000,23.6900,25.0600,25.5700,36650364,926536933.4400,3,13.017058,1,-1.994526,123.076129,33.831084,327.609514,17.213708,0
2008-03-10,sz.000532,24.4800,26.2600,24.2200,26.2100,25.0600,27009277,684665788.4900,3,9.592847,1,4.588985,128.724076,35.383588,342.643470,18.003642,0
2008-03-11,sz.000532,25.7800,28.7900,25.0000,28.6700,26.2100,41018394,1106980825.2400,3,14.568445,1,9.385735,140.805771,38.704596,374.803064,19.693416,0
2008-03-12,sz.000532,28.8800,29.2800,26.8000,27.2500,28.6700,37466959,1063172028.4000,3,13.307087,1,-4.952913,133.831784,36.787592,356.239396,18.718018,0
2008-03-13,sz.000532,26.2800,27.2000,24.5300,25.7500,27.2500,41049921,1057394288.4200,3,14.579642,1,-5.504587,126.464897,34.762586,336.629888,17.687668,0
2008-03-14,sz.000532,25.3000,27.3800,24.7000,26.3300,25.7500,33634421,883478850.5400,3,11.945890,1,2.252427,129.313427,35.545588,344.212231,18.086070,0
2008-03-17,sz.000532,26.4000,27.4800,23.7000,23.7000,26.3300,40281455,1030753372.1200,3,14.306707,1,-9.988603,116.396818,31.995080,309.830227,16.279524,0
2008-03-18,sz.000532,21.8000,22.9000,21.3300,21.3300,23.7000,26685871,580407691.4100,3,9.477983,1,-10.000000,104.757136,28.795572,278.847204,14.651572,0
2008-03-19,sz.000532,21.9400,23.4600,20.1000,23.4600,21.3300,47364521,1060917814.5900,3,16.822390,1,9.985931,115.218116,31.671079,306.692706,16.114668,0
2008-03-20,sz.000532,22.7000,25.6000,22.4100,24.6000,23.4600,45342543,1090367854.1100,3,16.104247,1,4.859341,120.816950,33.210083,321.595932,16.897734,0
2008-03-21,sz.000532,24.2000,25.4800,23.5100,24.1900,24.6000,37384851,913530550.4300,3,13.277924,1,-1.666666,118.803334,32.656581,316.236000,16.616105,0
2008-03-24,sz.000532,25.4700,26.2000,24.6700,24.9000,24.1900,32429152,824124648.2000,3,11.517816,1,2.935093,122.290327,33.615084,325.517833,17.103804,0
2008-03-25,sz.000532,24.0000,25.1500,23.2000,24.9900,24.9000,26516615,644919315.4200,3,9.417868,1,0.361446,122.732341,33.736584,326.694404,17.165625,0
2008-03-26,sz.000532,24.9500,25.7000,23.9800,24.0800,24.9900,20994663,518589934.1700,3,7.456645,1,-3.641456,118.263096,32.508081,314.797969,16.540546,0
2008-03-27,sz.000532,23.0000,23.0000,21.6700,21.6700,24.0800,28225348,618170926.4800,3,10.024757,1,-10.008310,106.426964,29.254573,283.292026,14.885118,0
2008-03-28,sz.000532,19.9000,21.6500,19.5000,20.6600,21.6700,34938036,705564424.0800,3,12.408893,1,-4.660822,101.466593,27.891069,270.088291,14.191349,0
2008-03-31,sz.000532,19.2800,19.4900,18.5900,18.5900,20.6600,24788384,465742034.1600,3,8.804055,1,-10.019360,91.300289,25.096562,243.027170,12.769466,0
2008-04-01,sz.000532,19.0600,19.3800,16.7300,16.8800,18.5900,30203095,537716980.3900,3,10.727190,1,-9.198499,82.902037,22.788057,220.672330,11.594868,0
2008-04-02,sz.000532,17.0000,17.2900,15.1900,15.1900,16.8800,26949348,426538255.4900,3,9.571562,1,-10.011850,74.602011,20.506551,198.578951,10.434007,0
2008-04-03,sz.000532,14.3100,16.3200,13.8300,15.7000,15.1900,34153933,516114913.6400,3,12.130404,1,3.357474,77.106753,21.195053,205.246184,10.784326,0
2008-04-07,sz.000532,14.9100,16.7600,14.7500,16.3800,15.7000,34661136,551748571.1100,3,12.310546,1,4.331206,80.446408,22.113055,214.135828,11.251418,0
2008-04-08,sz.000532,16.1000,17.8800,15.8000,16.8000,16.3800,32328679,546677454.2100,3,11.482131,1,2.564103,120.572169,26.815013,542.809673,10.842067,0
2008-04-09,sz.000532,16.6100,17.3700,15.1200,15.1200,16.8000,31153713,509102828.9100,3,11.064820,1,-9.999996,108.514952,24.133511,488.528706,9.757861,0
2008-04-10,sz.000532,14.6000,16.1000,14.6000,16.1000,15.1200,29264072,457118977.2000,3,10.393679,1,6.481485,115.548328,25.697720,520.192603,10.390315,0
2008-04-11,sz.000532,16.1700,16.3600,15.6100,15.9200,16.1000,20384590,326309764.2500,3,7.239966,1,-1.118014,114.256484,25.410417,514.376785,10.274150,0
2008-04-14,sz.000532,15.0000,15.3900,14.3300,14.3300,15.9200,20987134,306850413.6500,3,7.453971,1,-9.987438,102.845189,22.872567,463.003727,9.248025,0
2008-04-15,sz.000532,14.6200,15.7600,14.4300,15.7600,14.3300,30491781,463544071.2700,3,10.829723,1,9.979067,113.108177,25.155036,509.207169,10.170892,0
2008-04-16,sz.000532,15.7600,15.9600,14.5100,14.7300,15.7600,21234633,323153947.2600,3,7.541874,1,-6.535538,105.715955,23.511020,475.927767,9.506170,0
2008-04-17,sz.000532,14.8100,15.2600,13.9000,14.5300,14.7300,14298238,208628420.6900,3,5.078285,1,-1.357772,104.280572,23.191794,469.465747,9.377098,0
2008-04-18,sz.000532,14.0000,14.1800,13.0800,13.0800,14.5300,15917930,213224984.9400,3,5.653549,1,-9.979352,93.874046,20.877403,422.616103,8.441324,0
2008-04-21,sz.000532,14.2000,14.2000,12.0000,12.1600,13.0800,20518332,268452577.8000,3,7.287467,1,-7.033639,87.271284,19.408962,392.890811,7.847592,0
2008-04-22,sz.000532,11.5600,11.7500,10.9400,11.4500,12.1600,18574083,209163086.3500,3,6.596931,1,-5.838816,82.175675,18.275708,369.950640,7.389385,0
2008-04-23,sz.000532,10.3200,11.9200,10.3100,11.6500,11.4500,40665070,447022177.0400,3,14.442955,1,1.746723,83.611057,18.594934,376.412660,7.518457,0
2008-04-24,sz.000532,12.5000,12.8200,12.1000,12.8200,11.6500,45736624,573376000.2000,3,16.244212,1,10.042920,92.008048,20.462408,414.215477,8.273530,0
2008-04-25,sz.000532,12.6500,13.9400,12.4000,13.0000,12.8200,34408049,454294584.9300,3,12.220658,1,1.404059,93.299892,20.749712,420.031295,8.389695,0
2008-04-28,sz.000532,12.6000,13.8200,12.4700,13.4500,13.0000,25458812,339226985.8500,3,9.042170,1,3.461537,180.504351,24.082857,-985.765094,8.825028,0
2008-04-29,sz.000532,13.5500,14.2900,13.5000,13.8600,13.4500,28188699,393033249.2900,3,10.011740,1,3.048326,186.006715,24.816981,-1015.814439,9.094043,0
2008-04-30,sz.000532,14.0000,14.4500,13.5200,14.2900,13.8600,27140840,381152094.0900,3,9.639574,1,3.102455,191.777486,25.586916,-1047.329606,9.376182,0
2008-05-05,sz.000532,14.3000,14.9000,13.6300,14.5800,14.2900,25076940,360559818.0300,3,8.906541,1,2.029391,195.669401,26.106175,-1068.584020,9.566461,0
2008-05-06,sz.000532,14.4100,16.0400,14.0400,16.0400,14.5800,49624801,769120680.2800,3,17.625170,1,10.013720,215.263182,28.720374,-1175.589005,10.524419,0
2008-05-07,sz.000532,15.7000,16.6800,15.1000,15.1300,16.0400,45506942,729746777.0500,3,16.162636,1,-5.673321,203.050620,27.090976,-1108.894117,9.927336,0
2008-05-08,sz.000532,14.8600,15.6100,14.8000,15.2000,15.1300,23614679,359920451.8600,3,8.387192,1,0.462655,203.990048,27.216314,-1114.024493,9.973265,0
2008-05-09,sz.000532,15.5000,15.8500,14.4200,15.4200,15.2000,22481669,343816423.6400,3,7.984782,1,1.447370,206.942535,27.610235,-1130.148532,10.117615,0
2008-05-12,sz.000532,15.0200,16.7400,14.8500,16.3800,15.4200,27937281,444529424.9300,3,9.922444,1,6.225675,219.826117,29.329160,-1200.507974,10.747506,0
2008-05-13,sz.000532,15.8000,16.7800,15.6100,15.8400,16.3800,27835060,449789073.6700,3,9.886139,1,-3.296698,212.579102,28.362264,-1160.930788,10.393192,0
2008-05-14,sz.000532,15.8400,16.9000,15.7300,16.4500,15.8400,23180088,379911620.6700,3,8.232839,1,3.851014,220.765545,29.454498,-1205.638350,10.793435,0
2008-05-15,sz.000532,16.4300,17.2900,16.1500,16.8100,16.4500,28149377,471672836.9600,3,9.997774,1,2.188442,225.596888,30.099095,-1232.023140,11.029644,0
2008-05-16,sz.000532,17.4800,17.9700,16.3000,16.6000,16.8100,31008714,531816042.9800,3,11.013321,1,-1.249251,222.778605,29.723080,-1216.632012,10.891856,0
2008-05-19,sz.000532,16.6000,16.6000,16.6000,16.6000,16.6000,0,0.0000,3,,0,0.000000,222.778605,29.723080,-1216.632012,10.891856,0
2008-05-20,sz.000532,15.9000,16.2900,14.9400,15.0800,16.6000,30413702,469681055.2900,3,10.801991,1,-9.156629,202.379600,27.001449,-1105.229563,9.894529,0
2008-05-21,sz.000532,14.6000,15.8000,13.8800,15.3500,15.0800,21368535,312596979.3000,3,7.589432,1,1.790454,206.003107,27.484896,-1125.018156,10.071686,0
2008-05-22,sz.000532,14.9000,15.8400,14.8000,15.1900,15.3500,19245511,295731407.1600,3,6.835401,1,-1.042351,203.855844,27.198409,-1113.291582,9.966704,0
2008-05-23,sz.000532,15.1500,15.6500,14.2000,15.1500,15.1900,15559321,232970389.0500,3,5.526182,1,-0.263331,203.319028,27.126787,-1110.359939,9.940458,0
2008-05-26,sz.000532,14.8000,14.9300,13.6400,13.6400,15.1500,17606427,249847050.0900,3,6.253250,1,-9.966991,183.054227,24.423061,-999.690401,8.949693,0
2008-05-27,sz.000532,13.3000,13.6600,12.9000,13.1500,13.6400,12378087,163538487.1900,3,4.396308,1,-3.592381,176.478232,23.545693,-963.777769,8.628187,0
2008-05-28,sz.000532,13.1700,14.4600,13.1000,14.1100,13.1500,18295935,254575901.5200,3,6.498141,1,7.300381,189.361814,25.264618,-1034.137211,9.258077,0
2008-05-29,sz.000532,14.1000,14.2500,13.5000,13.5000,14.1100,13450732,187360719.3700,3,4.777277,1,-4.323173,181.175371,24.172384,-989.429649,8.857834,0
2008-05-30,sz.000532,13.4000,14.2000,13.3000,13.8700,13.5000,10810276,149515788.8800,3,3.839470,1,2.740740,186.140918,24.834887,-1016.547350,9.100605,0
2008-06-02,sz.000532,13.6400,14.1000,13.4200,13.8000,13.8700,8807445,121538169.6500,3,3.128128,1,-0.504684,185.201491,24.709548,-1011.416974,9.054675,0
2008-06-03,sz.000532,13.7000,14.3500,13.6500,14.0800,13.8000,11339691,159777008.8000,3,4.027502,1,2.028983,188.959202,25.210902,-1031.938478,9.238393,0
2008-06-04,sz.000532,14.1200,14.1300,13.3100,13.5600,14.0800,8473169,115498188.0700,3,3.009403,1,-3.693178,181.980595,24.279817,-993.827114,8.897202,0
2008-06-05,sz.000532,13.5800,13.9100,13.4800,13.5400,13.5600,6445251,88245209.1300,3,2.289151,1,-0.147496,181.712187,24.244006,-992.361292,8.884080,0
2008-06-06,sz.000532,13.5400,13.7400,13.2600,13.3300,13.5400,4812615,64735799.5700,3,1.709290,1,-1.550960,178.893904,23.867991,-976.970164,8.746291,0
2008-06-10,sz.000532,12.2000,12.6500,12.0000,12.0000,13.3300,7353476,89326978.4700,3,2.611724,1,-9.977494,161.044774,21.486564,-879.493021,7.873630,0
2008-06-11,sz.000532,11.5200,11.7500,10.9500,11.1000,12.0000,9962007,112124068.7100,3,3.538192,1,-7.499997,148.966416,19.875072,-813.531044,7.283108,0
2008-06-12,sz.000532,11.2400,11.6800,10.8200,11.2800,11.1000,10517357,118770173.3100,3,3.735435,1,1.621616,151.382088,20.197370,-826.723440,7.401213,0
2008-06-13,sz.000532,11.2900,11.3900,10.1500,10.1700,11.2800,10509885,111632684.1000,3,3.732781,1,-9.840423,136.485446,18.209863,-745.370335,6.672902,0
2008-06-16,sz.000532,10.0700,10.6400,9.4300,10.3600,10.1700,13706869,138683315.4500,3,4.868249,1,1.868236,139.035322,18.550067,-759.295641,6.797568,0
2008-06-17,sz.000532,10.2500,10.5000,9.3900,9.4600,10.3600,9558573,95355899.9100,3,3.394905,1,-8.687256,126.956964,16.938575,-693.333665,6.207045,0
2008-06-18,sz.000532,9.5000,10.2500,9.4300,10.1600,9.4600,17631260,175389231.4100,3,6.262070,1,7.399575,136.351242,18.191957,-744.637424,6.666340,0
2008-06-19,sz.000532,10.0800,10.4000,9.1400,9.1400,10.1600,15344316,150226780.6400,3,5.449819,1,-10.039370,122.662437,16.365599,-669.880518,5.997082,0
2008-06-20,sz.000532,9.0200,9.7800,8.2700,8.9900,9.1400,15327105,140157239.0100,3,5.443706,1,-1.641144,120.649377,16.097017,-658.886855,5.898662,0
2008-06-23,sz.000532,8.8000,9.0400,8.3100,8.4600,8.9900,9381631,81374621.3400,3,3.332061,1,-5.895437,113.536566,15.148028,-620.042580,5.550909,0
2008-06-24,sz.000532,8.4000,8.9800,8.3600,8.8900,8.4600,11069503,96138370.4400,3,3.931540,1,5.082746,119.307337,15.917963,-651.557746,5.833048,0
2008-06-25,sz.000532,8.8000,9.5600,8.7300,9.4800,8.8900,14274929,132408307.4600,3,5.070006,1,6.636662,127.225372,16.974385,-694.799487,6.220168,0
2008-06-26,sz.000532,9.4000,10.2800,9.2000,9.9700,9.4800,19787765,194372505.8800,3,7.027992,1,5.168785,133.801367,17.851753,-730.712118,6.541675,0
2008-06-27,sz.000532,9.6000,9.8400,8.9700,9.0800,9.9700,17600625,164499652.0400,3,6.251189,1,-8.926784,121.857213,16.258167,-665.483053,5.957714,0
2008-06-30,sz.000532,8.9000,9.3100,8.7800,9.1500,9.0800,8442475,76529903.0100,3,2.998498,1,0.770922,122.796641,16.383505,-670.613428,6.003643,0
2008-07-01,sz.000532,9.2000,9.2500,8.7200,8.8100,9.1500,6666994,59327648.8100,3,2.367904,1,-3.715838,118.233705,15.774719,-645.694460,5.780557,0
2008-07-02,sz.000532,8.9000,9.3800,8.8100,9.0700,8.8100,7884798,71607932.9000,3,2.800429,1,2.951184,121.723009,16.240261,-664.750142,5.951152,0
2008-07-03,sz.000532,8.8000,9.6600,8.7000,9.3600,9.0700,22842799,211880886.0800,3,8.113033,1,3.197354,125.614924,16.759520,-686.004556,6.141432,0
2008-07-04,sz.000532,9.3000,9.8000,9.2100,9.4300,9.3600,17694247,168150759.9300,3,6.284432,1,0.747870,126.554352,16.884858,-691.134932,6.187361,0
2008-07-07,sz.000532,9.5000,10.3700,9.4100,10.3700,9.4300,33783373,344240138.9300,3,11.998776,1,9.968182,139.169526,18.567972,-760.028552,6.804129,0
2008-07-08,sz.000532,10.3900,10.7500,10.1800,10.7000,10.3700,29858704,313091380.3800,3,10.604859,1,3.182256,143.598257,19.158853,-784.214610,7.020654,0
2008-07-09,sz.000532,10.7700,11.2200,10.5500,10.9000,10.7000,24532139,267306572.2300,3,8.713033,1,1.869157,146.282337,19.516962,-798.872827,7.151881,0
2008-07-10,sz.000532,10.6000,10.8700,10.0000,10.0600,10.9000,22367717,234680648.9300,3,7.944299,1,-7.706415,135.009203,18.012903,-737.308316,6.600727,0
2008-07-11,sz.000532,10.2500,10.9000,10.2500,10.4800,10.0600,22952688,243148374.6500,3,8.152062,1,4.174942,140.645770,18.764932,-768.090572,6.876304,0
2008-07-14,sz.000532,10.2700,10.8900,10.1800,10.7800,10.4800,17828138,189442922.2400,3,6.331986,1,2.862597,144.671889,19.302097,-790.077897,7.073145,0
2008-07-15,sz.000532,10.7500,10.7700,10.0000,10.1600,10.7800,15267823,158176478.1400,3,5.422644,1,-5.751390,136.351242,18.191957,-744.637424,6.666340,0
2008-07-16,sz.000532,9.9300,10.1300,9.1400,9.2600,10.1600,14418418,137013163.4000,3,5.120962,1,-8.858264,124.272884,16.580465,-678.675448,6.075818,0
2008-07-17,sz.000532,9.4400,9.5500,8.7100,8.8000,9.2600,10626890,96940946.4400,3,3.774332,1,-4.967603,118.099501,15.756814,-644.961549,5.773996,0
2008-07-18,sz.000532,8.9100,9.2900,8.5200,9.2700,8.8000,8987159,79981253.7400,3,3.191952,1,5.340912,124.407088,16.598371,-679.408359,6.082380,0
2008-07-21,sz.000532,9.1500,9.9900,9.0200,9.7000,9.2700,12213834,116095877.7600,3,4.337964,1,4.638612,130.177859,17.368306,-710.923525,6.364518,0
2008-07-22,sz.000532,9.6800,9.9700,9.5400,9.6000,9.7000,9778109,95218740.6600,3,3.472872,1,-1.030922,128.835820,17.189251,-703.594417,6.298904,0
2008-07-23,sz.000532,9.6600,9.8800,9.4800,9.5400,9.6000,7519516,72811951.1700,3,2.670692,1,-0.625004,128.030596,17.081818,-699.196952,6.259536,0
2008-07-24,sz.000532,9.6600,10.0500,9.6100,9.9200,9.5400,10191680,100363954.7100,3,3.619760,1,3.983230,133.130347,17.762226,-727.047564,6.508868,0
2008-07-25,sz.000532,9.7500,9.8900,9.6700,9.7100,9.9200,7801610,76161410.8200,3,2.770883,1,-2.116936,130.312063,17.386211,-711.656436,6.371079,0
2008-07-28,sz.000532,9.7400,10.6500,9.7300,10.2500,9.7100,15355764,156060720.2200,3,5.453877,1,5.561276,137.559078,18.353107,-751.233622,6.725393,0
2008-07-29,sz.000532,10.0600,10.8000,10.0500,10.6000,10.2500,23919718,249502284.4100,3,8.495521,1,3.414638,142.256217,18.979798,-776.885502,6.955040,0
2008-07-30,sz.000532,11.0600,11.2000,10.3000,10.4000,10.6000,21508681,232342763.6300,3,7.639197,1,-1.886800,139.572138,18.621689,-762.227285,6.823813,0
2008-07-31,sz.000532,10.4500,10.5000,9.4500,9.6000,10.4000,15134520,150044797.2300,3,5.375299,1,-7.692300,128.835820,17.189251,-703.594417,6.298904,0
2008-08-01,sz.000532,9.4900,10.1200,9.2700,9.8900,9.6000,11407227,110797213.1700,3,4.051483,1,3.020800,132.727735,17.708510,-724.848831,6.489184,0
2008-08-04,sz.000532,9.7500,9.9000,9.5100,9.5800,9.8900,5391490,52348044.8000,3,1.914885,1,-3.134500,128.567412,17.153440,-702.128595,6.285782,0
2008-08-05,sz.000532,9.5700,9.8600,9.5000,9.5700,9.5800,5424131,52297542.0700,3,1.926478,1,-0.104400,128.433208,17.135535,-701.395684,6.279220,0
2008-08-06,sz.000532,9.7100,9.9600,9.5100,9.8600,9.5700,7500592,73344320.3100,3,2.663971,1,3.030300,132.325123,17.654793,-722.650099,6.469500,0
2008-08-07,sz.000532,9.7500,10.1700,9.7500,10.1200,9.8600,8812639,87980281.8000,3,3.129968,1,2.636900,135.814426,18.120336,-741.705781,6.640095,0
2008-08-08,sz.000532,10.1000,10.1200,9.1100,9.1500,10.1200,14469818,135809534.2700,3,5.139218,1,-9.585000,122.796641,16.383505,-670.613428,6.003643,0
2008-08-11,sz.000532,9.2500,9.7000,8.4500,8.7000,9.1500,13962341,126343580.1800,3,4.958978,1,-4.918000,116.757461,15.577759,-637.632440,5.708382,0
2008-08-12,sz.000532,8.5000,9.0800,8.1100,8.2700,8.7000,12832400,109336049.4400,3,4.557659,1,-4.942500,110.986690,14.807824,-606.117274,5.426244,0
2008-08-13,sz.000532,8.2400,8.2400,7.4400,7.6000,8.2700,13434483,102291510.5100,3,4.692064,1,-8.101600,101.995024,13.608157,-557.012247,4.986633,0
2008-08-14,sz.000532,7.4000,8.0800,7.4000,7.8800,7.6000,15726529,123315174.1900,3,5.492573,1,3.684200,105.752735,14.109510,-577.533750,5.170351,0
2008-08-15,sz.000532,7.7100,7.9700,7.4100,7.6100,7.8800,11006238,84986839.9600,3,3.843986,1,-3.426400,102.129228,13.626063,-557.745157,4.993194,0
2008-08-18,sz.000532,7.6700,7.7700,6.8500,6.8500,7.6100,8200440,58586602.6600,3,2.864047,1,-9.986900,-472.724547,11.984497,-48.486535,4.275253,0
2008-08-19,sz.000532,6.5300,6.9000,6.4300,6.7000,6.8500,9833006,65494784.5600,3,3.434229,1,-2.189800,-462.372914,11.722063,-47.424786,4.181634,0
2008-08-20,sz.000532,6.6700,7.3700,6.4300,7.3200,6.7000,14669313,104146494.9800,3,5.123335,1,9.253700,-505.159662,12.806791,-51.813348,4.568591,0
2008-08-21,sz.000532,7.1000,7.5300,6.8500,7.0200,7.3200,15119016,108331933.9700,3,5.280396,1,-4.098400,-484.456397,12.281922,-49.689850,4.381354,0
2008-08-22,sz.000532,6.8500,7.2000,6.7100,6.9100,7.0200,8015814,55869381.0500,3,2.799565,1,-1.567000,-476.865200,12.089471,-48.911234,4.312700,0
2008-08-25,sz.000532,6.9000,7.2200,6.7200,6.9300,6.9100,7285198,51229305.5700,3,2.544394,1,0.289400,-478.245417,12.124462,-49.052801,4.325183,0
2008-08-26,sz.000532,6.8000,7.0800,6.2400,6.2400,6.9300,12251182,80051757.2200,3,4.278790,1,-9.956700,-430.627908,10.917264,-44.168756,3.894537,0
2008-08-27,sz.000532,6.1300,6.4000,5.7200,6.0700,6.2400,11009835,66291401.8400,3,3.845243,1,-2.724400,-418.896058,10.619839,-42.965440,3.788436,0
2008-08-28,sz.000532,6.0700,6.3000,5.9200,6.0200,6.0700,7979394,48770421.6500,3,2.786845,1,-0.823700,-415.445514,10.532361,-42.611524,3.757230,0
2008-08-29,sz.000532,6.0400,6.3700,5.9300,6.3200,6.0200,10693988,66079427.0900,3,3.734931,1,4.983400,-436.148779,11.057229,-44.735022,3.944467,0
2008-09-01,sz.000532,6.2300,6.2900,5.9100,6.0200,6.3200,7243859,44001534.3100,3,2.529956,1,-4.746800,-415.445514,10.532361,-42.611524,3.757230,0
2008-09-02,sz.000532,5.9000,6.1800,5.7300,6.0000,6.0200,6667219,39695993.7800,3,2.328561,1,-0.332200,-414.065296,10.497370,-42.469957,3.744747,0
2008-09-03,sz.000532,5.9300,6.6000,5.9300,6.6000,6.0000,16282557,103501332.2200,3,5.686769,1,10.000000,-455.471826,11.547106,-46.716953,4.119222,0
2008-09-04,sz.000532,6.7000,6.9700,6.5800,6.6400,6.6000,30994850,210290424.9100,3,10.825114,1,0.606100,-458.232261,11.617089,-47.000086,4.144187,0
2008-09-05,sz.000532,6.7400,7.0900,6.5900,6.6000,6.6400,24982598,170367959.9800,3,8.725303,1,-0.602400,-455.471826,11.547106,-46.716953,4.119222,0
2008-09-08,sz.000532,6.5100,6.5500,5.9400,5.9400,6.6000,16390899,100812973.8800,3,5.724608,1,-10.000000,-409.924643,10.392396,-42.045258,3.707300,0
2008-09-09,sz.000532,5.7400,5.8500,5.4600,5.6600,5.9400,13940783,78781248.0700,3,4.868892,1,-4.713800,-390.601596,9.902519,-40.063326,3.532545,0
2008-09-10,sz.000532,5.5100,5.9800,5.4100,5.7200,5.6600,10877290,62027061.7000,3,3.798951,1,1.060100,-394.742249,10.007492,-40.488026,3.569992,0
2008-09-11,sz.000532,5.6800,5.7500,5.4000,5.4400,5.7200,8628028,47731023.7300,3,3.013384,1,-4.895100,-375.419202,9.517615,-38.506095,3.395237,0
2008-09-12,sz.000532,5.4100,5.5900,5.3600,5.3800,5.4400,5286056,28935558.1800,3,1.846183,1,-1.102900,-371.278549,9.412641,-38.081395,3.357790,0
2008-09-16,sz.000532,5.4500,5.4500,4.9000,4.9100,5.3800,9459179,48583610.2700,3,3.303668,1,-8.736100,-338.843434,8.590347,-34.754582,3.064451,0
2008-09-17,sz.000532,4.8500,5.0400,4.7300,4.9700,4.9100,7799739,38190651.6900,3,2.724100,1,1.222000,-342.984087,8.695321,-35.179281,3.101899,0
2008-09-18,sz.000532,4.8200,5.4600,4.7600,5.2000,4.9700,18725009,96951326.0700,3,6.539808,1,4.627800,-358.856590,9.097720,-36.807296,3.245447,0
2008-09-19,sz.000532,5.5000,5.7200,5.4800,5.7200,5.2000,17480332,99248293.4600,3,6.105098,1,10.000000,-394.742249,10.007492,-40.488026,3.569992,0
2008-09-22,sz.000532,6.1100,6.2800,5.6200,6.0000,5.7200,24716933,147946851.1900,3,8.632519,1,4.895100,-414.065296,10.497370,-42.469957,3.744747,0
2008-09-23,sz.000532,5.6900,6.2000,5.4500,5.8200,6.0000,20669361,120304000.6500,3,7.218883,1,-3.000000,-401.643338,10.182448,-41.195859,3.632405,0
2008-09-24,sz.000532,5.7000,6.0800,5.5400,6.0500,5.8200,16248854,95843533.6400,3,5.674998,1,3.951900,-417.515841,10.584848,-42.823874,3.775953,0
2008-09-25,sz.000532,6.1500,6.5800,5.9600,6.3500,6.0500,26400718,165646037.6000,3,9.220589,1,4.958700,-438.219105,11.109716,-44.947372,3.963191,0
2008-09-26,sz.000532,6.3000,6.3500,6.0000,6.0900,6.3500,16851018,103651294.0200,3,5.885306,1,-4.094500,-420.276276,10.654830,-43.107007,3.800918,0
2008-10-06,sz.000532,5.9000,6.0400,5.7500,5.9200,6.0900,10846964,63777009.6400,3,3.788359,1,-2.791500,-408.544426,10.357405,-41.903691,3.694817,0
2008-10-07,sz.000532,5.6500,6.1800,5.6300,6.1500,5.9200,11020340,65497700.9300,3,3.848912,1,3.885100,-424.416929,10.759804,-43.531706,3.838366,0
2008-10-08,sz.000532,5.9800,6.1100,5.7500,6.0500,6.1500,10419742,62182505.4700,3,3.639150,1,-1.626000,-417.515841,10.584848,-42.823874,3.775953,0
2008-10-09,sz.000532,6.1500,6.4000,6.0400,6.1700,6.0500,21248356,132260772.4100,3,7.421100,1,1.983500,-425.797147,10.794795,-43.673273,3.850848,0
2008-10-10,sz.000532,5.8500,5.9500,5.5500,5.5500,6.1700,10569114,59792660.9900,3,3.691319,1,-10.048600,-383.010399,9.710067,-39.284711,3.463891,0
2008-10-13,sz.000532,5.2200,5.5100,5.0000,5.5100,5.5500,11444284,59350108.7700,3,3.996976,1,-0.720700,-380.249964,9.640084,-39.001578,3.438926,0
2008-10-14,sz.000532,5.6600,5.7000,5.0500,5.0500,5.5100,11952602,64591224.4300,3,4.174509,1,-8.348500,-348.504958,8.835286,-35.745547,3.151829,0
2008-10-15,sz.000532,5.0500,5.2800,4.8400,5.0700,5.0500,14007033,71011371.6700,3,4.476307,1,0.396000,-349.885175,8.870277,-35.887114,3.164311,0
2008-10-16,sz.000532,4.8000,5.2500,4.7800,4.9600,5.0700,19733289,99699252.5300,3,6.306278,1,-2.169600,-342.293978,8.677825,-35.108498,3.095658,0
2008-10-17,sz.000532,5.0000,5.1300,4.8000,4.8900,4.9600,10897148,53988541.2400,3,3.482463,1,-1.411300,-337.463217,8.555356,-34.613015,3.051969,0
2008-10-20,sz.000532,4.8500,5.0300,4.4400,4.9900,4.8900,13305717,63326769.9600,3,4.252183,1,2.045000,-344.364305,8.730312,-35.320848,3.114381,0
2008-10-21,sz.000532,4.9000,5.0500,4.7800,4.7900,4.9900,9935023,48744804.7700,3,3.174991,1,-4.008000,-330.562128,8.380400,-33.905183,2.989556,0
2008-10-22,sz.000532,4.5900,4.9200,4.5900,4.6100,4.7900,6082700,28905534.7800,3,1.943883,1,-3.757800,-318.140169,8.065479,-32.631084,2.877214,0
2008-10-23,sz.000532,4.5000,4.7000,4.4100,4.6700,4.6100,5871468,26826889.0100,3,1.876378,1,1.301500,-81.651922,11.429756,-66.344219,2.960429,0
2008-10-24,sz.000532,4.6400,4.7200,4.4200,4.4700,4.6700,5527883,25277995.7400,3,1.766577,1,-4.282700,-78.155052,10.940259,-63.502924,2.833644,0
2008-10-27,sz.000532,4.3400,4.3700,4.0200,4.0200,4.4700,6827206,28176483.2600,3,2.181809,1,-10.067100,-70.287094,9.838890,-57.110013,2.548378,0
2008-10-28,sz.000532,3.8000,4.2000,3.8000,4.1000,4.0200,9669052,38932844.6300,3,3.089993,1,1.990000,-71.685842,10.034689,-58.246530,2.599092,0
2008-10-29,sz.000532,4.1500,4.1800,3.6900,3.6900,4.1000,8825480,34518929.9400,3,2.820408,1,-10.000000,-64.517258,9.031220,-52.421877,2.339183,0
2008-10-30,sz.000532,3.6900,3.8000,3.5900,3.6500,3.6900,7519398,27850427.4000,3,2.403016,1,-1.084000,-63.817884,8.933321,-51.853618,2.313826,0
2008-10-31,sz.000532,3.6600,3.7800,3.5400,3.5600,3.6500,5183181,18995958.9400,3,1.656418,1,-2.465800,-62.244292,8.713047,-50.575036,2.256772,0
2008-11-03,sz.000532,3.5100,3.5300,3.3000,3.4000,3.5600,6073582,20876881.6700,3,1.940969,1,-4.494400,-59.446796,8.321450,-48.302001,2.155344,0
2008-11-04,sz.000532,3.4100,3.4300,3.1600,3.3400,3.4000,7993951,26427156.9700,3,2.554672,1,-1.764700,-58.397735,8.174601,-47.449612,2.117309,0
2008-11-05,sz.000532,3.3400,3.4800,3.3200,3.3800,3.3400,7693403,26200971.5800,3,2.458624,1,1.197600,-59.097109,8.272500,-48.017871,2.142666,0
2008-11-06,sz.000532,3.2700,3.4400,3.1600,3.4100,3.3800,7885785,25906547.3600,3,2.520105,1,0.887600,-59.621639,8.345924,-48.444065,2.161684,0
2008-11-07,sz.000532,3.3000,3.5400,3.2700,3.5300,3.4100,10548123,36434412.0500,3,3.370923,1,3.519100,-61.719761,8.639623,-50.148842,2.237755,0
2008-11-10,sz.000532,3.7000,3.8800,3.6200,3.8800,3.5300,17936325,67642353.4600,3,5.732013,1,9.915000,-67.839284,9.496242,-55.121107,2.459628,0
2008-11-11,sz.000532,3.8300,3.9500,3.7200,3.7500,3.8800,12789144,48881487.7800,3,4.087099,1,-3.350500,-65.566319,9.178069,-53.274266,2.377218,0
2008-11-12,sz.000532,3.7400,3.8600,3.7000,3.8500,3.7500,8119363,30931060.2300,3,2.594751,1,2.666700,-67.314754,9.422818,-54.694913,2.440611,0
2008-11-13,sz.000532,3.7600,4.1100,3.7400,4.0300,3.8500,15460432,61255716.6200,3,4.940777,1,4.675300,-70.461937,9.863365,-57.252077,2.554717,0
2008-11-14,sz.000532,4.0400,4.2800,4.0000,4.2700,4.0300,16701446,69528205.9000,3,5.337375,1,5.955300,-74.658182,10.450762,-60.661630,2.706859,0
2008-11-17,sz.000532,4.2500,4.7000,4.1800,4.7000,4.2700,17655226,78675257.8500,3,5.642180,1,10.070300,-82.176453,11.503180,-66.770413,2.979447,0
2008-11-18,sz.000532,4.8200,5.1500,4.6300,4.6500,4.7000,40253451,196478590.0000,3,12.864022,1,-1.063800,-81.302235,11.380806,-66.060089,2.947750,0
2008-11-19,sz.000532,4.6800,5.0400,4.6100,4.9900,4.6500,22976192,111469719.0200,3,7.342631,1,7.311800,-87.246915,12.212951,-70.890289,3.163285,0
2008-11-20,sz.000532,4.8500,5.1500,4.8000,4.9800,4.9900,19879112,98323432.2600,3,6.352880,1,-0.200400,-87.072071,12.188476,-70.748225,3.156946,0
2008-11-21,sz.000532,4.8000,4.9100,4.4800,4.6700,4.9800,16464488,77175156.5500,3,5.261649,1,-6.224900,-81.651922,11.429756,-66.344219,2.960429,0
2008-11-24,sz.000532,4.6200,4.7800,4.2100,4.2300,4.6700,9926752,44513603.7100,3,3.172348,1,-9.421800,-73.958808,10.352862,-60.093371,2.681502,0
2008-11-25,sz.000532,4.3700,4.3900,4.0400,4.1600,4.2300,8551772,36035372.2200,3,2.732938,1,-1.654800,-72.734903,10.181538,-59.098919,2.637127,0
2008-11-26,sz.000532,4.1000,4.3800,4.1000,4.2800,4.1600,6266887,26735708.9000,3,2.002744,1,2.884600,-74.833025,10.475237,-60.803695,2.713198,0
2008-11-27,sz.000532,4.5600,4.6300,4.2700,4.2700,4.2800,13414034,59483110.2100,3,4.286799,1,-0.233600,-74.658182,10.450762,-60.661630,2.706859,0
2008-11-28,sz.000532,4.2000,4.4900,4.1800,4.3500,4.2700,10069744,43997534.2500,3,3.218045,1,1.873500,-76.056930,10.646561,-61.798148,2.757573,0
2008-12-01,sz.000532,4.4000,4.7900,4.3500,4.7900,4.3500,19170037,89140055.4300,3,6.126277,1,10.114900,-83.750045,11.723454,-68.048995,3.036500,0
2008-12-02,sz.000532,4.9000,5.2700,4.8000,5.2700,4.7900,40598331,211020973.7800,3,12.974238,1,10.020900,-92.142533,12.898247,-74.868101,3.340784,0
2008-12-03,sz.000532,5.2900,5.6400,5.1000,5.4000,5.2700,44219946,235931890.4100,3,14.131618,1,2.466800,-94.415499,13.216420,-76.714942,3.423194,0
2008-12-04,sz.000532,5.4000,5.7500,5.2500,5.4500,5.4000,32326384,179492583.2100,3,10.330725,1,0.925900,-95.289717,13.338794,-77.425266,3.454890,0
2008-12-05,sz.000532,5.3900,5.7100,5.3100,5.6300,5.4500,23690951,131913933.1900,3,7.571051,1,3.302800,-98.436900,13.779342,-79.982431,3.568997,0
2008-12-08,sz.000532,5.6800,6.1900,5.5700,6.1900,5.6300,33631694,197313392.1200,3,10.747870,1,9.946700,-108.228137,15.149933,-87.938054,3.923995,0
2008-12-09,sz.000532,6.2500,6.6000,5.8900,6.4300,6.1900,41220944,255024785.3900,3,13.173210,1,3.877200,-112.424381,15.737330,-91.347607,4.076137,0
2008-12-10,sz.000532,6.2100,6.5000,6.1600,6.3500,6.4300,29889662,189884345.8600,3,9.552008,1,-1.244200,-111.025633,15.541531,-90.211090,4.025423,0
2008-12-11,sz.000532,6.3600,6.5000,5.8500,5.9500,6.3500,23604669,147758216.0600,3,7.543477,1,-6.299200,-104.031892,14.562537,-84.528501,3.771853,0
2008-12-12,sz.000532,5.8900,5.9500,5.3600,5.4400,5.9500,24035402,133808448.3200,3,7.681129,1,-8.571400,-95.114873,13.314319,-77.283201,3.448551,0
2008-12-15,sz.000532,5.9800,5.9800,5.8200,5.9800,5.4400,30973107,184888513.1100,3,9.898251,1,9.926500,-104.556423,14.635961,-84.954695,3.790870,0
2008-12-16,sz.000532,5.9000,6.0800,5.5600,5.9400,5.9800,29529865,173456678.7300,3,9.437026,1,-0.668900,-103.857049,14.538062,-84.386437,3.765513,0
2008-12-17,sz.000532,5.9400,6.1000,5.8300,5.9600,5.9400,19365789,116227220.5200,3,6.188834,1,0.336700,-104.206736,14.587012,-84.670566,3.778192,0
2008-12-18,sz.000532,5.9000,6.3200,5.8800,6.2100,5.9600,21492263,131972363.5000,3,6.868404,1,4.194600,-108.577824,15.198883,-88.222184,3.936673,0
2008-12-19,sz.000532,6.2000,6.3800,6.1100,6.1400,6.2100,18684975,116122970.4700,3,5.971263,1,-1.127200,-107.353919,15.027559,-87.227731,3.892298,0
2008-12-22,sz.000532,6.0700,6.1400,5.8200,5.9500,6.1400,13302915,79184354.8400,3,4.251288,1,-3.094500,-104.031892,14.562537,-84.528501,3.771853,0
2008-12-23,sz.000532,5.9700,6.1800,5.6900,5.7800,5.9500,18085441,107615850.8400,3,5.779666,1,-2.857100,-101.059553,14.146464,-82.113401,3.664085,0
2008-12-24,sz.000532,5.6100,5.7500,5.2600,5.3600,5.7800,13545362,74319039.1400,3,4.328768,1,-7.266400,-93.716125,13.118521,-76.146684,3.397837,0
2008-12-25,sz.000532,5.3600,5.6800,5.1700,5.6600,5.3600,14294502,77415900.6900,3,4.568175,1,5.597000,-98.961430,13.852766,-80.408625,3.588015,0
2008-12-26,sz.000532,5.5000,5.6600,5.3700,5.3900,5.6600,9420519,52007357.4400,3,3.010568,1,-4.770300,-94.240656,13.191945,-76.572878,3.416855,0
2008-12-29,sz.000532,5.9200,5.9200,5.5500,5.5800,5.3900,15729396,89833757.0100,3,5.026732,1,3.525000,-97.562682,13.656967,-79.272107,3.537301,0
2008-12-30,sz.000532,5.5600,6.1400,5.5100,6.1400,5.5800,42346100,256823385.6400,3,13.532782,1,10.035800,-107.353919,15.027559,-87.227731,3.892298,0
2008-12-31,sz.000532,6.0500,6.1000,5.7500,5.7800,6.1400,27066878,160063081.8800,3,8.649915,1,-5.863200,-101.059553,14.146464,-82.113401,3.664085,0
2009-01-05,sz.000532,5.8600,6.1000,5.7900,6.0700,5.7800,15729956,93706044.9700,3,5.026911,1,5.017300,-106.130015,14.856235,-86.233278,3.847924,0
2009-01-06,sz.000532,6.0100,6.3500,5.9700,6.2800,6.0700,22093536,136805388.2000,3,7.060556,1,3.459600,-109.801729,15.370207,-89.216637,3.981048,0
2009-01-07,sz.000532,6.2800,6.5700,6.1800,6.3300,6.2800,24522030,156876479.2900,3,7.836643,1,0.796200,-110.675946,15.492581,-89.926960,4.012744,0
2009-01-08,sz.000532,6.2000,6.4400,6.0000,6.0200,6.3300,20491617,126980918.9900,3,6.548622,1,-4.897300,-105.255797,14.733861,-85.522954,3.816227,0
2009-01-09,sz.000532,5.9700,6.2700,5.9600,6.2000,6.0200,12695259,78356917.3300,3,4.057096,1,2.990000,-108.402980,15.174408,-88.080119,3.930334,0
2009-01-12,sz.000532,6.2100,6.6300,6.2100,6.3800,6.2000,19214214,123237148.2400,3,6.140395,1,2.903200,-111.550164,15.614955,-90.637284,4.044440,0
2009-01-13,sz.000532,6.3000,6.8200,6.1500,6.6400,6.3800,28377891,184424231.4700,3,9.068883,1,4.075200,-116.096095,16.251302,-94.330966,4.209261,0
2009-01-14,sz.000532,6.6900,7.0000,6.5600,6.8900,6.6400,28802972,196231854.3800,3,9.204728,1,3.765100,-120.467183,16.863173,-97.882584,4.367742,0
2009-01-15,sz.000532,6.9500,7.2800,6.8500,6.8600,6.8900,26767985,189912142.0700,3,8.554396,1,-0.435400,-119.942652,16.789748,-97.456390,4.348724,0
2009-01-16,sz.000532,6.8800,7.3900,6.8800,7.1200,6.8600,25295779,180949506.5100,3,8.083915,1,3.790100,-124.488584,17.426094,-101.150072,4.513545,0
2009-01-19,sz.000532,7.2000,7.3400,6.9700,7.2200,7.1200,15470344,109868306.9000,3,4.943945,1,1.404500,-126.237019,17.670843,-102.570719,4.576937,0
2009-01-20,sz.000532,7.1600,7.1600,6.9700,7.0900,7.2200,8812510,62187879.3800,3,2.816264,1,-1.800600,-123.964053,17.352670,-100.723878,4.494527,0
2009-01-21,sz.000532,6.9500,7.0500,6.8000,6.8300,7.0900,13378467,92456149.9000,3,4.275432,1,-3.667100,-119.418122,16.716324,-97.030196,4.329707,0
2009-01-22,sz.000532,6.8900,7.1000,6.8500,6.9600,6.8300,11070074,77558515.0000,3,3.537726,1,1.903400,-121.691088,17.034497,-98.877037,4.412117,0
2009-01-23,sz.000532,7.0100,7.2900,7.0100,7.1400,6.9600,13700081,98383963.5100,3,4.378212,1,2.586204,-124.838271,17.475044,-101.434202,4.526223,0
2009-02-02,sz.000532,7.2600,7.8000,7.1300,7.7300,7.1400,17278659,129451259.0400,3,5.521839,1,8.263300,-135.154038,18.919060,-109.816019,4.900239,0
2009-02-03,sz.000532,7.6700,7.8500,7.6000,7.7500,7.7300,15041623,116189165.4900,3,4.806936,1,0.258700,-135.503725,18.968010,-110.100149,4.912917,0
2009-02-04,sz.000532,7.7900,8.1000,7.6800,8.0400,7.7500,18729714,146985613.2400,3,5.985560,1,3.741900,-140.574187,19.677781,-114.220025,5.096756,0
2009-02-05,sz.000532,7.9800,8.0500,7.6500,7.7200,8.0400,15841937,124889051.5500,3,5.062697,1,-3.980100,-134.979195,18.894586,-109.673955,4.893900,0
2009-02-06,sz.000532,7.7200,8.1500,7.7200,8.1200,7.7200,18291749,146624759.6700,3,5.845597,1,5.181300,-141.972936,19.873580,-115.356543,5.147470,0
2009-02-09,sz.000532,8.4500,8.4800,8.0800,8.2000,8.1200,20086796,166025201.2100,3,6.419251,1,0.985200,-143.371684,20.069378,-116.493061,5.198184,0
2009-02-10,sz.000532,8.1000,8.3400,7.8800,8.2900,8.2000,18855963,152124092.2900,3,6.025906,1,1.097600,-144.945275,20.289652,-117.771643,5.255237,0
2009-02-11,sz.000532,8.1200,8.7500,8.0400,8.2300,8.2900,21053071,175751725.9300,3,6.728049,1,-0.723800,-143.896214,20.142803,-116.919255,5.217201,0
2009-02-12,sz.000532,8.3500,8.9000,8.3500,8.7300,8.2300,26097193,225383834.9100,3,8.340027,1,6.075300,-152.638390,21.366546,-124.022490,5.534164,0
2009-02-13,sz.000532,8.8200,9.3000,8.6400,9.2200,8.7300,21110511,190728607.2400,3,6.746405,1,5.612800,-161.205722,22.565813,-130.983661,5.844787,0
2009-02-16,sz.000532,9.2200,9.4100,8.8400,9.3000,9.2200,22160479,201647981.3400,3,7.081949,1,0.867700,-162.604471,22.761612,-132.120178,5.895501,0
2009-02-17,sz.000532,9.3300,10.0500,8.8200,9.6200,9.3000,33147683,312928434.7600,3,10.593192,1,3.440900,-168.199463,23.544807,-136.666249,6.098357,0
2009-02-18,sz.000532,9.3000,9.8900,8.9000,9.1600,9.6200,25134643,238775119.8500,3,8.032420,1,-4.781700,-160.156661,22.418964,-130.131273,5.806751,0
2009-02-19,sz.000532,9.3500,9.4800,8.8600,9.2800,9.1600,21474114,196685092.1000,3,6.862604,1,1.310000,-162.254784,22.712662,-131.836049,5.882822,0
2009-02-20,sz.000532,9.1900,9.5800,9.1100,9.4500,9.2800,14508389,135913647.5100,3,4.636528,1,1.831900,-165.227123,23.128735,-134.251149,5.990590,0
2009-02-23,sz.000532,9.3900,10.0000,9.2500,9.9000,9.4500,16620444,161897727.4600,3,5.311489,1,4.761900,-173.095082,24.230103,-140.644061,6.275856,0
2009-02-24,sz.000532,9.7400,10.0600,9.2500,9.2500,9.9000,20513402,198101988.9000,3,6.555584,1,-6.565700,-161.730253,22.639238,-131.409855,5.863805,0
2009-02-25,sz.000532,9.4700,9.5000,8.5500,9.0200,9.2500,19293456,173462702.7500,3,6.165719,1,-2.486500,-157.708852,22.076316,-128.142367,5.718002,0
2009-02-26,sz.000532,9.0300,9.1500,8.1200,8.1200,9.0200,17446297,150144559.2800,3,5.575412,1,-9.977800,-141.972936,19.873580,-115.356543,5.147470,0
2009-02-27,sz.000532,7.9800,8.1200,7.3200,7.3300,8.1200,19569920,148558463.5900,3,6.254070,1,-9.729063,-128.160298,17.940066,-104.133431,4.646669,0
2009-03-02,sz.000532,7.5100,8.0500,7.5000,7.8900,7.3300,22183658,172832456.0300,3,7.089357,1,7.639800,-137.951535,19.310658,-112.089055,5.001667,0
2009-03-03,sz.000532,7.6500,8.1800,7.5600,7.9300,7.8900,20723831,164005812.7100,3,6.622832,1,0.507000,-138.650909,19.408557,-112.657313,5.027024,0
2009-03-04,sz.000532,8.0500,8.6500,8.0500,8.5600,7.9300,19346638,162591333.4000,3,6.182714,1,7.944522,-149.666050,20.950473,-121.607390,5.426397,0
2009-03-05,sz.000532,8.8600,9.4200,8.6600,8.9700,8.5600,30992792,280003561.0200,3,9.904541,1,4.789700,-156.834634,21.953942,-127.432043,5.686306,0
2009-03-06,sz.000532,8.6200,8.7200,8.1400,8.3900,8.9700,27154403,229492928.0600,3,8.677886,1,-6.466000,-146.693711,20.534401,-119.192290,5.318629,0
2009-03-09,sz.000532,8.4800,8.6100,7.7100,7.7500,8.3900,16531082,134904940.3200,3,5.282931,1,-7.628100,-135.503725,18.968010,-110.100149,4.912917,0
2009-03-10,sz.000532,7.6500,7.9600,7.4500,7.9500,7.7500,9577637,74390844.0300,3,3.060779,1,2.580600,-139.000596,19.457507,-112.941443,5.039702,0
2009-03-11,sz.000532,8.1500,8.1900,7.7000,7.7700,7.9500,8688924,68932278.4700,3,2.776768,1,-2.264200,-135.853412,19.016960,-110.384278,4.925596,0
2009-03-12,sz.000532,7.7000,8.1900,7.5600,8.1000,7.7700,11610721,91487513.4000,3,3.710504,1,4.247100,-141.623249,19.824630,-115.072414,5.134791,0
2009-03-13,sz.000532,8.1000,8.2000,7.8400,7.8900,8.1000,9109609,72916730.8100,3,2.911209,1,-2.592600,-137.951535,19.310658,-112.089055,5.001667,0
2009-03-16,sz.000532,7.8300,8.0300,7.6500,7.9300,7.8900,6194629,48582414.2700,3,1.979653,1,0.507000,-138.650909,19.408557,-112.657313,5.027024,0
2009-03-17,sz.000532,7.9000,8.2800,7.8800,8.2700,7.9300,11417125,92685555.5200,3,3.648635,1,4.287500,-144.595588,20.240702,-117.487514,5.242558,0
2009-03-18,sz.000532,8.2700,8.6500,8.2000,8.3300,8.2700,16476007,139100039.1700,3,5.265330,1,0.725500,-145.644649,20.387552,-118.339902,5.280594,0
2009-03-19,sz.000532,8.3600,8.5700,8.3100,8.4600,8.3300,11162067,94347591.7300,3,3.567125,1,1.560600,-147.917615,20.705725,-120.186743,5.363004,0
2009-03-20,sz.000532,8.5100,8.5100,8.1100,8.2500,8.4600,12887436,106612318.6100,3,4.118511,1,-2.482300,-144.245901,20.191753,-117.203384,5.229880,0
2009-03-23,sz.000532,8.1800,8.4500,8.1800,8.3200,8.2500,11863344,98648847.2500,3,3.791236,1,0.848500,-145.469806,20.363077,-118.197837,5.274255,0
2009-03-24,sz.000532,8.4000,8.7000,8.3000,8.6500,8.3200,20406044,174883034.9300,3,6.521275,1,3.966300,-151.239642,21.170747,-122.885972,5.483450,0
2009-03-25,sz.000532,8.5700,8.8000,8.3000,8.3100,8.6500,15358265,132282680.2100,3,4.908127,1,-3.930600,-145.294962,20.338602,-118.055772,5.267915,0
2009-03-26,sz.000532,8.3000,8.5100,8.1400,8.5000,8.3100,13728075,114819309.7700,3,4.387158,1,2.286400,-148.616989,20.803624,-120.755002,5.388361,0
2009-03-27,sz.000532,8.5300,9.1700,8.4500,9.0100,8.5000,32720976,291915708.2900,3,10.456827,1,6.000000,-157.534009,22.051841,-128.000302,5.711663,0
2009-03-30,sz.000532,9.2000,9.6900,9.0100,9.4200,9.0100,30074013,282613360.9700,3,9.610922,1,4.550500,-164.702593,23.055310,-133.824955,5.971572,0
2009-03-31,sz.000532,9.9900,10.2000,9.2300,9.4500,9.4200,43083344,420524912.6600,3,13.768387,1,0.318500,-165.227123,23.128735,-134.251149,5.990590,0
2009-04-01,sz.000532,9.5000,10.0400,9.1700,9.7000,9.4500,37173077,358265660.5100,3,11.879610,1,2.645500,-169.598211,23.740606,-137.802767,6.149071,0
2009-04-02,sz.000532,9.5800,9.8700,9.4500,9.5100,9.7000,21092786,202667731.5300,3,6.740741,1,-1.958800,-99.385060,15.733435,-89.464379,6.074306,0
2009-04-03,sz.000532,9.5100,9.5800,9.0700,9.1400,9.5100,22664120,209634254.4000,3,7.242901,1,-3.890600,-95.518344,15.121304,-85.983641,5.837976,0
2009-04-07,sz.000532,9.0300,9.4000,9.0000,9.1900,9.1400,13047914,120108266.4400,3,4.169795,1,0.547000,-96.040873,15.204024,-86.454011,5.869912,0
2009-04-08,sz.000532,9.1900,9.3000,8.6300,8.6400,9.1900,15934545,142602931.3900,3,5.092292,1,-5.984800,-90.293052,14.294099,-81.279941,5.518612,0
2009-04-09,sz.000532,8.6000,8.7400,8.4700,8.7200,8.6400,11417598,98494587.4400,3,3.648786,1,0.925900,-91.129098,14.426452,-82.032533,5.569710,0
2009-04-10,sz.000532,8.8000,9.0900,8.6900,8.9600,8.7200,13982550,124527015.9100,3,4.468482,1,2.752300,-93.637239,14.823510,-84.290309,5.723005,0
2009-04-13,sz.000532,9.2000,9.2000,8.8500,8.9200,8.9600,12991187,116722973.4200,3,4.151667,1,-0.446400,-93.219215,14.757334,-83.914013,5.697456,0
2009-04-14,sz.000532,8.9400,9.1700,8.7000,9.1400,8.9200,18346996,164518596.2000,3,5.863253,1,2.466400,-95.518344,15.121304,-85.983641,5.837976,0
2009-04-15,sz.000532,9.1300,9.7800,9.0100,9.7700,9.1400,32690725,306559068.8700,3,10.447159,1,6.892800,-102.102212,16.163582,-91.910304,6.240375,0
2009-04-16,sz.000532,9.7500,9.7500,9.2300,9.3600,9.7700,22126841,208732361.2200,3,7.071199,1,-4.196500,-97.817472,15.485274,-88.053269,5.978496,0
2009-04-17,sz.000532,9.4500,9.4800,9.0100,9.0500,9.3600,14106740,129307807.2100,3,4.508170,1,-3.312000,-94.577791,14.972407,-85.136975,5.780491,0
2009-04-20,sz.000532,9.0500,9.2900,9.0500,9.2100,9.0500,10651958,98023755.3100,3,3.404106,1,1.768000,-96.249885,15.237112,-86.642159,5.882687,0
2009-04-21,sz.000532,9.1000,9.4800,9.0700,9.3800,9.2100,14713591,136494770.9000,3,4.702105,1,1.845800,-98.026484,15.518362,-88.241417,5.991271,0
2009-04-22,sz.000532,9.3700,9.4500,8.6100,8.7400,9.3800,14739540,133924400.0800,3,4.710398,1,-6.823000,-91.338110,14.459540,-82.220681,5.582485,0
2009-04-23,sz.000532,8.6500,8.8300,8.5000,8.7200,8.7400,9218153,80010971.8400,3,2.945897,1,-0.228800,-91.129098,14.426452,-82.032533,5.569710,0
2009-04-24,sz.000532,8.7600,8.8300,8.5800,8.6900,8.7200,6888094,60087859.7500,3,2.201267,1,-0.344000,-90.815581,14.376819,-81.750311,5.550548,0
2009-04-27,sz.000532,8.6300,8.9800,8.4600,8.8800,8.6900,13991009,122639221.7200,3,4.471186,1,2.186400,-92.801192,14.691157,-83.537717,5.671907,0
2009-04-28,sz.000532,8.9200,9.3600,8.7400,9.3300,8.8800,23765767,214888886.0400,3,7.592221,1,5.067600,-287.302088,15.475597,239.693553,5.680248,0
2009-04-29,sz.000532,9.2800,9.4900,9.1500,9.4100,9.3300,20342995,189818286.3100,3,6.498781,1,0.857400,-289.765558,15.608292,241.748803,5.728954,0
2009-04-30,sz.000532,9.4800,9.9500,9.3000,9.6500,9.4100,31093058,299994907.1700,3,9.933000,1,2.550500,-297.155965,16.006378,247.914553,5.875069,0
2009-05-04,sz.000532,9.6800,9.8100,9.4800,9.7200,9.6500,22247348,214747401.3600,3,7.107146,1,0.725400,-299.311501,16.122487,249.712897,5.917686,0
2009-05-05,sz.000532,9.8000,9.9800,9.6000,9.7100,9.7200,22162349,217776927.2100,3,7.079993,1,-0.102900,-299.003567,16.105900,249.455991,5.911598,0
2009-05-06,sz.000532,9.6500,9.7700,9.5000,9.7000,9.7100,20604079,198145906.9900,3,6.582187,1,-0.103000,-298.695633,16.089313,249.199085,5.905510,0
2009-05-07,sz.000532,9.7700,10.6700,9.6500,10.6700,9.7000,48467693,495661486.2700,3,15.483508,1,10.000000,-328.565197,17.698244,274.118993,6.496061,0
2009-05-08,sz.000532,10.6600,11.5800,10.3400,10.9000,10.6700,66005823,719266598.7900,3,21.086246,1,2.155600,-335.647670,18.079743,280.027837,6.636089,0
2009-05-11,sz.000532,10.8000,11.0800,10.0000,10.0300,10.9000,38912339,409675898.8300,3,12.430951,1,-7.981700,-308.857443,16.636681,257.676992,6.106419,0
2009-05-12,sz.000532,9.8500,10.9300,9.8200,10.8500,10.0300,31759551,330706265.1500,3,10.145919,1,8.175500,-334.108002,17.996809,278.743306,6.605648,0
2009-05-13,sz.000532,10.6500,11.3300,10.6000,10.8400,10.8500,31983235,351467969.3600,3,10.217377,1,-0.092200,-333.800068,17.980222,278.486400,6.599560,0
2009-05-14,sz.000532,10.6700,11.3000,10.5800,11.1500,10.8400,26823810,296324603.8100,3,8.569145,1,2.859800,-343.346011,18.494416,286.450494,6.788293,0
2009-05-15,sz.000532,11.3100,11.7800,11.0900,11.1200,11.1500,27388019,311110655.9800,3,8.749387,1,-0.269100,-342.422210,18.444655,285.679775,6.770028,0
2009-05-18,sz.000532,10.9000,11.0700,10.6100,10.9000,11.1200,17424480,188537909.7100,3,5.566431,1,-1.978400,-335.647670,18.079743,280.027837,6.636089,0
2009-05-19,sz.000532,11.0000,11.2700,10.7000,11.0500,10.9000,20022467,220407276.1900,3,6.396385,1,1.376100,-340.266675,18.328547,283.881432,6.727411,0
2009-05-20,sz.000532,10.9900,11.4400,10.9100,10.9400,11.0500,19865685,222393588.0500,3,6.346299,1,-0.995500,-336.879405,18.146091,281.055463,6.660441,0
2009-05-21,sz.000532,10.8000,11.2500,10.5600,10.9800,10.9400,25171264,274452111.3600,3,8.041222,1,0.365600,-338.111139,18.212439,282.083088,6.684794,0
2009-05-22,sz.000532,10.9800,11.7100,10.8900,11.4000,10.9800,38337669,435195521.9300,3,12.247367,1,3.825100,-351.044352,18.909089,292.873151,6.940496,0
2009-05-25,sz.000532,11.0000,12.1400,10.9000,11.9300,11.4000,36816553,425660292.0600,3,11.761430,1,4.649100,-367.364836,19.788196,306.489184,7.263169,0
2009-05-26,sz.000532,11.8100,12.0700,11.5100,11.5400,11.9300,25439930,299861636.6500,3,8.127050,1,-3.269100,-355.355423,19.141306,296.469839,7.025731,0
2009-05-27,sz.000532,11.6900,11.7300,11.4000,11.5900,11.5400,15120441,174733033.1700,3,4.830382,1,0.433300,-356.895092,19.224241,297.754370,7.056171,0
2009-06-01,sz.000532,11.6000,11.7500,11.3100,11.6200,11.5900,19810745,229179978.6900,3,6.328748,1,0.258800,-357.818893,19.274001,298.525089,7.074436,0
2009-06-02,sz.000532,11.6200,11.6200,11.6200,11.6200,11.6200,0,0.0000,3,,0,0.000000,-357.818893,19.274001,298.525089,7.074436,0
2009-06-03,sz.000532,11.5000,11.5900,11.1500,11.2700,11.6200,21737123,245829992.0500,3,6.944150,1,-3.012000,-347.041215,18.693459,289.533370,6.861350,0
2009-06-04,sz.000532,11.2000,11.4900,11.1300,11.2800,11.2700,14467154,163442916.9200,3,4.621683,1,0.088700,-347.349149,18.710046,289.790276,6.867439,0
2009-06-05,sz.000532,11.3000,11.3400,11.0100,11.1500,11.2800,15535960,173196941.1700,3,4.963124,1,-1.152500,-343.346011,18.494416,286.450494,6.788293,0
2009-06-08,sz.000532,11.3200,11.7000,11.1500,11.2500,11.1500,22279473,255477332.8900,3,7.117409,1,0.896900,-346.425348,18.660285,289.019557,6.849174,0
2009-06-09,sz.000532,11.1400,11.2600,10.7300,11.0000,11.2500,17433817,190445801.1800,3,5.569414,1,-2.222200,-338.727007,18.245612,282.596900,6.696970,0
2009-06-10,sz.000532,10.9300,11.0700,10.7100,10.9200,11.0000,14502299,158334961.7100,3,4.632910,1,-0.727300,-336.263538,18.112917,280.541650,6.648265,0
2009-06-11,sz.000532,10.8500,11.6000,10.8100,11.4600,10.9200,26205983,295451219.0800,3,8.371774,1,4.945100,-352.891954,19.008611,294.414589,6.977025,0
2009-06-12,sz.000532,11.2600,11.3700,10.7000,11.0000,11.4600,19971708,220707242.8300,3,6.380170,1,-4.014000,-338.727007,18.245612,282.596900,6.696970,0
2009-06-15,sz.000532,10.9100,11.2000,10.7600,11.0800,11.0000,10649456,117429517.5900,3,3.402079,1,0.727300,-341.190476,18.378308,284.652150,6.745675,0
2009-06-16,sz.000532,10.9700,11.0600,10.7600,10.8100,11.0800,10780472,117215012.7300,3,3.443934,1,-2.436800,-332.876268,17.930461,277.715681,6.581295,0
2009-06-17,sz.000532,10.8000,10.9800,10.7400,10.9500,10.8100,7902950,85855575.2000,3,2.524679,1,1.295100,-337.187339,18.162678,281.312369,6.666529,0
2009-06-18,sz.000532,10.9900,11.3900,10.8600,11.2600,10.9500,20892201,233387848.7400,3,6.674231,1,2.831100,-346.733281,18.676872,289.276463,6.855262,0
2009-06-19,sz.000532,11.1900,11.5000,11.1300,11.2500,11.2600,18620741,211255015.2800,3,5.948589,1,-0.088800,-346.425348,18.660285,289.019557,6.849174,0
2009-06-22,sz.000532,11.1800,11.9800,11.1200,11.6900,11.2500,31444731,364299070.0800,3,10.045346,1,3.911100,-359.974428,19.390110,300.323433,7.117053,0
2009-06-23,sz.000532,11.5000,11.9000,11.4200,11.7300,11.6900,26896449,315339556.2700,3,8.592350,1,0.342200,-361.206163,19.456458,301.351058,7.141406,0
2009-06-24,sz.000532,11.6900,11.9500,11.4200,11.5600,11.7300,23490047,274100750.9300,3,7.504140,1,-1.449300,-355.971291,19.174480,296.983651,7.037907,0
2009-06-25,sz.000532,11.7000,11.8600,11.5100,11.5500,11.5600,16587682,193827598.6000,3,5.299107,1,-0.086500,-355.663357,19.157893,296.726745,7.031819,0
2009-06-26,sz.000532,11.3700,11.5200,11.0400,11.1000,11.5500,23665113,264325784.1800,3,7.560066,1,-3.896100,-341.806343,18.411482,285.165963,6.757852,0
2009-06-29,sz.000532,11.1000,11.2300,10.8500,11.1300,11.1000,11657105,128814345.4000,3,3.723983,1,0.270300,-342.730144,18.461242,285.936682,6.776116,0
2009-06-30,sz.000532,11.2300,11.2300,10.8600,10.9000,11.1300,10701567,117549319.4200,3,3.418727,1,-2.066500,-335.647670,18.079743,280.027837,6.636089,0
2009-07-01,sz.000532,11.0100,11.0900,10.8800,10.9500,10.9000,10215741,112021697.5700,3,3.263525,1,0.458700,-337.187339,18.162678,281.312369,6.666529,0
2009-07-02,sz.000532,11.1900,11.3500,11.0300,11.0900,10.9500,13043707,145793448.1400,3,4.166948,1,1.278500,-341.498410,18.394895,284.909057,6.751764,0
2009-07-03,sz.000532,10.9800,11.2800,10.8800,11.1300,11.0900,13841511,152881737.0400,3,4.421815,1,0.360700,-342.730144,18.461242,285.936682,6.776116,0
2009-07-06,sz.000532,11.1500,11.6800,10.9600,11.4300,11.1300,24685152,280488438.1200,3,7.885928,1,2.695400,-351.968153,18.958850,293.643870,6.958761,0
2009-07-07,sz.000532,11.4900,11.7200,11.3500,11.4100,11.4300,19361514,223220549.5000,3,6.185237,1,-0.174982,-351.352286,18.925676,293.130057,6.946585,0
2009-07-08,sz.000532,11.4000,11.7000,11.3400,11.5500,11.4100,12969054,149435571.7800,3,4.143099,1,1.227000,-355.663357,19.157893,296.726745,7.031819,0
2009-07-09,sz.000532,11.5300,12.5500,11.5200,12.2200,11.5500,38642185,466735078.0800,3,12.344647,1,5.800900,-376.294911,20.269217,313.939465,7.439725,0
2009-07-10,sz.000532,12.1500,12.2200,11.8700,11.9700,12.2200,20106821,241523811.9700,3,6.423333,1,-2.045800,-368.596570,19.854544,307.516809,7.287521,0
2009-07-13,sz.000532,11.9500,12.4400,11.8800,12.1300,11.9700,20621486,252355732.9100,3,6.587748,1,1.336700,-373.523508,20.119934,311.627309,7.384932,0
2009-07-14,sz.000532,12.1100,12.3400,12.0700,12.2000,12.1300,14058742,171390771.9200,3,4.491211,1,0.577100,-375.679044,20.236043,313.425653,7.427549,0
2009-07-15,sz.000532,12.4600,12.6400,12.0500,12.1000,12.2000,18984929,232928622.1600,3,6.064933,1,-0.819700,-372.599707,20.070174,310.856590,7.366667,0
2009-07-16,sz.000532,12.0600,12.1000,11.7600,11.8000,12.1000,18922907,224924048.7700,3,6.045119,1,-2.479300,-363.361698,19.572566,303.149402,7.184023,0
2009-07-17,sz.000532,11.7800,11.9900,11.6000,11.7000,11.8000,14609493,171979902.7000,3,4.667154,1,-0.847500,-360.282362,19.406697,300.580339,7.123141,0
2009-07-20,sz.000532,11.8200,12.1600,11.7300,11.9500,11.7000,17240273,206702267.6200,3,5.507584,1,2.136800,-367.980703,19.821370,307.002996,7.275345,0
2009-07-21,sz.000532,12.5000,12.9900,12.1600,12.2300,11.9500,40159220,506678059.0200,3,12.829280,1,2.343100,-376.602845,20.285804,314.196372,7.445813,0
2009-07-22,sz.000532,11.9600,12.3900,11.9200,12.3000,12.2300,21267987,258458438.9900,3,6.794279,1,0.572400,-378.758380,20.401912,315.994716,7.488430,0
2009-07-23,sz.000532,12.1800,12.5000,12.1100,12.5000,12.3000,17678733,218157016.1000,3,5.647655,1,1.626000,-384.917053,20.733650,321.132841,7.610193,0
2009-07-24,sz.000532,12.6500,12.6800,12.0800,12.2400,12.5000,18821599,233349964.6800,3,6.012755,1,-2.080000,-376.910778,20.302390,314.453278,7.451901,0
2009-07-27,sz.000532,12.5900,12.6800,12.3100,12.3800,12.2400,18910790,235575272.2000,3,6.041248,1,1.143800,-381.221849,20.534607,318.049966,7.537136,0
2009-07-28,sz.000532,12.3200,12.4400,12.1200,12.2400,12.3800,14477347,176955543.1000,3,4.624939,1,-1.130900,-376.910778,20.302390,314.453278,7.451901,0
2009-07-29,sz.000532,12.3000,12.4900,11.0200,11.2100,12.2400,20372331,240914896.3600,3,6.508153,1,-8.415000,-345.193613,18.593938,287.991932,6.824821,0
2009-07-30,sz.000532,11.1600,11.4400,10.9000,11.2700,11.2100,13508982,150963486.7900,3,4.315585,1,0.535200,-347.041215,18.693459,289.533370,6.861350,0
2009-07-31,sz.000532,11.4700,11.9200,11.3100,11.7800,11.2700,15172241,176753139.7700,3,4.846930,1,4.525300,-362.745831,19.539392,302.635589,7.171846,0
2009-08-03,sz.000532,11.7900,11.9700,11.7200,11.7900,11.7800,12269312,145003886.1600,3,3.919559,1,0.084900,-363.053765,19.555979,302.892496,7.177934,0
2009-08-04,sz.000532,11.8000,11.8000,11.3900,11.6200,11.7900,12129650,140348465.1900,3,3.874943,1,-1.441900,-357.818893,19.274001,298.525089,7.074436,0
2009-08-05,sz.000532,11.6300,12.1700,11.5800,11.9600,11.6200,17082796,203754272.0400,3,5.457277,1,2.926000,-368.288636,19.837957,307.259902,7.281433,0
2009-08-06,sz.000532,11.9700,12.3800,11.8100,12.1400,11.9600,23235345,282323789.0000,3,7.422772,1,1.505000,-373.831442,20.136521,311.884215,7.391020,0
2009-08-07,sz.000532,12.1800,12.2800,11.7000,11.9100,12.1400,17562938,211148077.0000,3,5.610663,1,-1.894600,-366.748968,19.755022,305.975371,7.250992,0
2009-08-10,sz.000532,11.9900,12.3200,11.9000,12.2000,11.9100,15734530,191429450.7800,3,5.026559,1,2.434900,-375.679044,20.236043,313.425653,7.427549,0
2009-08-11,sz.000532,12.3300,12.4500,11.9300,12.3300,12.2000,14717123,179892144.5200,3,4.701538,1,1.065600,-379.682181,20.451673,316.765434,7.506695,0
2009-08-12,sz.000532,12.2000,12.2500,11.2000,11.3100,12.3300,12806636,151290323.7700,3,4.091213,1,-8.272500,-348.272950,18.759807,290.560995,6.885703,0
2009-08-13,sz.000532,11.3400,11.4700,10.9200,11.1400,11.3100,9175216,102521571.9100,3,2.931118,1,-1.503100,-343.038078,18.477829,286.193588,6.782204,0
2009-08-14,sz.000532,11.1100,11.3600,10.5100,10.5200,11.1400,10413890,113558793.7000,3,3.326825,1,-5.565500,-323.946192,17.449440,270.265399,6.404739,0
2009-08-17,sz.000532,10.5800,10.9800,10.0500,10.0500,10.5200,13613958,144010999.0000,3,4.349120,1,-4.467700,152.651421,18.550921,39.630062,5.993365,0
2009-08-18,sz.000532,10.0800,10.3800,9.8700,10.1900,10.0500,8282660,83994171.0100,3,2.645982,1,1.393000,154.777908,18.809342,40.182123,6.076855,0
2009-08-19,sz.000532,10.1900,10.1900,10.1900,10.1900,10.1900,0,0.0000,3,,0,0.000000,154.777908,18.809342,40.182123,6.076855,0
2009-08-20,sz.000532,9.6500,10.3500,9.6400,10.3100,10.1900,12470790,124417224.5800,3,3.983923,1,1.177600,156.600612,19.030846,40.655317,6.148417,0
2009-08-21,sz.000532,10.1800,11.1000,10.0400,10.8800,10.3100,15928231,167851119.4100,3,5.088439,1,5.528600,165.258454,20.082987,42.902992,6.488339,0
2009-08-24,sz.000532,10.7200,10.9000,10.5500,10.7000,10.8800,9778921,104964423.4900,3,3.123978,1,-1.654400,162.524398,19.750732,42.193200,6.380995,0
2009-08-25,sz.000532,10.6700,11.7700,10.5600,11.7700,10.7000,31301232,350954665.0000,3,9.999504,1,10.000000,178.776838,21.725805,46.412520,7.019095,0
2009-08-26,sz.000532,11.9600,12.9000,11.7700,12.1700,11.7700,47796990,585957638.4200,3,15.269245,1,3.398500,184.852517,22.464150,47.989836,7.257637,0
2009-08-27,sz.000532,12.0100,13.3900,11.9500,12.9700,12.1700,58171077,752302753.2400,3,18.583355,1,6.573500,197.003873,23.940841,51.144468,7.734721,0
2009-08-28,sz.000532,12.7100,12.8100,12.1000,12.3900,12.9700,36382915,452861605.9100,3,11.622900,1,-4.471900,188.194140,22.870240,48.857360,7.388835,0
2009-08-31,sz.000532,12.0800,13.1500,12.0500,12.5300,12.3900,45710930,581999361.0400,3,14.602832,1,1.129900,190.320627,23.128661,49.409421,7.472325,0
2009-09-01,sz.000532,12.3800,12.6700,11.2800,11.3200,12.5300,35595071,417502514.5300,3,11.371215,1,-9.656800,171.941700,20.895167,44.638040,6.750735,0
2009-09-02,sz.000532,11.1100,11.5000,10.6100,11.1500,11.3200,24480935,270878534.2700,3,7.820689,1,-1.501800,169.359537,20.581370,43.967681,6.649355,0
2009-09-03,sz.000532,11.1400,12.2400,11.0300,11.9400,11.1500,25888193,301624993.4700,3,8.270252,1,7.085200,181.359001,22.039602,47.082880,7.120475,0
2009-09-04,sz.000532,11.8600,13.1300,11.7800,13.0400,11.9400,60367805,778375467.7500,3,19.285123,1,9.212700,198.067117,24.070051,51.420498,7.776465,0
2009-09-07,sz.000532,13.1100,14.2800,12.8200,14.0000,13.0400,65383553,879990421.5200,3,20.887455,1,7.362000,212.648745,25.842079,55.206057,8.348966,0
2009-09-08,sz.000532,13.7000,14.3500,13.5500,13.8600,14.0000,43609001,607597414.5900,3,13.931348,1,-1.000000,210.522258,25.583659,54.653996,8.265476,0
2009-09-09,sz.000532,13.8000,14.8500,13.7800,14.3700,13.8600,39932908,574819329.3700,3,12.756982,1,3.679700,218.268748,26.525049,56.665074,8.569617,0
2009-09-10,sz.000532,14.0100,14.5500,13.5100,13.5800,14.3700,38129503,533244892.8400,3,12.180866,1,-5.497600,206.269283,25.066817,53.549875,8.098497,0
2009-09-11,sz.000532,13.8800,14.9400,13.7500,14.9400,13.5800,31393725,460132303.1600,3,10.029052,1,10.014700,226.926590,27.577190,58.912749,8.909539,0
2009-09-14,sz.000532,16.0900,16.4300,15.4300,15.7700,14.9400,78168569,1251379461.3900,3,24.971762,1,5.555600,239.533623,29.109257,62.185679,9.404514,0
2009-09-15,sz.000532,15.5200,16.7300,15.5000,16.1900,15.7700,57276912,929142746.5300,3,18.297705,1,2.663300,245.913085,29.884519,63.841861,9.654983,0
2009-09-16,sz.000532,15.9000,17.0000,15.6000,16.3600,16.1900,48238370,787675961.4000,3,15.410248,1,1.050000,248.495248,30.198316,64.512220,9.756363,0
2009-09-17,sz.000532,16.3300,16.5900,15.8600,16.1800,16.3600,36908995,598197808.0700,3,11.790962,1,-1.100200,245.761193,29.866060,63.802428,9.649019,0
2009-09-18,sz.000532,16.2800,16.4000,14.7800,15.0500,16.1800,47111613,728307520.8300,3,15.050294,1,-6.983900,228.597401,27.780235,59.346511,8.975138,0
2009-09-21,sz.000532,15.1500,15.7800,15.0600,15.4700,15.0500,26981214,413932840.0500,3,8.619429,1,2.790700,234.976864,28.555498,61.002692,9.225607,0
2009-09-22,sz.000532,15.2300,15.6500,14.6100,14.9500,15.4700,33109198,497599902.4300,3,10.577077,1,-3.361300,227.078482,27.595649,58.952182,8.915503,0
2009-09-23,sz.000532,14.8000,14.9500,13.4600,13.5000,14.9500,33775031,475078688.7400,3,10.789785,1,-9.699000,205.054147,24.919148,53.234412,8.050789,0
2009-09-24,sz.000532,13.4800,13.9000,12.9700,13.5000,13.5000,27020144,364775595.9800,3,8.631866,1,0.000000,205.054147,24.919148,53.234412,8.050789,0
2009-09-25,sz.000532,13.4400,13.4400,12.7000,12.7700,13.5000,21273990,276046071.2300,3,6.796197,1,-5.407400,193.966034,23.571668,50.355810,7.615450,0
2009-09-28,sz.000532,12.8400,13.1900,11.9100,12.0600,12.7700,20832943,263224098.4600,3,6.655300,1,-5.559900,183.181705,22.261106,47.556074,7.192038,0
2009-09-29,sz.000532,12.0500,12.5000,11.3200,12.3500,12.0600,24858957,295028559.9300,3,7.941452,1,2.404600,187.586572,22.796406,48.699628,7.364981,0
2009-09-30,sz.000532,12.2700,12.4900,12.0000,12.0100,12.3500,19855695,243805457.4400,3,6.343108,1,-2.753000,182.422245,22.168812,47.358910,7.162220,0
2009-10-09,sz.000532,12.1500,13.1700,12.1000,12.8600,12.0100,21176368,268926684.0800,3,6.765011,1,7.077400,195.333062,23.737796,50.710706,7.669122,0
2009-10-12,sz.000532,12.7000,13.7500,12.6200,13.4000,12.8600,28515597,375206497.5700,3,9.109604,1,4.199100,203.535228,24.734562,52.840083,7.991153,0
2009-10-13,sz.000532,13.2500,13.4800,13.0600,13.2800,13.4000,18212036,241252725.7500,3,5.818024,1,-0.895500,201.712524,24.513058,52.366888,7.919591,0
2009-10-14,sz.000532,13.3500,13.7500,13.2000,13.4200,13.2800,20945865,282209927.9000,3,6.691374,1,1.054200,203.839012,24.771479,52.918948,8.003080,0
2009-10-15,sz.000532,13.4300,13.6100,13.0800,13.1400,13.4200,16516573,219167784.2000,3,5.276391,1,-2.086400,199.586037,24.254637,51.814827,7.836101,0
2009-10-16,sz.000532,13.1500,13.6000,12.8500,13.5300,13.1400,26726698,355862719.8400,3,8.538121,1,2.968000,205.509823,24.974524,53.352710,8.068679,0
2009-10-19,sz.000532,13.8000,14.1500,13.7000,14.0500,13.5300,31164766,435374419.9300,3,9.955908,1,3.843300,213.408205,25.934373,55.403221,8.378784,0
2009-10-20,sz.000532,14.0500,14.7100,13.7800,14.4600,14.0500,30049319,428897634.6200,3,9.599567,1,2.918100,219.635776,26.691176,57.019970,8.623289,0
2009-10-21,sz.000532,14.3000,14.9900,14.0200,14.6100,14.4600,33573005,489263348.4100,3,10.725245,1,1.037300,221.914155,26.968056,57.611463,8.712742,0
2009-10-22,sz.000532,14.4800,14.8500,14.3600,14.4900,14.6100,19124779,278920575.5800,3,6.109609,1,-0.821400,167.632493,25.776634,233.074728,8.673293,0
2009-10-23,sz.000532,14.4900,14.6800,14.0600,14.1900,14.4900,28544814,410427365.0800,3,9.118937,1,-2.070400,164.161841,25.242956,228.249164,8.493722,0
2009-10-26,sz.000532,14.1000,14.2800,13.6600,13.7600,14.1900,21908406,304142198.7900,3,6.998868,1,-3.030300,159.187240,24.478018,221.332523,8.236336,0
2009-10-27,sz.000532,13.6600,14.0500,13.4400,13.6000,13.7600,18924760,261123843.2000,3,6.045711,1,-1.162800,157.336225,24.193390,218.758889,8.140565,0
2009-10-28,sz.000532,13.5800,14.9600,13.3200,14.9500,13.6000,37637944,534310554.4800,3,12.023832,1,9.926466,172.954160,26.594940,240.473926,8.948635,0
2009-10-29,sz.000532,14.5500,14.9900,14.2800,14.3000,14.9500,37097158,543099648.0500,3,11.851073,1,-4.347800,165.434413,25.438638,230.018538,8.559564,0
2009-10-30,sz.000532,14.4600,14.5600,13.3300,13.6800,14.3000,34040034,473782401.1200,3,10.874443,1,-4.335700,158.261733,24.335704,220.045706,8.188450,0
2009-11-02,sz.000532,13.0000,13.8800,12.8500,13.5900,13.6800,25356386,340187145.6300,3,8.100361,1,-0.657900,157.220537,24.175601,218.598037,8.134579,0
2009-11-03,sz.000532,13.5400,14.0000,13.5400,13.7100,13.5900,21571501,296199987.7500,3,6.891240,1,0.883000,158.608798,24.389072,220.528262,8.206407,0
2009-11-04,sz.000532,13.7500,13.8700,13.4200,13.6500,13.7100,20732220,283117506.4000,3,6.623123,1,-0.437600,157.914667,24.282336,219.563150,8.170493,0
2009-11-05,sz.000532,13.6000,14.4000,13.4800,14.1900,13.6500,32565095,457739507.4400,3,10.403258,1,3.956000,164.161841,25.242956,228.249164,8.493722,0
2009-11-06,sz.000532,14.1200,14.3200,13.9300,13.9600,14.1900,26759249,377926570.3700,3,8.548520,1,-1.620900,161.501008,24.833803,224.549566,8.356050,0
2009-11-09,sz.000532,13.9700,14.3200,13.8800,14.2400,13.9600,21396517,303116296.1300,3,6.788288,1,2.005700,164.740283,25.331902,229.053425,8.523650,0
2009-11-10,sz.000532,14.2100,14.6000,14.1600,14.4000,14.2400,28115509,404267270.7700,3,8.919965,1,1.123600,166.591297,25.616530,231.627059,8.619421,0
2009-11-11,sz.000532,14.4000,14.4800,14.0700,14.1800,14.4000,17798702,253481158.1200,3,5.646841,1,-1.527800,164.046153,25.225167,228.088312,8.487736,0
2009-11-12,sz.000532,14.2000,14.2400,13.9400,13.9800,14.1800,16796071,237203041.4800,3,5.328745,1,-1.410400,161.732385,24.869382,224.871270,8.368022,0
2009-11-13,sz.000532,13.8800,14.1300,13.7800,14.0100,13.9800,12222091,170381570.3600,3,3.877597,1,0.214600,162.079450,24.922749,225.353826,8.385979,0
2009-11-16,sz.000532,14.0800,14.5800,14.0100,14.4600,14.0100,22504125,322439992.8100,3,7.139690,1,3.212000,167.285428,25.723266,232.592172,8.655336,0
2009-11-17,sz.000532,14.5000,14.8200,14.3200,14.6700,14.4600,29842799,434877766.9800,3,9.467967,1,1.452300,169.714884,26.096840,235.970066,8.781036,0
2009-11-18,sz.000532,14.5900,14.7800,14.3300,14.4000,14.6700,20250031,293928445.6000,3,6.424553,1,-1.840500,166.591297,25.616530,231.627059,8.619421,0
2009-11-19,sz.000532,14.4000,14.8800,14.4000,14.8400,14.4000,28191687,414565889.6300,3,8.944133,1,3.055600,171.681587,26.399258,238.704552,8.882793,0
2009-11-20,sz.000532,14.7700,15.3400,14.6900,14.8600,14.8400,36314668,547282046.9600,3,11.521241,1,0.134800,171.912964,26.434836,239.026257,8.894764,0
2009-11-23,sz.000532,14.8800,14.9800,14.6200,14.8300,14.8600,23343219,344807186.6600,3,7.405902,1,-0.201900,171.565899,26.381468,238.543700,8.876807,0
2009-11-24,sz.000532,14.8700,14.9500,13.5000,13.6900,14.8300,27849470,401251473.5400,3,8.835561,1,-7.687100,158.377421,24.353493,220.206558,8.194436,0
2009-11-25,sz.000532,13.6800,13.9000,13.1700,13.8700,13.6900,20891880,283606692.4900,3,6.628187,1,1.314800,160.459812,24.673700,223.101896,8.302179,0
2009-11-26,sz.000532,13.8900,13.9000,13.0000,13.1000,13.8700,22012288,295352542.6700,3,6.983649,1,-5.551500,151.551805,23.303927,210.716283,7.841279,0
2009-11-27,sz.000532,13.0000,13.2800,12.7600,12.7900,13.1000,12228986,159361240.0700,3,3.879785,1,-2.366400,147.965465,22.752460,205.729867,7.655722,0
2009-11-30,sz.000532,12.8400,13.3300,12.8400,13.2900,12.7900,9780547,128395968.9500,3,3.102990,1,3.909300,153.749885,23.641923,213.772473,7.955008,0
2009-12-01,sz.000532,13.2900,13.6000,13.1500,13.5300,13.2900,10954894,146607031.2700,3,3.475565,1,1.805900,156.526407,24.068865,217.632924,8.098665,0
2009-12-02,sz.000532,13.5300,13.7300,13.4800,13.5800,13.5300,12575343,170813017.4800,3,3.989671,1,0.369500,157.104849,24.157811,218.437185,8.128593,0
2009-12-03,sz.000532,13.5500,13.9400,13.3900,13.8500,13.5800,18487505,253395479.1500,3,5.865371,1,1.988200,160.228435,24.638121,222.780192,8.290207,0
2009-12-04,sz.000532,13.6000,13.8300,13.0300,13.2100,13.8500,17641751,236092073.7600,3,5.597046,1,-4.620900,152.824378,23.499609,212.485656,7.907122,0
2009-12-07,sz.000532,13.2100,13.6800,13.2100,13.5100,13.2100,10607324,143303552.3800,3,3.365294,1,2.271000,156.295030,24.033286,217.311220,8.086693,0
2009-12-08,sz.000532,13.5500,13.6000,13.2100,13.3500,13.5100,8962400,119528677.2700,3,2.843423,1,-1.184300,154.444015,23.748658,214.737586,7.990922,0
2009-12-09,sz.000532,13.2000,13.3400,13.0500,13.1500,13.3500,7792404,102879815.1300,3,2.472229,1,-1.498100,152.130247,23.392873,211.520543,7.871208,0
2009-12-10,sz.000532,13.1600,13.3000,13.1000,13.1700,13.1500,5803026,76467606.1300,3,1.841076,1,0.152100,152.361624,23.428452,211.842248,7.883179,0
2009-12-11,sz.000532,13.1900,13.3300,13.1400,13.1700,13.1700,6329501,83775210.6300,3,2.008106,1,0.000000,152.361624,23.428452,211.842248,7.883179,0
2009-12-14,sz.000532,13.2900,13.3500,12.9500,13.1500,13.1700,6472954,84970068.3400,3,2.053618,1,-0.151900,152.130247,23.392873,211.520543,7.871208,0
2009-12-15,sz.000532,13.2300,13.6400,13.1800,13.4800,13.1500,12952112,174421751.7700,3,4.109205,1,2.509500,155.947965,23.979919,216.828664,8.068736,0
2009-12-16,sz.000532,13.4700,13.7700,13.3700,13.5700,13.4800,13570738,184523441.8600,3,4.305471,1,0.667700,156.989160,24.140022,218.276333,8.122608,0
2009-12-17,sz.000532,13.6200,13.6500,13.0700,13.0700,13.5700,9024464,120209345.8800,3,2.863114,1,-3.684600,151.204740,23.250559,210.233726,7.823322,0
2009-12-18,sz.000532,12.9600,12.9600,12.0100,12.1200,13.0700,10885682,134362303.2100,3,3.453606,1,-7.268600,140.214342,21.560580,194.952775,7.254680,0
2009-12-21,sz.000532,12.1000,12.2000,11.9000,12.1300,12.1200,6111373,73543288.9000,3,1.938903,1,0.082500,140.330030,21.578369,195.113627,7.260665,0
2009-12-22,sz.000532,12.2000,12.2500,11.5000,11.5200,12.1300,6042895,71276681.2800,3,1.917177,1,-5.028900,133.273038,20.493224,185.301647,6.895537,0
2009-12-23,sz.000532,11.5200,11.8200,11.4100,11.7000,11.5200,5155039,59968578.7500,3,1.635495,1,1.562500,135.355429,20.813431,188.196985,7.003280,0
2009-12-24,sz.000532,11.7000,12.0900,11.6400,12.0700,11.7000,7541456,90063191.0700,3,2.392613,1,3.162400,139.635900,21.471633,194.148514,7.224751,0
2009-12-25,sz.000532,12.1200,12.3200,11.8100,12.0800,12.0700,6792470,82089864.6100,3,2.154988,1,0.082900,139.751588,21.489423,194.309366,7.230737,0
2009-12-28,sz.000532,12.0800,12.4100,12.0800,12.3000,12.0800,7050065,86255892.5600,3,2.236713,1,1.821200,142.296733,21.880786,197.848113,7.362422,0
2009-12-29,sz.000532,12.2700,12.3900,12.0600,12.1900,12.3000,5515968,67443045.5000,3,1.750004,1,-0.894300,141.024161,21.685105,196.078740,7.296580,0
2009-12-30,sz.000532,12.0600,12.3000,12.0600,12.1200,12.1900,5858876,71225351.9600,3,1.858795,1,-0.574200,140.214342,21.560580,194.952775,7.254680,0
2009-12-31,sz.000532,12.1600,12.3900,12.1500,12.3300,12.1200,6369731,78424653.1400,3,2.020870,1,1.732700,142.643798,21.934154,198.330669,7.380380,0
2010-01-04,sz.000532,12.3500,12.4700,12.2100,12.3700,12.3300,6532837,80586234.8100,3,2.072617,1,0.324400,143.106552,22.005311,198.974078,7.404322,0
2010-01-05,sz.000532,12.3600,12.4200,12.1200,12.3400,12.3700,6576832,80716081.3900,3,2.086575,1,-0.242500,142.759487,21.951943,198.491521,7.386365,0
2010-01-06,sz.000532,12.3000,12.5500,12.2500,12.3400,12.3400,7791975,96941614.8600,3,2.472093,1,0.000000,142.759487,21.951943,198.491521,7.386365,0
2010-01-07,sz.000532,12.3000,12.4900,12.0000,12.0200,12.3400,7739903,94905974.5000,3,2.455572,1,-2.593200,139.057458,21.382687,193.344253,7.194823,0
2010-01-08,sz.000532,12.0200,12.4800,11.8000,12.4000,12.0200,8489270,102583477.7500,3,2.693317,1,3.161400,143.453617,22.058679,199.456634,7.422280,0
2010-01-11,sz.000532,12.3400,12.8800,12.2700,12.7200,12.4000,16381053,207019328.3300,3,5.197075,1,2.580600,147.155646,22.627935,204.603902,7.613822,0
2010-01-12,sz.000532,12.6800,12.8200,12.4400,12.8000,12.7200,11686322,147904645.1200,3,3.707619,1,0.628900,148.081153,22.770249,205.890719,7.661708,0
2010-01-13,sz.000532,12.5000,12.9600,12.4200,12.6100,12.8000,10815949,137641589.5500,3,3.431483,1,-1.484400,145.883074,22.432253,202.834529,7.547979,0
2010-01-14,sz.000532,12.6000,13.1700,12.6000,13.1000,12.6100,17428997,225925103.5900,3,5.529548,1,3.885800,151.551805,23.303927,210.716283,7.841279,0
2010-01-15,sz.000532,13.1000,13.1000,13.1000,13.1000,13.1000,0,0.0000,3,,0,0.000000,151.551805,23.303927,210.716283,7.841279,0
2010-01-18,sz.000532,12.9600,13.0800,12.8000,13.0100,13.1000,9816476,126700043.9300,3,3.114389,1,-0.687000,150.510610,23.143824,209.268614,7.787408,0
2010-01-19,sz.000532,13.0100,13.0100,12.6600,12.7200,13.0100,9964205,127113203.5900,3,3.161257,1,-2.229100,147.155646,22.627935,204.603902,7.613822,0
2010-01-20,sz.000532,12.7200,12.9600,12.3800,12.3800,12.7200,11342251,144362756.7500,3,3.598458,1,-2.673000,143.222240,22.023100,199.134930,7.410308,0
2010-01-21,sz.000532,12.3300,12.4100,12.1200,12.2400,12.3800,7041251,86191905.8700,3,2.233917,1,-1.130900,141.602603,21.774051,196.883000,7.326508,0
2010-01-22,sz.000532,12.1700,12.4500,11.8000,12.0000,12.2400,7349292,88782294.2200,3,2.331646,1,-1.960800,138.826081,21.347109,193.022549,7.182851,0
2010-01-25,sz.000532,11.8400,11.9500,11.6700,11.7000,12.0000,4575811,53989523.5700,3,1.451728,1,-2.500000,135.355429,20.813431,188.196985,7.003280,0
2010-01-26,sz.000532,11.7000,11.8000,11.0400,11.1200,11.7000,5062081,57491098.0500,3,1.606003,1,-4.957300,128.645502,19.781654,178.867562,6.656109,0
2010-01-27,sz.000532,11.1200,11.2700,10.8200,11.0200,11.1200,4067158,44926303.6100,3,1.290352,1,-0.899300,127.488618,19.603761,177.259041,6.596252,0
2010-01-28,sz.000532,11.0500,11.2100,11.0000,11.1300,11.0200,2688050,29872921.8000,3,0.852814,1,0.998200,128.761190,19.799443,179.028414,6.662094,0
2010-01-29,sz.000532,11.2000,11.2700,11.0600,11.0700,11.1300,3413433,38129651.3700,3,1.082950,1,-0.539100,128.067060,19.692708,178.063302,6.626180,0
2010-02-01,sz.000532,11.0400,11.0500,10.3000,10.4400,11.0700,5421051,56999657.5700,3,1.719890,1,-5.691100,120.778691,18.571985,167.929618,6.249081,0
2010-02-02,sz.000532,10.5500,10.6700,10.4100,10.4300,10.4400,3582991,37742647.9200,3,1.136745,1,-0.095800,120.663002,18.554195,167.768766,6.243095,0
2010-02-03,sz.000532,10.4600,10.6000,10.0600,10.6000,10.4300,4498903,46666121.8300,3,1.427328,1,1.629900,122.629705,18.856613,170.503252,6.344852,0
2010-02-04,sz.000532,10.5600,11.0000,10.4900,10.7800,10.6000,6341603,68376707.2100,3,2.011946,1,1.698100,124.712096,19.176819,173.398590,6.452595,0
2010-02-05,sz.000532,10.5800,10.6900,10.4000,10.6200,10.7800,4101217,43163536.8100,3,1.301158,1,-1.484200,122.861082,18.892191,170.824956,6.356823,0
2010-02-08,sz.000532,10.6200,10.8800,10.5300,10.6700,10.6200,3284908,35264587.0200,3,1.042174,1,0.470800,123.439524,18.981137,171.629217,6.386752,0
2010-02-09,sz.000532,10.7000,10.8000,10.4400,10.5100,10.6700,3124990,33070188.7300,3,0.991438,1,-1.499500,121.588509,18.696509,169.055583,6.290981,0
2010-02-10,sz.000532,10.7900,10.7900,10.5500,10.6700,10.5100,1853441,19708857.9700,3,0.542878,1,1.522400,123.439524,18.981137,171.629217,6.386752,0
2010-02-11,sz.000532,10.7700,11.0000,10.6200,10.8600,10.6700,4988572,54052575.2000,3,1.461167,1,1.780700,125.637604,19.319133,174.685407,6.500480,0
2010-02-12,sz.000532,10.8600,10.9500,10.7800,10.8800,10.8600,3097072,33604503.2500,3,0.907141,1,0.184200,125.868980,19.354712,175.007111,6.512452,0
2010-02-22,sz.000532,10.8200,10.9200,10.7800,10.7800,10.8800,3128678,33923202.0900,3,0.916399,1,-0.919100,124.712096,19.176819,173.398590,6.452595,0
2010-02-23,sz.000532,10.7900,10.8200,10.3600,10.6100,10.7800,3867153,40726758.5600,3,1.132700,1,-1.577000,122.745393,18.874402,170.664104,6.350838,0
2010-02-24,sz.000532,10.5800,10.9500,10.4500,10.9400,10.6100,5624982,60471990.1100,3,1.647574,1,3.110300,126.563111,19.461447,175.972224,6.548366,0
2010-02-25,sz.000532,10.9400,11.1700,10.8800,11.1400,10.9400,6444108,71324549.9600,3,1.887498,1,1.828200,128.876879,19.817233,179.189266,6.668080,0
2010-02-26,sz.000532,11.1000,11.2700,11.0100,11.1500,11.1400,5036220,56097308.3500,3,1.475123,1,0.089800,128.992567,19.835022,179.350119,6.674066,0
2010-03-01,sz.000532,11.1400,11.3000,11.0500,11.2800,11.1500,5930374,66679960.0900,3,1.737024,1,1.165900,130.496516,20.066282,181.441196,6.751880,0
2010-03-02,sz.000532,11.2900,11.4800,11.1000,11.4300,11.2800,8877906,100308106.5100,3,2.600364,1,1.329800,132.231842,20.333121,183.853978,6.841666,0
2010-03-03,sz.000532,11.4000,11.7900,11.3300,11.6800,11.4300,10875427,125842357.1700,3,3.185444,1,2.187200,135.124052,20.777852,187.875281,6.991308,0
2010-03-04,sz.000532,11.7100,11.9200,11.1000,11.1400,11.6800,10385943,119434598.5700,3,3.042073,1,-4.623300,128.876879,19.817233,179.189266,6.668080,0
2010-03-05,sz.000532,11.2000,11.4200,11.0500,11.3200,11.1400,6122692,68840144.1200,3,1.793354,1,1.615800,130.959270,20.137439,182.084605,6.775823,0
2010-03-08,sz.000532,11.2600,11.4400,11.2200,11.2900,11.3200,3945541,44698076.9800,3,1.155660,1,-0.265000,130.612205,20.084071,181.602048,6.757866,0
2010-03-09,sz.000532,11.2600,11.4400,11.1000,11.3700,11.2900,5176672,58328062.3700,3,1.516262,1,0.708600,131.537712,20.226385,182.888865,6.805752,0
2010-03-10,sz.000532,11.3400,11.5800,11.1000,11.4900,11.3700,8306469,94461536.8300,3,2.432989,1,1.055400,132.925973,20.439857,184.819091,6.877580,0
2010-03-11,sz.000532,11.4100,11.5000,11.1600,11.2700,11.4900,3990275,45165867.1200,3,1.168763,1,-1.914700,130.380828,20.048493,181.280344,6.745894,0
2010-03-12,sz.000532,11.2700,11.2700,10.8800,10.8800,11.2700,5076255,56091870.6000,3,1.486850,1,-3.460500,125.868980,19.354712,175.007111,6.512452,0
2010-03-15,sz.000532,10.8000,10.9000,10.5300,10.5600,10.8800,4073619,43278040.5900,3,1.193175,1,-2.941200,122.166951,18.785456,169.859843,6.320909,0
2010-03-16,sz.000532,10.5500,10.7000,10.5000,10.6600,10.5600,3363052,35699238.4800,3,0.985048,1,0.947000,123.323836,18.963348,171.468365,6.380766,0
2010-03-17,sz.000532,10.7000,10.9500,10.6600,10.9400,10.6600,4279783,46502961.5100,3,1.253561,1,2.626600,126.563111,19.461447,175.972224,6.548366,0
2010-03-18,sz.000532,10.9800,11.2200,10.9300,11.0500,10.9400,5330092,59129193.6700,3,1.561199,1,1.005500,127.835683,19.657129,177.741597,6.614209,0
2010-03-19,sz.000532,11.0400,11.2300,11.0100,11.2300,11.0500,5056744,56301144.9400,3,1.481135,1,1.629000,129.918074,19.977336,180.636936,6.721952,0
2010-03-22,sz.000532,11.2500,11.4500,11.1500,11.3900,11.2300,6835806,77354552.8000,3,2.002227,1,1.424800,131.769089,20.261964,183.210570,6.817723,0
2010-03-23,sz.000532,11.3900,11.4200,11.1100,11.1100,11.3900,5053043,56687041.3900,3,1.480051,1,-2.458300,128.529814,19.763865,178.706710,6.650123,0
2010-03-24,sz.000532,11.1300,11.2300,11.1100,11.2300,11.1100,4039665,45145975.0400,3,1.183230,1,1.080100,129.918074,19.977336,180.636936,6.721952,0
2010-03-25,sz.000532,11.2000,11.2300,10.8000,10.9500,11.2300,5672816,62250534.5900,3,1.661584,1,-2.493300,126.678799,19.479237,176.133076,6.554352,0
2010-03-26,sz.000532,10.9200,11.9500,10.9100,11.5300,10.9500,16485611,190299290.8700,3,4.828683,1,5.296800,133.388726,20.511014,185.462499,6.901523,0
2010-03-29,sz.000532,11.5300,11.7000,11.3200,11.5900,11.5300,11222035,129172231.9300,3,3.286967,1,0.520400,134.082857,20.617749,186.427612,6.937437,0
2010-03-30,sz.000532,11.5900,11.7600,11.4900,11.6200,11.5900,8763063,102040746.4400,3,2.566727,1,0.258800,134.429922,20.671117,186.910168,6.955394,0
2010-03-31,sz.000532,11.7000,12.1900,11.7000,11.8600,11.6200,18930447,226069770.1800,3,5.544783,1,2.065400,137.206444,21.098059,190.770619,7.099051,0
2010-04-01,sz.000532,11.9200,12.1000,11.8000,12.0700,11.8600,13060673,156454833.2600,3,3.825509,1,1.770700,139.635900,21.471633,194.148514,7.224751,0
2010-04-02,sz.000532,12.4000,12.5000,12.0100,12.0800,12.0700,20177605,246576118.0900,3,5.910079,1,0.082900,139.751588,21.489423,194.309366,7.230737,0
2010-04-06,sz.000532,12.0300,12.1300,11.8000,11.8700,12.0800,9526001,113732095.4100,3,2.790193,1,-1.738400,137.322132,21.115848,190.931472,7.105037,0
2010-04-07,sz.000532,11.9000,12.0900,11.8500,11.9600,11.8700,6865101,82212217.2700,3,2.010808,1,0.758200,138.363328,21.275952,192.379141,7.158908,0
2010-04-08,sz.000532,11.8600,12.1900,11.7900,12.0900,11.9600,11146612,133858384.2800,3,3.264875,1,1.087000,139.867277,21.507212,194.470218,7.236723,0
2010-04-09,sz.000532,12.0700,12.4500,12.0200,12.3600,12.0900,13886175,170217360.4900,3,4.067301,1,2.233300,142.990864,21.987522,198.813226,7.398337,0
2010-04-12,sz.000532,12.3700,12.6000,12.2700,12.5200,12.3600,16493260,205336946.1100,3,4.830924,1,1.294500,144.841878,22.272150,201.386860,7.494108,0
2010-04-13,sz.000532,12.5200,12.5900,11.8200,12.0000,12.5200,14293851,173553268.0300,3,4.186710,1,-4.153400,138.826081,21.347109,193.022549,7.182851,0
2010-04-14,sz.000532,12.0800,12.5000,12.0300,12.4100,12.0000,12648912,155731609.3100,3,3.704903,1,3.416700,143.569306,22.076468,199.617486,7.428265,0
2010-04-15,sz.000532,12.3400,12.8900,12.1800,12.7800,12.4100,21112370,264216516.4500,3,6.183874,1,2.981500,147.849777,22.734671,205.569015,7.649737,0
2010-04-16,sz.000532,12.6100,12.9700,12.4500,12.7900,12.7800,21287952,272546653.3100,3,6.235303,1,0.078200,147.965465,22.752460,205.729867,7.655722,0
2010-04-19,sz.000532,12.7000,13.1000,12.1200,12.1400,12.7900,25055863,319357369.6900,3,7.338935,1,-5.082100,140.445719,21.596158,195.274479,7.266651,0
2010-04-20,sz.000532,12.0800,13.0500,11.7100,12.8900,12.1400,26884768,337171015.1400,3,7.874626,1,6.177900,109.002720,22.152928,109.401933,7.260903,0
2010-04-21,sz.000532,12.9200,14.0000,12.8000,13.2900,12.8900,51949297,695862931.6200,3,15.216100,1,3.103200,112.385272,22.840373,112.796873,7.486221,0
2010-04-22,sz.000532,13.1400,13.4700,12.9700,13.0500,13.2900,29129235,383839378.9500,3,8.532037,1,-1.805900,110.355741,22.427906,110.759909,7.351030,0
2010-04-23,sz.000532,12.9700,13.2700,12.5500,12.6100,13.0500,19940574,256564128.6600,3,5.840652,1,-3.371600,106.634934,21.671716,107.025475,7.103179,0
2010-04-26,sz.000532,12.3800,12.8000,12.3400,12.4300,12.6100,13367922,167995828.3700,3,3.915503,1,-1.427400,149.343756,18.640822,-178.881281,6.859599,0
2010-04-27,sz.000532,12.4600,13.0500,12.4600,13.0000,12.4300,25982473,332462727.0400,3,7.610342,1,4.585700,156.192183,19.495630,-187.084203,7.174159,0
2010-04-28,sz.000532,12.7300,12.9800,12.0100,12.1000,13.0000,19429559,242510697.0800,3,5.690974,1,-6.923100,145.378878,18.145933,-174.132220,6.677486,0
2010-04-29,sz.000532,12.1800,12.2800,10.9900,11.0200,12.1000,18528386,215011270.7500,3,5.427018,1,-8.925600,132.402912,16.526296,-158.589840,6.081479,0
2010-04-30,sz.000532,11.0300,11.1100,10.2000,10.7000,11.0200,11224290,118900700.5800,3,3.287627,1,-2.903800,128.558181,16.046404,-153.984691,5.904884,0
2010-05-04,sz.000532,10.5000,10.9900,10.3100,10.7500,10.7000,6641945,71314185.5800,3,1.945445,1,0.467300,129.158920,16.121387,-154.704245,5.932477,0
2010-05-05,sz.000532,10.4800,11.1000,10.4500,11.1000,10.7500,7387583,80447097.5300,3,2.163844,1,3.255800,133.364094,16.646269,-159.741128,6.125628,0
2010-05-06,sz.000532,11.1000,11.1800,10.5000,10.5000,11.1000,8748929,94991889.6700,3,2.562587,1,-5.405400,126.155224,15.746471,-151.106472,5.794513,0
2010-05-07,sz.000532,10.2500,10.6400,9.9000,10.0100,10.5000,8370240,85919246.4200,3,2.451668,1,-4.666700,120.267981,15.011635,-144.054837,5.524102,0
2010-05-10,sz.000532,10.0300,10.2000,9.4900,9.8500,10.0100,6434797,63714460.6600,3,1.884771,1,-1.598400,118.345615,14.771689,-141.752262,5.435805,0
2010-05-11,sz.000532,10.1500,10.1800,9.5500,9.5800,9.8500,5705516,56160372.0900,3,1.671162,1,-2.741100,115.101624,14.366780,-137.866667,5.286803,0
2010-05-12,sz.000532,9.5000,9.7400,9.0800,9.4600,9.5800,4845862,45758208.0600,3,1.419367,1,-1.252600,113.659850,14.186820,-136.139736,5.220580,0
2010-05-13,sz.000532,9.6000,9.9000,9.3000,9.7500,9.4600,6035817,58239874.5100,3,1.767908,1,3.065500,117.144137,14.621723,-140.313153,5.380619,0
2010-05-14,sz.000532,9.6900,10.0900,9.6000,9.8700,9.7500,6265449,61960125.1800,3,1.835168,1,1.230800,118.585911,14.801682,-142.040084,5.446842,0
2010-05-17,sz.000532,9.7100,9.7800,8.8800,8.8800,9.8700,8663195,79929503.0000,3,2.537475,1,-10.030400,106.691276,13.317015,-127.792902,4.900502,0
2010-05-18,sz.000532,8.7500,8.9800,8.1500,8.7600,8.8800,8672933,74406706.2300,3,2.540327,1,-1.351400,105.249502,13.137056,-126.065971,4.834279,0
2010-05-19,sz.000532,8.6000,8.8000,8.3600,8.6500,8.7600,5829947,50168770.6900,3,1.707608,1,-1.255700,103.927875,12.972093,-124.482951,4.773575,0
2010-05-20,sz.000532,8.5400,8.7200,8.1600,8.1800,8.6500,5433698,45899779.1800,3,1.591546,1,-5.433500,98.280927,12.267251,-117.719137,4.514201,0
2010-05-21,sz.000532,8.1800,8.1800,8.1800,8.1800,8.1800,0,0.0000,3,,0,0.000000,98.280927,12.267251,-117.719137,4.514201,0
2010-05-24,sz.000532,8.4100,9.0000,8.3800,9.0000,8.1800,10309087,90819603.7600,3,3.019561,1,10.024500,108.133050,13.496975,-129.519833,4.966725,0
2010-05-25,sz.000532,8.9000,9.3500,8.8500,9.3000,9.0000,14883406,135334081.2900,3,4.359393,1,3.333300,111.737485,13.946874,-133.837161,5.132283,0
2010-05-26,sz.000532,9.2400,9.3000,9.0100,9.1400,9.3000,6495815,59604976.4500,3,1.902643,1,-1.720400,109.815119,13.706928,-131.534586,5.043985,0
2010-05-27,sz.000532,9.2300,9.4700,9.0500,9.3400,9.1400,9290859,86787174.6200,3,2.721320,1,2.188200,112.218076,14.006861,-134.412805,5.154357,0
2010-05-28,sz.000532,9.3500,9.4800,9.2100,9.3400,9.3400,6711633,62623104.7700,3,1.965857,1,0.000000,112.218076,14.006861,-134.412805,5.154357,0
2010-05-31,sz.000532,9.2500,9.3000,8.8500,8.8500,9.3400,5747070,52118179.8100,3,1.683333,1,-5.246300,106.330832,13.272025,-127.361169,4.883946,0
2010-06-01,sz.000532,8.7500,8.8000,8.3200,8.7100,8.8500,6712903,57573246.6300,3,1.966229,1,-1.581900,104.648762,13.062072,-125.346416,4.806686,0
2010-06-02,sz.000532,8.7000,9.0100,8.5500,8.9800,8.7100,7182076,62851442.1200,3,2.103651,1,3.099900,107.892754,13.466982,-129.232011,4.955688,0
2010-06-03,sz.000532,8.9900,9.2000,8.8100,8.8200,8.9800,7546327,67850960.0700,3,2.210341,1,-1.781700,105.970389,13.227035,-126.929436,4.867391,0
2010-06-04,sz.000532,8.7800,9.2700,8.6600,9.1500,8.8200,8659544,78557833.9300,3,2.536406,1,3.741500,109.935267,13.721925,-131.678497,5.049504,0
2010-06-07,sz.000532,8.8900,9.4900,8.8100,9.3600,9.1500,15526987,144481024.4400,3,4.547899,1,2.295100,112.458372,14.036854,-134.700626,5.165394,0
2010-06-08,sz.000532,9.2800,9.6300,9.1600,9.3400,9.3600,12174696,114726814.7000,3,3.566004,1,-0.213700,112.218076,14.006861,-134.412805,5.154357,0
2010-06-09,sz.000532,9.3600,9.4500,9.2000,9.4400,9.3400,8384242,78374448.7200,3,2.455769,1,1.070658,113.419554,14.156827,-135.851914,5.209543,0
2010-06-10,sz.000532,9.3500,9.4700,9.3000,9.3000,9.4400,5895611,55225168.8100,3,1.726842,1,-1.483100,111.737485,13.946874,-133.837161,5.132283,0
2010-06-11,sz.000532,9.3600,9.3800,8.9900,9.0300,9.3000,8868908,80927471.4500,3,2.597729,1,-2.903200,108.493493,13.541965,-129.951566,4.983281,0
2010-06-17,sz.000532,9.0500,9.1700,8.8600,8.8700,9.0300,3985016,35994023.7100,3,1.167223,1,-1.771900,106.571128,13.302019,-127.648991,4.894984,0
2010-06-18,sz.000532,8.8500,8.9300,8.4400,8.5200,8.8700,5449182,47481283.1400,3,1.596081,1,-3.945900,102.365954,12.777136,-122.612109,4.701833,0
2010-06-21,sz.000532,8.5000,8.9800,8.5000,8.9100,8.5200,4330456,38057864.8700,3,1.268403,1,4.577500,107.051719,13.362005,-128.224635,4.917058,0
2010-06-22,sz.000532,8.9000,9.0500,8.8600,8.9400,8.9100,3430067,30758522.3200,3,1.004677,1,0.336700,107.412163,13.406995,-128.656368,4.933614,0
2010-06-23,sz.000532,8.8500,9.0300,8.6800,8.7300,8.9400,5313294,46715646.2300,3,1.556279,1,-2.349000,104.889058,13.092066,-125.634238,4.817723,0
2010-06-24,sz.000532,8.7200,8.8300,8.5700,8.7000,8.7300,4068359,35359199.6300,3,1.191634,1,-0.343600,104.528615,13.047076,-125.202505,4.801168,0
2010-06-25,sz.000532,8.6200,8.7000,8.4000,8.5900,8.7000,4323501,36943176.6300,3,1.266366,1,-1.264400,103.206988,12.882113,-123.619485,4.740463,0
2010-06-28,sz.000532,8.5700,8.6300,8.3100,8.3700,8.5900,5547474,46680097.8200,3,1.624871,1,-2.561100,100.563736,12.552187,-120.453445,4.619054,0
2010-06-29,sz.000532,8.4200,8.4200,7.5300,7.5500,8.3700,11348131,88371134.1600,3,3.323900,1,-9.796900,90.711614,11.322462,-108.652749,4.166531,0
2010-06-30,sz.000532,7.4900,7.4900,7.0800,7.1900,7.5500,5436831,39195295.5600,3,1.592464,1,-4.768200,86.386292,10.782583,-103.471956,3.967862,0
2010-07-01,sz.000532,7.1500,7.2500,7.0000,7.0100,7.1900,3955838,28120767.2000,3,1.158676,1,-2.503500,84.223631,10.512644,-100.881559,3.868527,0
2010-07-02,sz.000532,7.0000,7.1600,6.8300,7.1500,7.0100,4908342,34576235.8900,3,1.437668,1,1.997100,85.905700,10.722597,-102.896312,3.945787,0
2010-07-05,sz.000532,7.0100,7.2700,6.9400,7.2300,7.1500,4294844,30508362.5700,3,1.257972,1,1.118900,86.866883,10.842570,-104.047599,3.989936,0
2010-07-06,sz.000532,7.2300,7.5500,7.1600,7.3900,7.2300,5426773,40059704.8300,3,1.589518,1,2.213000,88.789248,11.082516,-106.350174,4.078233,0
2010-07-07,sz.000532,7.3500,7.4100,7.2000,7.3600,7.3600,4527893,33111356.0000,3,1.326233,1,0.000000,88.428805,11.037526,-105.918441,4.061677,0
2010-07-08,sz.000532,7.3800,7.4500,7.2700,7.3000,7.3600,3863593,28410360.7200,3,1.131658,1,-0.815200,87.707918,10.947546,-105.054976,4.028566,0
2010-07-09,sz.000532,7.3100,7.6300,7.2400,7.6000,7.3000,7280001,54482455.9400,3,2.132333,1,4.109600,91.312353,11.397445,-109.372304,4.194123,0
2010-07-12,sz.000532,7.5000,8.0000,7.5000,7.7500,7.6000,9387076,73206415.1600,3,2.749502,1,1.973700,93.114570,11.622395,-111.530967,4.276902,0
2010-07-13,sz.000532,7.6500,7.6900,7.4100,7.5400,7.7500,6182943,46583394.7900,3,1.811002,1,-2.709700,90.591466,11.307466,-108.508838,4.161012,0
2010-07-14,sz.000532,7.5600,7.9500,7.5500,7.6800,7.5400,6629624,51391634.6700,3,1.941836,1,1.856800,92.273536,11.517419,-110.523591,4.238272,0
2010-07-15,sz.000532,7.6000,7.7200,7.3300,7.3500,7.6800,5642876,42336884.7400,3,1.652815,1,-4.296900,88.308657,11.022530,-105.774530,4.056159,0
2010-07-16,sz.000532,7.3000,7.4100,7.2400,7.3900,7.3500,3469490,25375842.6600,3,1.016224,1,0.544217,88.789248,11.082516,-106.350174,4.078233,0
2010-07-19,sz.000532,7.3800,7.6800,7.2900,7.6200,7.3900,4794337,36160588.6200,3,1.404275,1,3.112300,91.552649,11.427439,-109.660125,4.205161,0
2010-07-20,sz.000532,7.6400,7.9500,7.6000,7.9400,7.6200,8905659,69756839.8000,3,2.608493,1,4.199500,95.397379,11.907331,-114.265275,4.381755,0
2010-07-21,sz.000532,7.9000,8.1100,7.8600,7.9400,7.9400,10239377,81858266.0200,3,2.999143,1,0.000000,95.397379,11.907331,-114.265275,4.381755,0
2010-07-22,sz.000532,7.8800,8.0500,7.8200,8.0200,7.9400,7341549,58509969.6600,3,2.150361,1,1.007600,96.358562,12.027304,-115.416562,4.425904,0
2010-07-23,sz.000532,8.0000,8.0600,7.8500,8.0400,8.0200,7431493,59153214.6100,3,2.176706,1,0.249400,96.598858,12.057298,-115.704384,4.436941,0
2010-07-26,sz.000532,8.0400,8.2400,7.9800,8.1800,8.0400,11050589,89978484.5800,3,3.236750,1,1.741300,98.280927,12.267251,-117.719137,4.514201,0
2010-07-27,sz.000532,8.1100,8.1800,7.9900,8.0600,8.1800,7377247,59468923.9400,3,2.160817,1,-1.467000,96.839153,12.087291,-115.992206,4.447978,0
2010-07-28,sz.000532,8.0400,8.2500,7.9300,8.2200,8.0600,8669030,70654939.0500,3,2.539184,1,1.985100,98.761519,12.327237,-118.294781,4.536276,0
2010-07-29,sz.000532,8.2200,8.5700,8.1500,8.4000,8.2200,15731323,131271529.1500,3,4.607750,1,2.189800,100.924180,12.597177,-120.885178,4.635610,0
2010-07-30,sz.000532,8.3500,8.3600,8.2100,8.2700,8.4000,7592121,62940173.1500,3,2.223754,1,-1.547600,99.362258,12.402220,-119.014336,4.563869,0
2010-08-02,sz.000532,8.3000,8.4900,8.2300,8.4500,8.2700,9872959,82820618.8700,3,2.891818,1,2.176500,101.524919,12.672160,-121.604732,4.663203,0
2010-08-03,sz.000532,8.4700,8.5600,8.3000,8.3800,8.4500,10129446,85327520.1400,3,2.966944,1,-0.828400,100.683884,12.567183,-120.597356,4.624573,0
2010-08-04,sz.000532,8.3300,8.6300,8.2500,8.5700,8.3800,10602196,89295838.2300,3,3.105414,1,2.267300,102.966693,12.852119,-123.331663,4.729426,0
2010-08-05,sz.000532,8.5600,8.6700,8.4600,8.5600,8.5700,8909685,76490321.3800,3,2.609673,1,-0.116700,102.846545,12.837123,-123.187752,4.723907,0
2010-08-06,sz.000532,8.5000,9.2000,8.4600,9.0100,8.5600,17797503,157157476.0700,3,5.212940,1,5.257000,108.253197,13.511972,-129.663744,4.972244,0
2010-08-09,sz.000532,9.1900,9.3800,8.9300,9.1600,9.0100,20280378,184835832.1400,3,5.940181,1,1.664800,110.055415,13.736921,-131.822408,5.055022,0
2010-08-10,sz.000532,9.1000,9.4700,8.8000,8.8000,9.1600,17221593,156430138.3700,3,5.044254,1,-3.930100,105.730093,13.197042,-126.641615,4.856353,0
2010-08-11,sz.000532,8.7100,9.0400,8.6300,8.8700,8.8000,9258870,81617539.6000,3,2.711950,1,0.795500,106.571128,13.302019,-127.648991,4.894984,0
2010-08-12,sz.000532,8.7500,8.8600,8.4200,8.4500,8.8700,10132716,87719573.6900,3,2.967902,1,-4.735100,101.524919,12.672160,-121.604732,4.663203,0
2010-08-13,sz.000532,8.4900,8.5900,8.3800,8.5700,8.4500,6039797,51309866.0400,3,1.769074,1,1.420100,102.966693,12.852119,-123.331663,4.729426,0
2010-08-16,sz.000532,8.5700,8.8600,8.5500,8.7500,8.5700,7573666,65926562.6200,3,2.218349,1,2.100400,105.129354,13.122059,-125.922060,4.828761,0
2010-08-17,sz.000532,8.7500,8.9000,8.7100,8.8300,8.7500,7332000,64588067.8000,3,2.147564,1,0.914300,106.090536,13.242032,-127.073347,4.872909,0
2010-08-18,sz.000532,8.8700,8.9800,8.6500,8.9400,8.8300,9859802,87052714.0300,3,2.887965,1,1.245800,107.412163,13.406995,-128.656368,4.933614,0
2010-08-19,sz.000532,8.9200,9.0300,8.8200,8.9300,8.9400,9315867,83382032.0500,3,2.728644,1,-0.111900,107.292015,13.391998,-128.512457,4.928095,0
2010-08-20,sz.000532,8.8500,9.0600,8.7500,8.7600,8.9300,9613444,85733885.8700,3,2.815806,1,-1.903700,105.249502,13.137056,-126.065971,4.834279,0
2010-08-23,sz.000532,8.7200,8.9800,8.7200,8.8600,8.7600,6456528,57281637.7300,3,1.891136,1,1.141600,106.450980,13.287022,-127.505080,4.889465,0
2010-08-24,sz.000532,8.8700,8.9500,8.7400,8.8800,8.8600,7416278,65794135.0600,3,2.172249,1,0.225700,106.691276,13.317015,-127.792902,4.900502,0
2010-08-25,sz.000532,8.8100,8.8500,8.4300,8.4900,8.8800,8540477,73516863.3100,3,2.501530,1,-4.391900,102.005510,12.732146,-122.180376,4.685277,0
2010-08-26,sz.000532,8.5000,8.5900,8.3800,8.4400,8.4900,5019497,42459621.1100,3,1.470225,1,-0.588900,101.404771,12.657163,-121.460821,4.657684,0
2010-08-27,sz.000532,8.4500,8.5200,8.2300,8.3200,8.4400,5754523,48091940.6700,3,1.685516,1,-1.421800,735.700348,12.123056,-54.687875,4.560723,0
2010-08-30,sz.000532,8.3700,8.5400,8.3700,8.5200,8.3200,5197536,44015325.9500,3,1.522373,1,2.403800,753.385452,12.414475,-56.002488,4.670356,0
2010-08-31,sz.000532,8.5100,8.5400,8.3700,8.4700,8.5200,5606972,47384546.8000,3,1.642298,1,-0.586900,748.964176,12.341621,-55.673834,4.642947,0
2010-09-01,sz.000532,8.4800,8.5800,8.2700,8.3800,8.4700,6329837,53560262.0900,3,1.854028,1,-1.062600,741.005879,12.210482,-55.082259,4.593613,0
2010-09-02,sz.000532,8.4300,8.6300,8.3800,8.5000,8.3800,7332925,62300821.1800,3,2.147835,1,1.432000,751.616942,12.385333,-55.871026,4.659392,0
2010-09-03,sz.000532,8.5500,8.7700,8.4800,8.7200,8.5000,10946235,94644617.3300,3,3.206184,1,2.588200,771.070557,12.705895,-57.317100,4.779988,0
2010-09-06,sz.000532,8.7300,8.8600,8.6300,8.8000,8.7200,8379416,73433826.7000,3,2.448882,1,0.917400,778.144598,12.822463,-57.842945,4.823841,0
2010-09-07,sz.000532,8.7900,8.8000,8.6000,8.7800,8.8000,6649250,57922232.6200,3,1.943241,1,-0.227300,776.376088,12.793321,-57.711484,4.812878,0
2010-09-08,sz.000532,8.7700,8.9000,8.6700,8.8300,8.7800,7929178,69725537.0700,3,2.317300,1,0.569478,780.797364,12.866176,-58.040137,4.840286,0
2010-09-09,sz.000532,8.8500,8.8800,8.4700,8.7200,8.8300,11057891,96113065.2700,3,3.231665,1,-1.245800,771.070557,12.705895,-57.317100,4.779988,0
2010-09-10,sz.000532,8.6100,8.7800,8.5000,8.7500,8.7200,6368489,55017161.0200,3,1.861189,1,0.344000,773.723322,12.749608,-57.514292,4.796433,0
2010-09-13,sz.000532,8.7400,9.0400,8.7100,8.9700,8.7500,15902443,141946534.2000,3,4.647484,1,2.514300,793.176937,13.070170,-58.960365,4.917029,0
2010-09-14,sz.000532,8.9200,9.2600,8.8300,9.1700,8.9700,18271355,165588304.4900,3,5.339798,1,2.229700,810.862042,13.361589,-60.274978,5.026662,0
2010-09-15,sz.000532,9.1100,9.2500,8.9200,8.9500,9.1700,15600967,141630491.7900,3,4.559378,1,-2.399100,791.408427,13.041028,-58.828904,4.906066,0
2010-09-16,sz.000532,8.9500,9.0200,8.3400,8.5100,8.9500,9938045,85442224.6600,3,2.904390,1,-4.916200,752.501197,12.399904,-55.936757,4.664874,0
2010-09-17,sz.000532,8.5100,8.5700,8.3000,8.3500,8.5100,5382336,45302532.1900,3,1.572986,1,-1.880100,738.353113,12.166769,-54.885067,4.577168,0
2010-09-20,sz.000532,8.3600,8.4200,8.2300,8.2400,8.3500,3726116,31052569.1500,3,1.088956,1,-1.317400,728.626306,12.006488,-54.162030,4.516870,0
2010-09-21,sz.000532,8.2400,8.3100,8.0300,8.1200,8.2400,4454506,36236528.7400,3,1.301828,1,-1.456300,718.015243,11.831636,-53.373263,4.451090,0
2010-09-27,sz.000532,8.1600,8.3400,8.1300,8.3100,8.1200,3424988,28217821.8700,3,1.000952,1,2.339900,734.816092,12.108485,-54.622145,4.555241,0
2010-09-28,sz.000532,8.3100,8.3500,8.0300,8.1500,8.3100,4533291,37317645.3200,3,1.324853,1,-1.925400,720.668009,11.875349,-53.570455,4.467535,0
2010-09-29,sz.000532,8.1500,8.3600,8.0700,8.3200,8.1500,7121188,58863544.2300,3,2.081165,1,2.085900,735.700348,12.123056,-54.687875,4.560723,0
2010-09-30,sz.000532,8.3500,8.3600,8.2300,8.3400,8.3200,4027897,33457515.1400,3,1.177152,1,0.240400,737.468858,12.152198,-54.819336,4.571686,0
2010-10-08,sz.000532,8.3600,8.5700,8.3600,8.5000,8.3400,4749309,40312971.7700,3,1.387984,1,1.918500,751.616942,12.385333,-55.871026,4.659392,0
2010-10-11,sz.000532,8.5700,8.7000,8.4800,8.6700,8.5000,7586352,65445520.4600,3,2.217109,1,2.000000,766.649280,12.633040,-56.988447,4.752580,0
2010-10-12,sz.000532,8.6500,8.7700,8.5400,8.6700,8.6700,7326464,63632861.6500,3,2.141157,1,0.000000,766.649280,12.633040,-56.988447,4.752580,0
2010-10-13,sz.000532,8.7000,8.8900,8.6600,8.8500,8.6700,11015842,96734842.3500,3,3.219376,1,2.076100,782.565875,12.895318,-58.171598,4.851250,0
2010-10-14,sz.000532,8.8000,8.8200,8.5000,8.5000,8.8500,8183439,70710378.0200,3,2.391607,1,-3.954800,751.616942,12.385333,-55.871026,4.659392,0
2010-10-15,sz.000532,8.5000,8.9100,8.5000,8.8300,8.5000,12539796,109990031.3500,3,3.664751,1,3.882400,780.797364,12.866176,-58.040137,4.840286,0
2010-10-18,sz.000532,8.8300,9.0800,8.5300,8.9700,8.8300,12613326,111678773.5500,3,3.686240,1,1.585500,793.176937,13.070170,-58.960365,4.917029,0
2010-10-19,sz.000532,9.0000,9.4500,8.9900,9.3500,8.9700,23186451,215307570.2700,3,6.776233,1,4.236300,826.778636,13.623867,-61.458129,5.125332,0
2010-10-20,sz.000532,9.1600,9.5400,9.0000,9.2100,9.3500,20220979,187623458.0500,3,5.909575,1,-1.497300,814.399063,13.419873,-60.537900,5.048589,0
2010-10-21,sz.000532,9.2000,9.8000,9.1300,9.7600,9.2100,27989141,267234260.9500,3,8.179817,1,5.971800,863.033100,14.221277,-64.153084,5.350079,0
2010-10-22,sz.000532,9.8400,9.9800,9.5300,9.5900,9.7600,21020881,203987321.2100,3,6.143346,1,-1.741800,848.000761,13.973570,-63.035664,5.256891,0
2010-10-25,sz.000532,9.5400,9.7800,9.4800,9.7600,9.5900,15604112,149788807.5400,3,4.560297,1,1.772700,188.361777,13.480343,190.043865,4.922144,0
2010-10-26,sz.000532,9.7700,9.8000,9.4100,9.6100,9.7600,13299336,127245230.2500,3,3.886727,1,-1.536900,185.466872,13.273166,187.123109,4.846497,0
2010-10-27,sz.000532,9.5900,9.8500,9.5300,9.7300,9.6100,17754139,172285974.6400,3,5.188641,1,1.248700,187.782796,13.438908,189.459714,4.907015,0
2010-10-28,sz.000532,9.7300,9.7600,9.4700,9.4800,9.7300,12507504,119870426.9700,3,3.655314,1,-2.569400,182.957955,13.093612,184.591787,4.780935,0
2010-10-29,sz.000532,9.5000,9.5700,9.2300,9.3700,9.4800,10623354,99402102.6500,3,3.104672,1,-1.160300,180.835025,12.941682,182.449899,4.725460,0
2010-11-01,sz.000532,9.3300,9.5500,9.3300,9.4600,9.3700,9523717,90154879.9100,3,2.783303,1,0.960500,182.571968,13.065988,184.202353,4.770849,0
2010-11-02,sz.000532,9.7900,10.4100,9.4700,10.4100,9.4600,18469219,190349537.6800,3,5.397623,1,10.042300,200.906362,14.378112,202.700475,5.249951,0
2010-11-03,sz.000532,10.5700,10.6400,9.8000,9.8900,10.4100,32580507,334319968.2700,3,9.521643,1,-4.995200,190.870694,13.659897,192.575187,4.987706,0
2010-11-04,sz.000532,9.8000,10.3300,9.5200,10.1800,9.8900,23482574,233356323.4300,3,6.862775,1,2.932300,196.467509,14.060440,198.221982,5.133958,0
2010-11-05,sz.000532,10.0100,10.5100,10.0100,10.3200,10.1800,19753670,202255813.4700,3,5.773004,1,1.375200,199.169419,14.253806,200.948021,5.204562,0
2010-11-08,sz.000532,10.3200,10.6000,10.2200,10.4200,10.3200,15120790,157289646.8500,3,4.419046,1,0.969000,201.099356,14.391924,202.895192,5.254994,0
2010-11-09,sz.000532,10.3600,10.3600,10.0700,10.1500,10.4200,11854832,120543854.3500,3,3.464571,1,-2.591200,195.888528,14.019005,197.637831,5.118828,0
2010-11-10,sz.000532,10.1000,10.3200,9.9700,10.2300,10.1500,9435484,95919754.1100,3,2.757517,1,0.788200,197.432477,14.129499,199.195568,5.159174,0
2010-11-11,sz.000532,10.0800,10.5500,10.0800,10.1400,10.2300,17271400,179049692.4200,3,5.047561,1,-0.879800,195.695534,14.005193,197.443114,5.113785,0
2010-11-12,sz.000532,10.0800,10.2800,9.1300,9.1600,10.1400,14975011,146439524.0300,3,4.376442,1,-9.664700,176.782159,12.651634,178.360841,4.619553,0
2010-11-15,sz.000532,9.1300,9.6400,9.1100,9.4300,9.1600,7982534,75049955.7500,3,2.332893,1,2.947600,181.992987,13.024553,183.618202,4.755719,0
2010-11-16,sz.000532,9.3800,9.5800,8.7600,8.8600,9.4300,10529105,97464850.1300,3,3.077128,1,-6.044500,170.992350,12.237279,172.519328,4.468258,0
2010-11-17,sz.000532,8.7600,9.0500,8.3100,8.4700,8.8600,7093800,61735183.4400,3,2.073161,1,-4.401800,163.465599,11.698618,164.925362,4.271574,0
2010-11-18,sz.000532,8.6000,8.6800,8.3800,8.5900,8.4700,4887228,41816951.8000,3,1.428291,1,1.416800,165.781523,11.864359,167.261967,4.332092,0
2010-11-19,sz.000532,8.6700,8.9700,8.5700,8.9200,8.5900,9175518,80766240.1600,3,2.681542,1,3.841700,172.150312,12.320150,173.687631,4.498517,0
2010-11-22,sz.000532,8.8000,9.3500,8.7700,9.0800,8.9200,9408203,85950640.4900,3,2.749544,1,1.793700,175.238210,12.541139,176.803104,4.579208,0
2010-11-23,sz.000532,8.9700,9.0600,8.5800,8.8500,9.0800,5286839,46605506.3400,3,1.545077,1,-2.533000,170.799357,12.223467,172.324611,4.463215,0
2010-11-24,sz.000532,8.8600,9.1500,8.8000,9.1500,8.8500,5607522,50484451.1200,3,1.638796,1,3.389800,176.589166,12.637822,178.166124,4.614510,0
2010-11-25,sz.000532,9.2200,9.2400,9.0900,9.1700,9.1500,6053285,55461271.1500,3,1.769071,1,0.218600,176.975153,12.665445,178.555558,4.624597,0
2010-11-26,sz.000532,9.1300,9.2300,9.0200,9.1000,9.1700,5545851,50596691.7200,3,1.620773,1,-0.763400,175.624197,12.568763,177.192538,4.589294,0
2010-11-29,sz.000532,9.1100,9.4900,8.9700,9.4700,9.1000,11454176,106555673.3500,3,3.347479,1,4.065900,182.764961,13.079800,184.397070,4.775892,0
2010-11-30,sz.000532,9.3700,9.4600,8.8000,9.1600,9.4700,9189662,84116882.5500,3,2.685676,1,-3.273500,176.782159,12.651634,178.360841,4.619553,0
2010-12-01,sz.000532,9.1000,9.4900,9.0800,9.4500,9.1600,9466793,88697765.0500,3,2.766667,1,3.165900,182.378974,13.052177,184.007636,4.765806,0
2010-12-02,sz.000532,9.4800,9.6200,9.3000,9.4000,9.4500,10358882,97860325.1800,3,3.027380,1,-0.529100,181.414006,12.983117,183.034050,4.740590,0
2010-12-03,sz.000532,9.3100,9.4000,9.0800,9.3300,9.4000,6402107,59028941.6200,3,1.871014,1,-0.744700,180.063051,12.886435,181.671031,4.705287,0
2010-12-06,sz.000532,9.3000,9.3300,8.9300,8.9700,9.3300,6017698,54565467.5900,3,1.758670,1,-3.858500,173.115280,12.389209,174.661216,4.523733,0
2010-12-07,sz.000532,8.9000,9.0600,8.6500,9.0400,8.9700,6319484,55816357.7300,3,1.846867,1,0.780400,174.466236,12.485892,176.024236,4.559035,0
2010-12-08,sz.000532,8.9800,9.1200,8.9000,8.9300,9.0400,3683293,33163031.3600,3,1.076441,1,-1.216800,172.343306,12.333962,173.882348,4.503560,0
2010-12-09,sz.000532,8.9400,8.9800,8.6800,8.6900,8.9300,3096648,27133410.2900,3,0.904994,1,-2.687600,167.711459,12.002478,169.209138,4.382524,0
2010-12-10,sz.000532,8.7000,8.9800,8.6300,8.9400,8.6900,3397032,29831828.5100,3,0.992781,1,2.876900,172.536299,12.347773,174.077065,4.508603,0
2010-12-13,sz.000532,8.9400,9.1000,8.9000,9.0700,8.9400,6515967,58860392.9800,3,1.904289,1,1.454100,175.045217,12.527327,176.608387,4.574165,0
2010-12-14,sz.000532,9.0900,9.2200,9.0400,9.2100,9.0700,5984747,54679732.9600,3,1.749040,1,1.543600,177.747127,12.720693,179.334426,4.644769,0
2010-12-15,sz.000532,9.1600,9.2700,9.1100,9.1500,9.2100,4976396,45695202.1500,3,1.454350,1,-0.651500,176.589166,12.637822,178.166124,4.614510,0
2010-12-16,sz.000532,9.1500,9.5000,9.1500,9.3000,9.1500,9539112,89424970.2600,3,2.787802,1,1.639300,179.484070,12.844999,181.086880,4.690158,0
2010-12-17,sz.000532,9.2900,9.4300,9.2000,9.3500,9.3000,4327882,40372467.0100,3,1.264822,1,0.537600,180.449038,12.914058,182.060465,4.715374,0
2010-12-20,sz.000532,9.3700,9.4200,8.8000,9.0700,9.3500,6267764,57052933.1400,3,1.831752,1,-2.994700,175.045217,12.527327,176.608387,4.574165,0
2010-12-21,sz.000532,9.0900,9.1700,8.9200,9.1500,9.0700,3960837,35885183.9700,3,1.157553,1,0.882000,176.589166,12.637822,178.166124,4.614510,0
2010-12-22,sz.000532,9.1700,9.1700,8.9500,9.0500,9.1500,3351018,30249145.0400,3,0.979334,1,-1.092900,174.659229,12.499704,176.218953,4.564078,0
2010-12-23,sz.000532,9.0500,9.1500,8.8400,9.1500,9.0500,5197151,46905020.0400,3,1.518866,1,1.105000,176.589166,12.637822,178.166124,4.614510,0
2010-12-24,sz.000532,9.0400,9.0900,8.8000,8.8700,9.1500,3106659,27684362.4700,3,0.907920,1,-3.060100,171.185344,12.251091,172.714045,4.473301,0
2010-12-27,sz.000532,8.8900,9.2000,8.8500,9.0500,8.8700,9498086,85717553.9200,3,2.775813,1,2.029300,174.659229,12.499704,176.218953,4.564078,0
2010-12-28,sz.000532,8.9600,8.9600,8.5000,8.5600,9.0500,3457214,30082410.4400,3,1.010370,1,-5.414400,165.202542,11.822924,166.677816,4.316963,0
2010-12-29,sz.000532,8.5600,9.0200,8.5000,8.9600,8.5600,4554477,40064496.1000,3,1.331044,1,4.672900,172.922287,12.375397,174.466499,4.518690,0
2010-12-30,sz.000532,8.9100,9.0200,8.8400,8.9400,8.9600,2382619,21328543.8600,3,0.696320,1,-0.223200,172.536299,12.347773,174.077065,4.508603,0
2010-12-31,sz.000532,8.9200,9.2200,8.9200,9.1800,8.9400,5881960,53681285.5000,3,1.719001,1,2.684600,177.168146,12.679257,178.750275,4.629640,0
2011-01-04,sz.000532,9.1300,9.2400,9.1000,9.2000,9.1800,4575174,41961058.1900,3,1.337093,1,0.217900,177.554134,12.706881,179.139709,4.639726,0
2011-01-05,sz.000532,9.1800,9.3200,9.1100,9.2600,9.2000,6149167,56860708.1100,3,1.797092,1,0.652200,178.712095,12.789752,180.308011,4.669985,0
2011-01-06,sz.000532,9.2700,9.3200,9.1500,9.1800,9.2600,3422105,31548009.1400,3,1.000109,1,-0.863900,177.168146,12.679257,178.750275,4.629640,0
2011-01-07,sz.000532,9.1800,9.7000,9.1500,9.4900,9.1800,15704316,148673856.1100,3,4.589581,1,3.376900,183.150949,13.107424,184.786504,4.785978,0
2011-01-10,sz.000532,9.4400,9.5500,9.1500,9.1500,9.4900,7266353,67895958.4800,3,2.123589,1,-3.582700,176.589166,12.637822,178.166124,4.614510,0
2011-01-11,sz.000532,9.0000,9.0800,8.6300,8.6800,9.1500,8212925,72535953.2000,3,2.400225,1,-5.136600,167.518465,11.988666,169.014421,4.377481,0
2011-01-12,sz.000532,8.6800,8.8100,8.6700,8.7700,8.6800,3284084,28680557.2000,3,0.959772,1,1.036900,169.255408,12.112972,170.766875,4.422869,0
2011-01-13,sz.000532,8.7600,8.8600,8.7500,8.7700,8.7700,1847311,16257031.0000,3,0.539876,1,0.000000,169.255408,12.112972,170.766875,4.422869,0
2011-01-14,sz.000532,8.7300,8.7900,8.5100,8.5500,8.7700,3144905,26972208.9500,3,0.919097,1,-2.508600,165.009548,11.809112,166.483099,4.311919,0
2011-01-17,sz.000532,8.4600,8.4900,8.1000,8.1500,8.5500,3171940,26271178.1100,3,0.926998,1,-4.678400,157.289803,11.256639,158.694416,4.110192,0
2011-01-18,sz.000532,8.0000,8.2500,8.0000,8.2100,8.1500,1557443,12685247.0100,3,0.455162,1,0.736200,158.447765,11.339510,159.862718,4.140451,0
2011-01-19,sz.000532,8.2000,8.4100,8.2000,8.3400,8.2100,1649355,13711700.4700,3,0.482023,1,1.583400,160.956682,11.519064,162.394040,4.206013,0
2011-01-20,sz.000532,8.3400,8.3400,8.0100,8.0200,8.3400,1683548,13717801.3200,3,0.492016,1,-3.836900,154.780886,11.077085,156.163094,4.044631,0
2011-01-21,sz.000532,7.9500,8.1200,7.9100,8.0400,8.0200,1988387,15956872.7400,3,0.581105,1,0.249400,155.166873,11.104709,156.552528,4.054717,0
2011-01-24,sz.000532,8.0500,8.1000,7.6800,7.6900,8.0400,2967781,23343447.1100,3,0.867333,1,-4.353200,148.412096,10.621295,149.737431,3.878206,0
2011-01-25,sz.000532,7.7700,7.7800,7.3700,7.4200,7.6900,3206120,24114383.2200,3,0.936988,1,-3.511100,143.201269,10.248376,144.480070,3.742040,0
2011-01-26,sz.000532,7.4300,7.8300,7.4000,7.7600,7.4200,4623489,35076276.2300,3,1.351213,1,4.582200,149.763052,10.717978,151.100450,3.913508,0
2011-01-27,sz.000532,7.6600,7.9500,7.6000,7.9300,7.7600,3920827,30690446.2100,3,1.145860,1,2.190700,153.043943,10.952779,154.410640,3.999242,0
2011-01-28,sz.000532,7.9300,7.9600,7.8500,7.9500,7.9300,1198382,9474963.8100,3,0.350227,1,0.252200,153.429931,10.980403,154.800075,4.009329,0
2011-01-31,sz.000532,7.9100,8.2700,7.8700,8.2500,7.9500,2711547,22155112.4000,3,0.792449,1,3.773600,159.219739,11.394757,160.641587,4.160624,0
2011-02-01,sz.000532,8.2500,8.3000,8.0800,8.2400,8.2500,1804966,14800856.0700,3,0.527501,1,-0.121200,159.026746,11.380946,160.446870,4.155581,0
2011-02-09,sz.000532,8.5000,9.0600,8.5000,8.9900,8.2400,14530413,129210662.9400,3,4.246508,1,9.101900,173.501268,12.416833,175.050650,4.533819,0
2011-02-10,sz.000532,8.7700,9.1400,8.7700,9.0700,8.9900,10457587,94139879.5200,3,3.056226,1,0.889900,175.045217,12.527327,176.608387,4.574165,0
2011-02-11,sz.000532,8.9000,9.0700,8.7600,8.9500,9.0700,7289648,64973530.0200,3,2.130397,1,-1.323000,172.729293,12.361585,174.271782,4.513647,0
2011-02-14,sz.000532,8.9000,9.2500,8.8600,9.0000,8.9500,9949939,90288988.3500,3,2.907866,1,0.558700,173.694261,12.430644,175.245367,4.538862,0
2011-02-15,sz.000532,9.1100,9.5300,9.1000,9.1900,9.0000,14591761,135907232.7400,3,4.264437,1,2.111100,177.361140,12.693069,178.944992,4.634683,0
2011-02-16,sz.000532,9.2500,9.3800,9.0000,9.3100,9.1900,8894165,82067970.7600,3,2.599317,1,1.305800,179.677064,12.858811,181.281597,4.695201,0
2011-02-17,sz.000532,9.2900,9.3500,9.1100,9.3200,9.3100,6542151,60329963.1500,3,1.911942,1,0.107400,179.870057,12.872623,181.476314,4.700244,0
2011-02-18,sz.000532,9.3000,9.3300,9.1200,9.1500,9.3200,5874501,54142628.1600,3,1.716821,1,-1.824000,176.589166,12.637822,178.166124,4.614510,0
2011-02-21,sz.000532,9.1100,9.5700,9.0800,9.5700,9.1500,11053973,104224828.6500,3,3.230520,1,4.590200,184.694898,13.217919,186.344241,4.826324,0
2011-02-22,sz.000532,9.6000,9.6200,9.1000,9.1300,9.5700,9230565,85539513.6100,3,2.697630,1,-4.597700,176.203178,12.610198,177.776689,4.604424,0
2011-02-23,sz.000532,9.1400,9.9000,8.9600,9.6900,9.1300,18961763,180608247.8800,3,5.541569,1,6.133600,187.010821,13.383660,188.680846,4.886842,0
2011-02-24,sz.000532,9.6000,9.9000,9.4600,9.5400,9.6900,12912417,124035150.1100,3,3.773650,1,-1.548000,184.115917,13.176483,185.760089,4.811194,0
2011-02-25,sz.000532,9.4800,9.7000,9.4400,9.5600,9.5400,7451904,71329509.8600,3,2.177817,1,0.209600,184.501904,13.204107,186.149524,4.821281,0
2011-02-28,sz.000532,9.5600,10.1800,9.2100,9.7700,9.5600,17296014,168129550.3600,3,5.054754,1,2.196700,188.554770,13.494155,190.238582,4.927187,0
2011-03-01,sz.000532,9.6700,9.9300,9.5500,9.7100,9.7700,11776671,114150030.3800,3,3.441728,1,-0.614129,187.396808,13.411284,189.070280,4.896928,0
2011-03-02,sz.000532,9.5900,9.7800,9.4200,9.5700,9.7100,9809951,94002251.7500,3,2.866955,1,-1.441800,184.694898,13.217919,186.344241,4.826324,0
2011-03-03,sz.000532,9.4500,9.7200,9.2900,9.2900,9.5700,8244035,78375523.4700,3,2.409317,1,-2.925800,179.291076,12.831187,180.892163,4.685115,0
2011-03-04,sz.000532,9.3000,9.5700,9.2300,9.5600,9.2900,6253884,58857096.9100,3,1.827696,1,2.906400,184.501904,13.204107,186.149524,4.821281,0
2011-03-07,sz.000532,9.5900,9.7700,9.5000,9.5600,9.5600,8164072,78371882.2400,3,2.385947,1,0.000000,184.501904,13.204107,186.149524,4.821281,0
2011-03-08,sz.000532,9.5100,9.9600,9.5100,9.9500,9.5600,16544950,162167148.1000,3,4.835256,1,4.079500,192.028655,13.742768,193.743490,5.017965,0
2011-03-09,sz.000532,9.9100,10.5200,9.8200,10.3700,9.9500,30098577,309362135.1600,3,8.796299,1,4.221100,200.134388,14.322865,201.921607,5.229778,0
2011-03-10,sz.000532,10.2800,10.3500,10.0600,10.0900,10.3700,14495954,147453083.8400,3,4.236438,1,-2.700100,194.730566,13.936134,196.469529,5.088569,0
2011-03-11,sz.000532,10.0000,11.1000,10.0000,11.0900,10.0900,48414101,525945908.3000,3,14.149005,1,9.910800,214.029928,15.317316,215.941236,5.592887,0
2011-03-14,sz.000532,11.0900,11.0900,11.0900,11.0900,11.0900,0,0.0000,3,,0,0.000000,214.029928,15.317316,215.941236,5.592887,0
2011-03-15,sz.000532,10.7100,11.5700,10.5400,11.4700,11.0900,47118235,516793917.9900,3,13.770289,1,3.426500,221.363686,15.842166,223.340485,5.784528,0
2011-03-16,sz.000532,11.3000,11.5400,11.0800,11.2100,11.4700,18691844,210826473.2000,3,5.462685,1,-2.266800,216.345852,15.483058,218.277841,5.653405,0
2011-03-17,sz.000532,11.1000,11.5500,10.8500,11.0200,11.2100,17203726,192050336.9200,3,5.027783,1,-1.694900,212.678973,15.220633,214.578217,5.557585,0
2011-03-18,sz.000532,11.0200,11.0200,11.0200,11.0200,11.0200,0,0.0000,3,,0,0.000000,212.678973,15.220633,214.578217,5.557585,0
2011-03-21,sz.000532,11.0200,11.0200,11.0200,11.0200,11.0200,0,0.0000,3,,0,0.000000,212.678973,15.220633,214.578217,5.557585,0
2011-03-22,sz.000532,11.0200,11.0200,11.0200,11.0200,11.0200,0,0.0000,3,,0,0.000000,212.678973,15.220633,214.578217,5.557585,0
2011-03-23,sz.000532,11.0200,11.0200,11.0200,11.0200,11.0200,0,0.0000,3,,0,0.000000,212.678973,15.220633,214.578217,5.557585,0
2011-03-24,sz.000532,11.0200,11.0200,11.0200,11.0200,11.0200,0,0.0000,3,,0,0.000000,212.678973,15.220633,214.578217,5.557585,0
2011-03-25,sz.000532,11.0200,11.0200,11.0200,11.0200,11.0200,0,0.0000,3,,0,0.000000,212.678973,15.220633,214.578217,5.557585,0
2011-03-28,sz.000532,11.0200,11.0200,11.0200,11.0200,11.0200,0,0.0000,3,,0,0.000000,212.678973,15.220633,214.578217,5.557585,0
2011-03-29,sz.000532,11.0200,11.0200,11.0200,11.0200,11.0200,0,0.0000,3,,0,0.000000,212.678973,15.220633,214.578217,5.557585,0
2011-03-30,sz.000532,12.1200,12.1200,11.6000,12.1200,11.0200,24862759,301003364.4000,3,7.266133,1,9.981900,233.908272,16.739934,235.997095,6.112335,0
2011-03-31,sz.000532,12.1200,12.1200,12.1200,12.1200,12.1200,0,0.0000,3,,0,0.000000,233.908272,16.739934,235.997095,6.112335,0
2011-04-01,sz.000532,12.1200,12.1200,12.1200,12.1200,12.1200,0,0.0000,3,,0,0.000000,233.908272,16.739934,235.997095,6.112335,0
2011-04-06,sz.000532,12.1200,12.1200,12.1200,12.1200,12.1200,0,0.0000,3,,0,0.000000,233.908272,16.739934,235.997095,6.112335,0
2011-04-07,sz.000532,12.1200,12.1200,12.1200,12.1200,12.1200,0,0.0000,3,,0,0.000000,233.908272,16.739934,235.997095,6.112335,0
2011-04-08,sz.000532,12.1200,12.1200,12.1200,12.1200,12.1200,0,0.0000,3,,0,0.000000,233.908272,16.739934,235.997095,6.112335,0
2011-04-11,sz.000532,12.1200,12.1200,12.1200,12.1200,12.1200,0,0.0000,3,,0,0.000000,233.908272,16.739934,235.997095,6.112335,0
2011-04-12,sz.000532,12.1200,12.1200,12.1200,12.1200,12.1200,0,0.0000,3,,0,0.000000,233.908272,16.739934,235.997095,6.112335,0
2011-04-13,sz.000532,12.1200,12.1200,12.1200,12.1200,12.1200,0,0.0000,3,,0,0.000000,233.908272,16.739934,235.997095,6.112335,0
2011-04-14,sz.000532,11.6900,12.2500,11.2200,11.6800,12.1200,19632390,231595989.4800,3,5.737560,1,-3.630400,168.810576,15.733302,109.563792,5.579177,0
2011-04-15,sz.000532,11.6800,12.3800,11.5200,11.6400,11.6800,15693744,186606759.9100,3,4.586492,1,-0.342500,168.232458,15.679420,109.188573,5.560070,0
2011-04-18,sz.000532,11.4800,11.7000,11.0300,11.2000,11.6400,16333632,183005255.0600,3,4.773499,1,-3.780100,161.873155,15.086728,105.061170,5.349895,0
2011-04-19,sz.000532,11.1000,11.1100,10.6000,10.6400,11.2000,12997060,140071469.5400,3,3.798387,1,-5.000000,153.779498,14.332391,99.808111,5.082401,0
2011-04-20,sz.000532,10.6200,10.8400,10.5500,10.6000,10.6400,9400010,100370560.7900,3,2.747150,1,-0.375900,153.201379,14.278510,99.432893,5.063294,0
2011-04-21,sz.000532,10.7000,10.8700,10.5900,10.7100,10.6000,8761101,94292560.4200,3,2.560429,1,1.037700,154.791205,14.426683,100.464744,5.115838,0
2011-04-22,sz.000532,10.6900,10.7400,10.1700,10.3000,10.7100,12374372,128153061.1700,3,3.616406,1,-3.828200,148.865491,13.874401,96.618755,4.919993,0
2011-04-25,sz.000532,10.2200,10.5800,10.0600,10.4200,10.3000,9577629,99389579.6100,3,2.799059,1,1.165000,150.599846,14.036045,97.744410,4.977313,0
2011-04-26,sz.000532,10.3200,10.7300,10.2700,10.4700,10.4200,9335043,98532193.5200,3,2.728163,1,0.479800,151.322494,14.103396,98.213433,5.001197,0
2011-04-27,sz.000532,10.5700,10.7900,10.0300,10.1500,10.4700,8186108,85108730.6100,3,2.392387,1,-3.056400,138.695671,13.652841,122.972680,4.936098,0
2011-04-28,sz.000532,10.1300,10.3800,9.6700,9.6900,10.1500,6799851,67875814.6500,3,1.987254,1,-4.532000,132.409956,13.034091,117.399534,4.712393,0
2011-04-29,sz.000532,9.6800,9.9500,9.6700,9.9100,9.6900,3490457,34318551.0000,3,1.020085,1,2.270400,135.416168,13.330015,120.064952,4.819383,0
2011-05-03,sz.000532,10.0100,10.1600,9.9500,10.1000,9.9100,3643412,36637827.4600,3,1.064786,1,1.917300,138.012441,13.585585,122.366904,4.911783,0
2011-05-04,sz.000532,9.9900,10.1800,9.8200,10.1500,10.1000,5555667,55498606.3900,3,1.623642,1,0.495000,138.695671,13.652841,122.972680,4.936098,0
2011-05-05,sz.000532,10.0500,10.8000,10.0200,10.7100,10.1500,12470508,132310238.7400,3,3.644502,1,5.517200,146.347846,14.406101,129.757380,5.208435,0
2011-05-06,sz.000532,10.5000,10.8400,10.4200,10.7200,10.7100,8547529,91259941.4100,3,2.498013,1,0.093400,146.484492,14.419552,129.878535,5.213298,0
2011-05-09,sz.000532,10.7200,10.9700,10.6100,10.9000,10.7200,6842658,73808866.9900,3,1.999765,1,1.679100,148.944120,14.661671,132.059332,5.300835,0
2011-05-10,sz.000532,10.8300,11.0200,10.6500,10.7500,10.9000,6025135,64988485.5800,3,1.760844,1,-1.376100,146.894430,14.459905,130.242001,5.227887,0
2011-05-11,sz.000532,10.7600,10.7900,10.3700,10.4600,10.7500,7414015,77994016.2400,3,2.166743,1,-2.697700,142.931696,14.069824,126.728496,5.086856,0
2011-05-12,sz.000532,10.3700,10.3800,10.0300,10.0300,10.4600,6755127,68850581.7200,3,1.974184,1,-4.110900,137.055919,13.491428,121.518816,4.877741,0
2011-05-13,sz.000532,10.0300,10.0300,10.0300,10.0300,10.0300,0,0.0000,3,,0,0.000000,137.055919,13.491428,121.518816,4.877741,0
2011-05-16,sz.000532,10.1000,11.0300,10.0700,11.0300,10.0300,9799788,106342847.3300,3,2.863985,1,9.970100,150.720517,14.836535,133.634351,5.364056,0
2011-05-17,sz.000532,11.4800,12.0400,11.2800,12.0300,11.0300,34898336,408378315.5300,3,10.199027,1,9.066200,164.385116,16.181643,145.749886,5.850371,0
2011-05-18,sz.000532,12.0300,12.0300,12.0300,12.0300,12.0300,0,0.0000,3,,0,0.000000,164.385116,16.181643,145.749886,5.850371,0
2011-05-19,sz.000532,11.5000,11.7000,11.1600,11.5000,12.0300,20598746,234426231.7300,3,6.019977,1,-4.405700,157.142879,15.468736,139.328653,5.592624,0
2011-05-20,sz.000532,11.3100,12.3000,11.2100,11.8800,11.5000,21709956,256475169.1500,3,6.344728,1,3.304300,162.335426,15.979876,143.932556,5.777424,0
2011-05-23,sz.000532,11.9000,12.2400,11.0700,11.2700,11.8800,17003770,198622792.4200,3,4.969346,1,-5.134700,154.000021,15.159361,136.542080,5.480771,0
2011-05-24,sz.000532,11.0600,11.2400,10.6500,11.1500,11.2700,9918715,108346924.1300,3,2.898741,1,-1.064800,152.360269,14.997948,135.088215,5.422414,0
2011-05-25,sz.000532,11.1000,12.2700,10.7500,12.1000,11.1500,31670680,375283902.8200,3,9.255746,1,8.520200,165.341637,16.275800,146.597974,5.884413,0
2011-05-26,sz.000532,12.0200,12.5200,11.9000,12.0800,12.1000,31623328,386225622.7900,3,9.241907,1,-0.165300,165.068345,16.248898,146.355663,5.874687,0
2011-05-27,sz.000532,11.8500,11.8600,10.8700,10.8700,12.0800,23576800,261252909.6400,3,6.890312,1,-10.016600,148.534182,14.621318,131.695866,5.286245,0
2011-05-30,sz.000532,10.3400,10.4700,9.7800,9.7800,10.8700,13887222,140026685.2300,3,4.058536,1,-10.027600,133.639770,13.155151,118.489932,4.756162,0
2011-05-31,sz.000532,9.7800,10.4200,9.7800,10.1900,9.7800,9165947,93119635.2100,3,2.678745,1,4.192200,139.242255,13.706645,123.457302,4.955551,0
2011-06-01,sz.000532,10.1000,10.8000,10.0000,10.4900,10.1900,12064399,125428697.7500,3,3.525817,1,2.944100,143.341634,14.110177,127.091962,5.101446,0
2011-06-02,sz.000532,10.2500,10.4600,10.0000,10.2800,10.4900,8164917,83586605.2200,3,2.386194,1,-2.001900,140.472069,13.827705,124.547700,4.999319,0
2011-06-03,sz.000532,10.3400,10.6700,10.2900,10.5000,10.2800,7493338,78744741.6200,3,2.189926,1,2.140100,143.478280,14.123628,127.213118,5.106309,0
2011-06-07,sz.000532,10.5100,11.0300,10.4500,10.8300,10.5000,11229666,120975851.6000,3,3.281866,1,3.142900,147.987598,14.567514,131.211244,5.266793,0
2011-06-08,sz.000532,10.8000,11.3300,10.6700,11.1700,10.8300,13457019,148338219.0200,3,3.932809,1,3.139400,152.633561,15.024850,135.330526,5.432140,0
2011-06-09,sz.000532,11.1700,11.3300,10.5000,10.5000,11.1700,11697241,127580963.9500,3,3.418515,1,-5.998200,143.478280,14.123628,127.213118,5.106309,0
2011-06-10,sz.000532,10.3900,10.8600,10.3300,10.8000,10.5000,9484122,100918050.4200,3,2.771732,1,2.857100,147.577660,14.527160,130.847778,5.252203,0
2011-06-13,sz.000532,10.6800,11.8000,10.5800,11.3400,10.8000,19357014,220259369.4400,3,5.657081,1,5.000000,154.956543,15.253518,137.390167,5.514813,0
2011-06-14,sz.000532,11.2800,11.8500,11.2100,11.4400,11.3400,16951451,196499867.7300,3,4.954056,1,0.881800,156.323003,15.388029,138.601720,5.563445,0
2011-06-15,sz.000532,11.3500,12.1900,11.3500,11.7200,11.4400,19858546,233569633.7500,3,5.803654,1,2.447600,160.149090,15.764659,141.994070,5.699613,0
2011-06-16,sz.000532,11.5300,11.8800,11.1200,11.4800,11.7200,15916829,182116864.0100,3,4.651688,1,-2.047800,156.869587,15.441833,139.086342,5.582898,0
2011-06-17,sz.000532,11.6900,12.4800,11.6500,11.6500,11.4800,36508352,440110919.0300,3,10.669554,1,1.480800,159.192568,15.670502,141.145983,5.665571,0
2011-06-20,sz.000532,11.0000,11.1000,10.4900,10.5400,11.6500,24484720,260840235.8700,3,7.155651,1,-9.527900,144.024864,14.177432,127.697739,5.125761,0
2011-06-21,sz.000532,10.4400,11.5900,10.3500,11.5900,10.5400,20945717,229581513.8500,3,6.121379,1,9.962000,158.372692,15.589795,140.419051,5.636392,0
2011-06-22,sz.000532,12.0000,12.6700,11.9000,12.3000,11.5900,46892963,575359247.9000,3,13.704453,1,6.126000,168.074557,16.544822,149.021081,5.981676,0
2011-06-23,sz.000532,12.2100,13.0600,12.0700,12.8700,12.2500,53615658,670284191.9600,3,15.669159,1,5.061200,175.863378,17.311533,155.926936,6.258876,0
2011-06-24,sz.000532,12.5000,13.1900,12.3000,12.6200,12.8700,45456797,575697610.0500,3,13.284734,1,-1.942500,172.447228,16.975256,152.898052,6.137297,0
2011-06-27,sz.000532,12.4500,13.1600,12.4000,12.7500,12.6200,34667867,443841794.3100,3,10.131673,1,1.030100,174.223626,17.150120,154.473071,6.200518,0
2011-06-28,sz.000532,12.7600,12.9600,12.3700,12.7000,12.7500,24455912,308901444.9300,3,7.147232,1,-0.392200,173.540396,17.082865,153.867295,6.176202,0
2011-06-29,sz.000532,12.6000,12.9700,12.2000,12.2200,12.7000,22573278,284761880.9300,3,6.597033,1,-3.779500,166.981389,16.437213,148.051838,5.942771,0
2011-06-30,sz.000532,12.1500,12.6900,12.1500,12.2900,12.2200,20838327,258008460.0900,3,6.089993,1,0.572800,167.937911,16.531371,148.899925,5.976813,0
2011-07-01,sz.000532,12.3600,13.4000,12.2500,12.9800,12.2900,39782076,517862838.7700,3,11.626297,1,5.614300,177.366484,17.459495,157.259644,6.312370,0
2011-07-04,sz.000532,12.9500,13.2000,12.8100,13.1500,12.9800,27441292,357342500.2700,3,8.019708,1,1.309700,179.689465,17.688163,159.319285,6.395044,0
2011-07-05,sz.000532,13.0400,13.3200,12.8100,13.0200,13.1500,21676941,282310328.8300,3,6.335078,1,-0.988600,177.913068,17.513299,157.744266,6.331823,0
2011-07-06,sz.000532,12.8900,12.9300,12.5000,12.9300,13.0200,21917348,278103312.2400,3,6.405337,1,-0.691200,176.683254,17.392239,156.653868,6.288054,0
2011-07-07,sz.000532,12.8100,13.7500,12.6400,13.3100,12.9300,38283376,507507583.3400,3,11.188303,1,2.938900,181.875801,17.903380,161.257771,6.472854,0
2011-07-08,sz.000532,13.1700,13.3400,12.9300,13.1800,13.3100,18175840,238661774.9800,3,5.311883,1,-0.976710,180.099403,17.728516,159.682751,6.409633,0
2011-07-11,sz.000532,13.1000,13.4500,12.9100,13.1500,13.1800,17432456,230174340.7500,3,5.094629,1,-0.227600,179.689465,17.688163,159.319285,6.395044,0
2011-07-12,sz.000532,12.9000,13.0000,12.5400,12.6500,13.1500,17861838,227300079.2000,3,5.220116,1,-3.802300,172.857166,17.015609,153.261518,6.151886,0
2011-07-13,sz.000532,12.6500,12.9700,12.6100,12.8800,12.6500,11362926,145845293.8600,3,3.320811,1,1.818200,176.000024,17.324984,156.048091,6.263739,0
2011-07-14,sz.000532,12.9400,13.0400,12.6500,12.8400,12.8800,12225926,156409910.1700,3,3.573022,1,-0.310600,175.453440,17.271180,155.563470,6.244286,0
2011-07-15,sz.000532,12.6100,12.7800,12.3000,12.5200,12.8400,15558095,194343078.5600,3,4.546848,1,-2.492200,171.080769,16.840745,151.686498,6.088665,0
2011-07-18,sz.000532,12.5300,13.0800,12.5300,12.9400,12.5200,17347171,223690597.7500,3,5.069704,1,3.354600,176.819900,17.405690,156.775023,6.292918,0
2011-07-19,sz.000532,12.8100,12.9400,12.4700,12.5900,12.9400,10181496,128640779.6500,3,2.975538,1,-2.704800,172.037290,16.934903,152.534586,6.122707,0
2011-07-20,sz.000532,12.6500,13.4600,12.6500,13.2500,12.5900,25895957,339010479.5900,3,7.568084,1,5.242300,181.055925,17.822674,160.530839,6.443675,0
2011-07-21,sz.000532,13.2500,13.7500,13.1100,13.2600,13.2500,30603889,411224727.2100,3,8.943975,1,0.075500,181.192571,17.836125,160.651994,6.448538,0
2011-07-22,sz.000532,13.3300,13.8500,13.2000,13.4600,13.2600,27275310,370014816.5200,3,7.971199,1,1.508300,183.925491,18.105146,163.075101,6.545801,0
2011-07-25,sz.000532,13.5800,13.8000,12.2400,12.3900,13.4600,27540631,354926596.3100,3,8.048739,1,-7.949500,169.304371,16.665881,150.111479,6.025444,0
2011-07-26,sz.000532,12.2300,12.7800,12.2300,12.6600,12.3900,12145145,152312332.3300,3,3.549414,1,2.179200,172.993812,17.029060,153.382673,6.156749,0
2011-07-27,sz.000532,12.6900,12.8000,12.4200,12.6600,12.6600,10147703,128040732.8600,3,2.965663,1,0.000000,172.993812,17.029060,153.382673,6.156749,0
2011-07-28,sz.000532,12.5700,12.5700,11.8700,12.2600,12.6600,13785650,168269785.5100,3,4.028851,1,-3.159600,167.527973,16.491017,148.536459,5.962223,0
2011-07-29,sz.000532,12.1900,12.2900,11.9200,12.1100,12.2600,8334683,100801305.8400,3,2.435808,1,-1.223500,165.478283,16.289251,146.719129,5.889276,0
2011-08-01,sz.000532,12.1200,12.4700,12.0300,12.3200,12.1100,7631077,93885323.9600,3,2.230179,1,1.734100,168.347849,16.571724,149.263391,5.991402,0
2011-08-02,sz.000532,12.2500,12.3000,11.8900,12.1900,12.3200,6549113,79028389.1500,3,1.913976,1,-1.055200,166.571451,16.396860,147.688372,5.928181,0
2011-08-03,sz.000532,12.0900,12.3800,11.9500,12.2600,12.1900,6436816,78595394.0100,3,1.881157,1,0.574200,167.527973,16.491017,148.536459,5.962223,0
2011-08-04,sz.000532,12.4700,12.6700,12.3200,12.3300,12.2600,8131688,101602173.6600,3,2.376483,1,0.571000,168.484495,16.585175,149.384547,5.996265,0
2011-08-05,sz.000532,11.6600,11.9700,11.5000,11.7000,12.3300,10248029,120741111.9000,3,2.994983,1,-5.109500,159.875798,15.737757,141.751760,5.689887,0
2011-08-08,sz.000532,11.5000,11.6800,10.5300,10.6500,11.7000,13187805,143952983.8200,3,3.854131,1,-8.974400,145.527970,14.325394,129.030448,5.179256,0
2011-08-09,sz.000532,10.2000,10.7800,9.8900,10.6700,10.6500,10463354,108572154.8300,3,3.057911,1,0.187800,145.801262,14.352296,129.272759,5.188982,0
2011-08-10,sz.000532,11.0700,11.0800,10.7100,10.7400,10.6700,9653132,105326075.3900,3,2.821124,1,0.656000,146.757784,14.446454,130.120846,5.223024,0
2011-08-11,sz.000532,10.4000,10.9000,10.3800,10.8400,10.7400,7800681,83125104.0000,3,2.279746,1,0.931100,148.124244,14.580965,131.332399,5.271656,0
2011-08-12,sz.000532,10.8400,10.8400,10.8400,10.8400,10.8400,0,0.0000,3,,0,0.000000,148.124244,14.580965,131.332399,5.271656,0
2011-08-15,sz.000532,11.0500,11.2800,11.0100,11.1900,10.8400,7688134,85984341.0000,3,2.246854,1,3.228800,152.906853,15.051752,135.572837,5.441866,0
2011-08-16,sz.000532,11.2800,11.2900,10.9300,11.0300,11.1900,7470644,82809010.6400,3,2.183293,1,-1.429800,136.216220,14.978816,-617.025993,5.849167,0
2011-08-17,sz.000532,10.9000,11.0700,10.8500,10.8600,11.0300,4418325,48304248.1500,3,1.291254,1,-1.541300,134.116786,14.747954,-607.516073,5.759016,0
2011-08-18,sz.000532,10.8400,10.9400,10.4100,10.5000,10.8600,6438364,68365152.1100,3,1.881610,1,-3.314900,129.670926,14.259072,-587.377419,5.568110,0
2011-08-19,sz.000532,10.0700,10.2800,10.0700,10.2200,10.5000,6352383,64567649.6700,3,1.856482,1,-2.666700,126.213035,13.878830,-571.714021,5.419627,0
2011-08-22,sz.000532,10.2300,10.5500,10.2300,10.4000,10.2200,6014215,62592709.8800,3,1.757652,1,1.761300,128.435965,14.123271,-581.783348,5.515080,0
2011-08-23,sz.000532,10.5200,10.5500,10.3200,10.5200,10.4000,3714285,38770962.8300,3,1.085498,1,1.153800,129.917918,14.286232,-588.496233,5.578716,0
2011-08-24,sz.000532,10.6300,10.7000,10.3600,10.3700,10.5200,5176811,54734047.0800,3,1.512921,1,-1.425900,128.065476,14.082531,-580.105127,5.499171,0
2011-08-25,sz.000532,10.3300,10.7300,10.3300,10.6900,10.3700,5226002,55266667.4700,3,1.527297,1,3.085800,132.017352,14.517093,-598.006153,5.668866,0
2011-08-26,sz.000532,10.6500,10.7900,10.5600,10.7300,10.6900,5208695,55637155.6200,3,1.522239,1,0.374181,132.511337,14.571414,-600.243781,5.690078,0
2011-08-29,sz.000532,10.6700,10.7100,10.4300,10.4400,10.7300,4618306,48822771.9400,3,1.349698,1,-2.702700,128.929949,14.177592,-584.020976,5.536292,0
2011-08-30,sz.000532,10.5500,10.7400,10.4400,10.4600,10.4400,5105671,54135724.7000,3,1.492130,1,0.191600,129.176942,14.204752,-585.139791,5.546898,0
2011-08-31,sz.000532,10.5000,10.5900,10.2600,10.4600,10.4600,3063771,31953680.6000,3,0.895386,1,0.000000,129.176942,14.204752,-585.139791,5.546898,0
2011-09-01,sz.000532,10.5000,10.5400,10.1700,10.2600,10.4600,3550281,36682549.3500,3,1.037568,1,-1.912000,126.707019,13.933150,-573.951649,5.440839,0
2011-09-02,sz.000532,10.2500,10.2600,9.9800,10.0600,10.2600,3805046,38297049.8100,3,1.112023,1,-1.949300,124.237097,13.661549,-562.763508,5.334779,0
2011-09-05,sz.000532,9.9800,9.9800,9.6500,9.6600,10.0600,5103232,49735803.3700,3,1.491418,1,-3.976100,119.297252,13.118346,-540.387225,5.122661,0
2011-09-06,sz.000532,9.5000,9.7000,9.4600,9.5600,9.6600,2927813,27989623.0100,3,0.855652,1,-1.035200,118.062291,12.982546,-534.793155,5.069631,0
2011-09-07,sz.000532,9.6500,9.9600,9.4000,9.8600,9.5600,5548528,54282332.7800,3,1.621555,1,3.138100,121.767174,13.389948,-551.575367,5.228720,0
2011-09-08,sz.000532,9.9400,10.3000,9.8500,9.9500,9.8600,6787531,68422998.2100,3,1.983653,1,0.912780,122.878639,13.512168,-556.610030,5.276447,0
2011-09-09,sz.000532,9.9500,10.1300,9.9300,9.9800,9.9500,3035959,30360047.5900,3,0.887258,1,0.301500,123.249128,13.552908,-558.288251,5.292356,0
2011-09-13,sz.000532,9.7900,9.7900,9.5000,9.6800,9.9800,3460750,33308453.2700,3,1.011403,1,-3.006000,119.544244,13.145506,-541.506039,5.133267,0
2011-09-14,sz.000532,9.9000,10.1500,9.6900,9.9500,9.6800,4083951,40486174.5600,3,1.193533,1,2.789300,122.878639,13.512168,-556.610030,5.276447,0
2011-09-15,sz.000532,9.9500,10.4700,9.8800,10.3300,9.9500,10163360,104226829.8900,3,2.970238,1,3.819100,127.571492,14.028211,-577.867499,5.477959,0
2011-09-16,sz.000532,10.3000,10.9000,10.3000,10.6400,10.3300,16208964,173240509.9800,3,4.737064,1,3.001000,131.399872,14.449193,-595.209118,5.642351,0
2011-09-19,sz.000532,10.5600,10.6300,10.2800,10.2900,10.6400,7123446,74480546.7000,3,2.081824,1,-3.289500,127.077507,13.973891,-575.629870,5.456747,0
2011-09-20,sz.000532,10.2900,10.8500,10.2500,10.7500,10.2900,10623145,112949610.3100,3,3.104610,1,4.470400,132.758329,14.598574,-601.362595,5.700684,0
2011-09-21,sz.000532,10.7000,10.9700,10.6100,10.8300,10.7500,11284730,121975209.8300,3,3.297958,1,0.744200,133.746298,14.707214,-605.837852,5.743107,0
2011-09-22,sz.000532,10.7800,11.2000,10.6000,10.6000,10.8300,15397006,168481763.4100,3,4.499769,1,-2.123700,130.905887,14.394873,-592.971490,5.621139,0
2011-09-23,sz.000532,10.3100,10.5700,10.1000,10.3100,10.6000,8373390,86507299.4900,3,2.447120,1,-2.735800,127.324500,14.001051,-576.748685,5.467353,0
2011-09-26,sz.000532,10.4200,11.3400,10.4200,11.3400,10.3100,29612081,332398516.3700,3,8.654120,1,9.990300,140.044600,15.399798,-634.367612,6.013558,0
2011-09-27,sz.000532,11.7500,11.7600,11.0300,11.3500,11.3400,33181501,378979189.9300,3,9.697282,1,0.088200,140.168096,15.413378,-634.927019,6.018861,0
2011-09-28,sz.000532,11.3100,11.4900,10.8800,11.0000,11.3500,24302286,272700636.6100,3,7.102334,1,-3.083700,135.845732,14.938075,-615.347772,5.833258,0
2011-09-29,sz.000532,10.7300,10.7800,9.9000,10.0300,11.0000,20100899,205665215.3200,3,5.874480,1,-8.818200,123.866608,13.620809,-561.085287,5.318870,0
2011-09-30,sz.000532,10.0800,10.3300,9.6700,10.1200,10.0300,10840878,109116085.2000,3,3.168243,1,0.897300,124.978073,13.743029,-566.119950,5.366597,0
2011-10-10,sz.000532,10.2000,10.5000,10.1000,10.2700,10.1200,9785674,100929225.1200,3,2.859860,1,1.482200,126.830515,13.946730,-574.511056,5.446142,0
2011-10-11,sz.000532,10.5300,10.9900,10.3100,10.5000,10.2700,16968086,180544686.4100,3,4.958917,1,2.239500,129.670926,14.259072,-587.377419,5.568110,0
2011-10-12,sz.000532,10.2800,10.9600,9.6900,10.8600,10.5000,16707026,176921314.5600,3,4.882622,1,3.428600,134.116786,14.747954,-607.516073,5.759016,0
2011-10-13,sz.000532,10.7000,11.0900,10.6500,10.8500,10.8600,16249167,176748521.9400,3,4.748813,1,-0.092100,133.993290,14.734374,-606.956666,5.753713,0
2011-10-14,sz.000532,10.8500,10.8500,10.8500,10.8500,10.8500,0,0.0000,3,,0,0.000000,133.993290,14.734374,-606.956666,5.753713,0
2011-10-17,sz.000532,11.0200,11.5800,10.9200,11.4000,10.8500,25544792,288932583.0900,3,7.465456,1,5.069100,140.785577,15.481278,-637.724055,6.045376,0
2011-10-18,sz.000532,11.1800,11.4000,10.6000,10.6200,11.4000,18598192,203677147.0300,3,5.435315,1,-6.842100,131.152879,14.422033,-594.090304,5.631745,0
2011-10-19,sz.000532,10.6100,10.9500,10.4700,10.8700,10.6200,11232758,120686000.7300,3,3.282769,1,2.354000,134.240282,14.761535,-608.075480,5.764319,0
2011-10-20,sz.000532,10.7500,10.9600,10.4200,10.5300,10.8700,9429140,100315257.5700,3,2.755663,1,-3.127900,130.041414,14.299812,-589.055640,5.584019,0
2011-10-21,sz.000532,10.4600,10.5500,9.9000,10.2400,10.5300,10060332,102168496.9900,3,2.940128,1,-2.754000,126.460027,13.905990,-572.832835,5.430233,0
2011-10-24,sz.000532,10.1000,10.6500,10.0300,10.5300,10.2400,7982722,82713839.3200,3,2.332948,1,2.832000,130.041414,14.299812,-589.055640,5.584019,0
2011-10-25,sz.000532,10.4400,11.0700,10.3600,10.9300,10.5300,15123352,162861377.0700,3,4.419794,1,3.798700,176.818728,15.472421,-98.628413,5.959655,0
2011-10-26,sz.000532,10.7100,11.5600,10.7100,11.2800,10.9300,22630633,253679969.6800,3,6.613794,1,3.202200,182.480810,15.967879,-101.786688,6.150494,0
2011-10-27,sz.000532,11.2300,11.3600,11.0100,11.0800,11.2800,13897599,154840344.5800,3,4.061568,1,-1.773000,179.245335,15.684760,-99.981960,6.041443,0
2011-10-28,sz.000532,11.2000,11.4900,11.1300,11.3000,11.0800,18864515,213449744.2100,3,5.513148,1,1.985600,182.804358,15.996190,-101.967161,6.161400,0
2011-10-31,sz.000532,11.2500,11.6700,11.1300,11.5100,11.3000,21370735,244988713.0800,3,6.245590,1,1.858400,186.201607,16.293465,-103.862126,6.275903,0
2011-11-01,sz.000532,11.3000,11.4400,11.0300,11.2900,11.5100,14498512,163236221.7900,3,4.237185,1,-1.911400,182.642584,15.982035,-101.876925,6.155947,0
2011-11-02,sz.000532,11.0300,11.7800,11.0000,11.6800,11.2900,22369259,256780089.0000,3,6.537408,1,3.454400,188.951761,16.534115,-105.396145,6.368597,0
2011-11-03,sz.000532,11.7000,12.1300,11.4800,11.5600,11.6800,26672622,315225596.8500,3,7.795064,1,-1.027400,187.010476,16.364244,-104.313308,6.303166,0
2011-11-04,sz.000532,11.5500,11.8600,11.4100,11.7600,11.5600,15796497,183995027.2800,3,4.616520,1,1.730100,190.245951,16.647363,-106.118037,6.412218,0
2011-11-07,sz.000532,11.7000,12.1600,11.7000,11.7200,11.7600,18642485,221958047.7800,3,5.448259,1,-0.340100,189.598856,16.590739,-105.757091,6.390407,0
2011-11-08,sz.000532,12.2000,12.4800,11.6100,11.6600,11.7200,18652812,223759905.9300,3,5.451278,1,-0.511900,188.628213,16.505804,-105.215672,6.357692,0
2011-11-09,sz.000532,11.7000,12.1800,11.5200,12.0100,11.6600,16997257,201405502.2900,3,4.967442,1,3.001700,194.290295,17.001261,-108.373947,6.548532,0
2011-11-10,sz.000532,11.8000,11.8800,11.5700,11.5800,12.0100,13443802,157457472.7000,3,3.928946,1,-3.580300,187.334023,16.392556,-104.493781,6.314071,0
2011-11-11,sz.000532,11.6900,11.9400,11.5800,11.6700,11.5800,11375012,133996359.1400,3,3.324343,1,0.777200,188.789987,16.519960,-105.305909,6.363144,0
2011-11-14,sz.000532,11.7800,11.9200,11.5900,11.8700,11.6700,11191871,131888138.3000,3,3.270820,1,1.713800,192.025462,16.803078,-107.110637,6.472196,0
2011-11-15,sz.000532,11.8100,11.9200,11.6800,11.7700,11.8700,9143569,107989710.9600,3,2.672205,1,-0.842500,190.407725,16.661519,-106.208273,6.417670,0
2011-11-16,sz.000532,11.7800,11.7900,11.1800,11.2700,11.7700,13142677,150480076.5800,3,3.840943,1,-4.248100,182.319036,15.953723,-101.696452,6.145042,0
2011-11-17,sz.000532,11.2700,11.3900,11.0700,11.1700,11.2700,7905510,88650588.7900,3,2.310382,1,-0.887300,180.701299,15.812164,-100.794087,6.090516,0
2011-11-18,sz.000532,11.0700,11.0700,10.4900,10.6200,11.1700,10516449,113139949.7300,3,3.073428,1,-4.923900,171.803741,15.033588,-95.831084,5.790625,0
2011-11-21,sz.000532,10.6700,10.9400,10.6200,10.8300,10.6200,6562052,70815989.4800,3,1.917757,1,1.977400,175.200991,15.330862,-97.726049,5.905129,0
2011-11-22,sz.000532,10.7600,10.7800,10.4000,10.7800,10.8300,5915623,62839857.6900,3,1.728839,1,-0.461700,174.392122,15.260083,-97.274867,5.877866,0
2011-11-23,sz.000532,10.7800,10.8600,10.5500,10.5700,10.7800,4748145,50866598.4500,3,1.387644,1,-1.948100,170.994873,14.962808,-95.379902,5.763362,0
2011-11-24,sz.000532,10.4400,10.7400,10.2700,10.6400,10.5700,5734481,60337740.2900,3,1.675900,1,0.662300,172.127289,15.061900,-96.011557,5.801530,0
2011-11-25,sz.000532,10.6400,10.7600,10.4500,10.5100,10.6400,3999378,42315624.3500,3,1.168817,1,-1.221800,170.024230,14.877873,-94.838483,5.730647,0
2011-11-28,sz.000532,10.4900,10.7100,10.2600,10.7000,10.5100,5584352,58663918.6100,3,1.632025,1,1.807800,173.097932,15.146835,-96.552975,5.834246,0
2011-11-29,sz.000532,10.7900,10.8600,10.6800,10.8400,10.7000,5245063,56627344.0400,3,1.532868,1,1.308400,175.362764,15.345018,-97.816285,5.910581,0
2011-11-30,sz.000532,10.8500,10.9400,10.2400,10.4000,10.8400,7881510,83689499.8800,3,2.303368,1,-4.059000,168.244719,14.722158,-93.845883,5.670669,0
2011-12-01,sz.000532,10.7500,10.8500,10.5000,10.6500,10.4000,6917943,73796125.2700,3,2.021766,1,2.403800,172.289063,15.076056,-96.101793,5.806983,0
2011-12-02,sz.000532,10.5100,10.5800,10.2800,10.3100,10.6500,5018347,52080530.1000,3,1.466610,1,-3.192500,166.788755,14.594754,-93.033755,5.621596,0
2011-12-05,sz.000532,10.3500,10.3500,9.6000,9.6300,10.3100,6983027,69090082.3300,3,2.040787,1,-6.595500,155.788138,13.632152,-86.897678,5.250821,0
2011-12-06,sz.000532,9.6100,9.8500,9.5500,9.7200,9.6300,3101684,30062868.0000,3,0.906466,1,0.934600,157.244102,13.759555,-87.709806,5.299894,0
2011-12-07,sz.000532,9.7300,9.7900,9.5600,9.7000,9.7200,2937435,28424846.4400,3,0.858464,1,-0.205800,156.920555,13.731243,-87.529333,5.288989,0
2011-12-08,sz.000532,9.7000,9.9400,9.5500,9.8000,9.7000,4508276,44154228.9000,3,1.317542,1,1.030900,158.538293,13.872802,-88.431697,5.343515,0
2011-12-09,sz.000532,9.7100,9.7800,9.6200,9.6600,9.8000,2462568,23833276.7100,3,0.719685,1,-1.428600,156.273460,13.674619,-87.168387,5.267179,0
2011-12-12,sz.000532,9.6600,9.7300,9.3000,9.3000,9.6600,3334288,31583293.9900,3,0.974444,1,-3.726700,150.449604,13.165006,-83.919876,5.070886,0
2011-12-13,sz.000532,9.2700,9.2700,8.5900,8.7100,9.3000,5474597,48255642.4400,3,1.599949,1,-6.344100,140.904952,12.329807,-78.595927,4.749185,0
2011-12-14,sz.000532,8.6800,8.8500,8.5000,8.5700,8.7100,2437911,21132768.9100,3,0.712479,1,-1.607300,138.640119,12.131624,-77.332617,4.672849,0
2011-12-15,sz.000532,8.5100,9.4300,8.0600,8.5800,8.5700,7203378,61995846.6200,3,2.105185,1,0.116700,138.801893,12.145780,-77.422853,4.678302,0
2011-12-16,sz.000532,8.5800,8.9300,8.4800,8.9000,8.5800,3584756,31202947.1000,3,1.047644,1,3.729600,143.978653,12.598769,-80.310419,4.852784,0
2011-12-19,sz.000532,8.7500,9.0300,8.7500,8.9500,8.9000,4035019,36011559.5300,3,1.179233,1,0.561800,144.787522,12.669549,-80.761601,4.880047,0
2011-12-20,sz.000532,8.9800,9.0700,8.8300,8.8300,8.9500,2560932,22910353.7900,3,0.748431,1,-1.340800,142.846237,12.499678,-79.678764,4.814616,0
2011-12-21,sz.000532,8.9000,9.0200,8.4100,8.4500,8.8300,2820109,24793462.7200,3,0.824176,1,-4.303500,136.698834,11.961753,-76.249780,4.607418,0
2011-12-22,sz.000532,8.3800,8.4200,7.9100,8.1600,8.4500,5767221,46779923.3700,3,1.685468,1,-3.432000,132.007395,11.551231,-73.632923,4.449294,0
2011-12-23,sz.000532,8.1000,8.3300,8.0700,8.2300,8.1600,2543986,20915923.3800,3,0.743479,1,0.857800,133.139811,11.650323,-74.264578,4.487462,0
2011-12-26,sz.000532,8.6500,8.8400,8.1800,8.1800,8.2300,4294091,36235419.3400,3,1.254947,1,-0.607500,132.330942,11.579543,-73.813396,4.460199,0
2011-12-27,sz.000532,8.0000,8.1200,7.7900,7.7900,8.1800,4445681,35372217.2700,3,1.299249,1,-4.767700,126.021765,11.027462,-70.294176,4.247549,0
2011-12-28,sz.000532,7.5200,7.6600,7.3000,7.6200,7.7900,3823490,28706950.9400,3,1.117414,1,-2.182300,123.271611,10.786812,-68.760156,4.154855,0
2011-12-29,sz.000532,7.6000,7.7100,7.5000,7.5700,7.6200,2361943,17977397.1200,3,0.690277,1,-0.656200,122.462742,10.716032,-68.308974,4.127592,0
2011-12-30,sz.000532,7.5500,7.6900,7.5300,7.6200,7.5700,2524278,19279401.0900,3,0.737719,1,0.660500,123.271611,10.786812,-68.760156,4.154855,0
2012-01-04,sz.000532,7.7200,7.7400,7.1800,7.3000,7.6200,2637567,19713634.1300,3,0.770828,1,-4.199500,118.094851,10.333822,-65.872591,3.980373,0
2012-01-05,sz.000532,7.2800,7.2800,6.7600,6.8100,7.3000,3063969,21417320.4500,3,0.895444,1,-6.712300,110.167936,9.640182,-61.451006,3.713197,0
2012-01-06,sz.000532,6.8000,7.0500,6.7600,7.0200,6.8100,2360598,16302270.0600,3,0.689884,1,3.083700,113.565185,9.937456,-63.345971,3.827701,0
2012-01-09,sz.000532,7.0600,7.3800,6.9700,7.3600,7.0200,3913205,28401554.3000,3,1.143633,1,4.843300,119.065493,10.418758,-66.414009,4.013089,0
2012-01-10,sz.000532,7.3200,7.8600,7.2800,7.7100,7.3600,5434556,41105883.3100,3,1.588247,1,4.755400,124.727575,10.914215,-69.572284,4.203928,0
2012-01-11,sz.000532,7.9000,8.2000,7.7000,8.1400,7.7100,10792923,86156087.5900,3,3.154228,1,5.577200,131.683847,11.522920,-73.452451,4.438389,0
2012-01-12,sz.000532,7.9200,8.1200,7.8400,7.9000,8.1400,7012125,55798867.6500,3,2.049291,1,-2.948400,127.801277,11.183177,-71.286776,4.307527,0
2012-01-13,sz.000532,7.8900,7.9900,7.5000,7.5600,7.9000,5218613,40149358.5300,3,1.525138,1,-4.303800,122.300969,10.701876,-68.218738,4.122140,0
2012-01-16,sz.000532,7.6300,7.7900,7.2600,7.2700,7.5600,3549078,26704705.9100,3,1.037217,1,-3.836000,117.609529,10.291354,-65.601881,3.964015,0
2012-01-17,sz.000532,7.2700,7.2700,7.2700,7.2700,7.2700,0,0.0000,3,,0,0.000000,117.609529,10.291354,-65.601881,3.964015,0
2012-01-18,sz.000532,8.0000,8.0000,7.5000,7.5500,7.2700,8154793,63547583.8700,3,2.383235,1,3.851400,122.139195,10.687720,-68.128501,4.116687,0
2012-01-19,sz.000532,7.5200,7.7300,7.4800,7.6600,7.5500,5069338,38546595.4200,3,1.481512,1,1.457000,123.918706,10.843435,-69.121102,4.176666,0
2012-01-20,sz.000532,7.6800,7.7300,7.5900,7.6900,7.6600,3464992,26551003.0700,3,1.012643,1,0.391600,124.404027,10.885903,-69.391811,4.193023,0
2012-01-30,sz.000532,7.6900,7.8300,7.6600,7.6900,7.6900,2722765,21067906.2000,3,0.795727,1,0.000000,124.404027,10.885903,-69.391811,4.193023,0
2012-01-31,sz.000532,7.7000,8.0000,7.6100,7.9800,7.6900,7086047,55880638.3900,3,2.070895,1,3.771100,129.095467,11.296425,-72.008668,4.351148,0
2012-02-01,sz.000532,7.9900,7.9900,7.7800,7.8300,7.9800,3802533,29956679.6800,3,1.111289,1,-1.879700,126.668860,11.084086,-70.655121,4.269359,0
2012-02-02,sz.000532,7.8500,7.9300,7.6900,7.9300,7.8300,4610270,36023928.3900,3,1.347350,1,1.277100,128.286598,11.225645,-71.557486,4.323885,0
2012-02-03,sz.000532,7.8900,8.0200,7.8000,7.9800,7.9300,5593022,44364499.3400,3,1.634559,1,0.630500,129.095467,11.296425,-72.008668,4.351148,0
2012-02-06,sz.000532,7.9600,8.1600,7.9600,8.0500,7.9800,5900051,47623285.5100,3,1.724288,1,0.877200,130.227883,11.395516,-72.640323,4.389316,0
2012-02-07,sz.000532,8.0100,8.0300,7.7200,7.7500,8.0500,4088061,32027221.8400,3,1.194734,1,-3.726700,125.374670,10.970839,-69.933230,4.225739,0
2012-02-08,sz.000532,7.7800,8.1600,7.7500,8.1200,7.7500,6311732,50365436.6300,3,1.844601,1,4.774200,131.360300,11.494608,-73.271978,4.427484,0
2012-02-09,sz.000532,8.1100,8.4200,8.0100,8.2200,8.1200,8265002,68046291.8700,3,2.415444,1,1.231500,132.978037,11.636167,-74.174342,4.482009,0
2012-02-10,sz.000532,8.2500,8.4100,8.1300,8.2200,8.2200,6771711,56048188.6200,3,1.979030,1,0.000000,132.978037,11.636167,-74.174342,4.482009,0
2012-02-13,sz.000532,8.2200,8.5000,8.1100,8.5000,8.2200,6734871,56174660.6200,3,1.968264,1,3.406300,137.507703,12.032533,-76.700962,4.634681,0
2012-02-14,sz.000532,8.7500,8.7500,8.3500,8.3900,8.5000,8155534,69536289.7200,3,2.383452,1,-1.294100,135.728191,11.876818,-75.708361,4.574703,0
2012-02-15,sz.000532,8.3000,8.7100,8.2200,8.6900,8.3900,9241198,78715779.4200,3,2.700737,1,3.575700,140.581404,12.301495,-78.415454,4.738280,0
2012-02-16,sz.000532,8.6500,8.7600,8.4900,8.5700,8.6900,5763135,49560341.8500,3,1.684274,1,-1.380900,138.640119,12.131624,-77.332617,4.672849,0
2012-02-17,sz.000532,8.5800,8.7000,8.4300,8.7000,8.5700,5287895,45392842.3500,3,1.545385,1,1.516900,140.743178,12.315651,-78.505690,4.743732,0
2012-02-20,sz.000532,8.7700,8.8700,8.6500,8.6600,8.7000,6369251,55894947.0400,3,1.861411,1,-0.459800,140.096083,12.259027,-78.144745,4.721922,0
2012-02-21,sz.000532,8.6700,8.7800,8.5000,8.7800,8.6600,5185090,44700142.9600,3,1.515341,1,1.385700,142.037368,12.428898,-79.227582,4.787353,0
2012-02-22,sz.000532,8.7300,8.8800,8.6800,8.8400,8.7800,5332335,46964019.4300,3,1.558373,1,0.683400,143.008011,12.513834,-79.769000,4.820068,0
2012-02-23,sz.000532,8.8400,8.9100,8.6300,8.7600,8.8400,5786590,50720604.8600,3,1.691129,1,-0.905000,141.713821,12.400587,-79.047109,4.776448,0
2012-02-24,sz.000532,8.7300,8.8400,8.6400,8.8200,8.7600,5478026,47930811.3100,3,1.600951,1,0.684900,142.684463,12.485522,-79.588527,4.809163,0
2012-02-27,sz.000532,8.8000,8.9900,8.7500,8.7600,8.8200,7307981,64833027.6300,3,2.135755,1,-0.680300,141.713821,12.400587,-79.047109,4.776448,0
2012-02-28,sz.000532,8.7200,8.7900,8.5000,8.5900,8.7600,5061920,43725209.0200,3,1.479344,1,-1.940600,138.963667,12.159936,-77.513090,4.683754,0
2012-02-29,sz.000532,8.5200,8.6500,8.4400,8.4400,8.5900,3475858,29742418.1800,3,1.015818,1,-1.746200,136.537060,11.947597,-76.159543,4.601966,0
2012-03-01,sz.000532,8.4900,8.8500,8.4500,8.6700,8.4400,8091293,70529010.8300,3,2.364677,1,2.725100,140.257857,12.273183,-78.234981,4.727375,0
2012-03-02,sz.000532,8.6700,8.8200,8.6100,8.7800,8.6700,5506676,47997247.8400,3,1.609324,1,1.268700,142.037368,12.428898,-79.227582,4.787353,0
2012-03-05,sz.000532,8.8300,8.9400,8.7600,8.8200,8.7800,6303417,55714625.5700,3,1.842171,1,0.455600,142.684463,12.485522,-79.588527,4.809163,0
2012-03-06,sz.000532,8.8300,8.8500,8.5200,8.6800,8.8200,5627392,48675198.8100,3,1.644603,1,-1.587300,140.419631,12.287339,-78.325217,4.732827,0
2012-03-07,sz.000532,8.5600,8.6300,8.4400,8.4500,8.6800,4691561,39991598.9200,3,1.371107,1,-2.649800,136.698834,11.961753,-76.249780,4.607418,0
2012-03-08,sz.000532,8.4700,8.6400,8.4500,8.5900,8.4500,3059620,26180959.4100,3,0.894173,1,1.656800,138.963667,12.159936,-77.513090,4.683754,0
2012-03-09,sz.000532,8.6400,8.8400,8.5900,8.7900,8.5900,5119672,44747556.6600,3,1.496222,1,2.328300,108.971926,13.702596,-79.317818,4.792805,0
2012-03-12,sz.000532,8.8200,8.8900,8.7400,8.8400,8.7900,4958292,43735696.0900,3,1.449059,1,0.568800,109.591789,13.780541,-79.769000,4.820068,0
2012-03-13,sz.000532,8.8300,8.9600,8.7600,8.9500,8.8400,6342081,56318741.2200,3,1.853471,1,1.244300,110.955488,13.952018,-80.761601,4.880047,0
2012-03-14,sz.000532,8.9500,9.1400,8.3600,8.4600,8.9500,10929746,96697222.0200,3,3.190505,1,-5.474900,104.880830,13.188165,-76.340016,4.612871,0
2012-03-15,sz.000532,8.4500,8.5000,8.0000,8.0800,8.4600,6029385,49383544.4100,3,1.760040,1,-4.491700,100.169871,12.595788,-72.911032,4.405673,0
2012-03-16,sz.000532,8.1100,8.3900,8.1100,8.3600,8.0800,4803256,39627345.6100,3,1.402120,1,3.465300,103.641104,13.032276,-75.437652,4.558345,0
2012-03-19,sz.000532,8.3600,8.4100,8.2500,8.4100,8.3600,3750902,31264158.5100,3,1.094927,1,0.598100,104.260967,13.110220,-75.888834,4.585608,0
2012-03-20,sz.000532,8.3900,8.3900,8.2000,8.2300,8.4100,3028079,25057089.9900,3,0.883927,1,-2.140300,102.029460,12.829621,-74.264578,4.487462,0
2012-03-21,sz.000532,8.3200,8.3600,8.1800,8.3300,8.2300,3484410,28816240.4100,3,1.017135,1,1.215100,103.269186,12.985510,-75.166943,4.541987,0
2012-03-22,sz.000532,8.3500,8.4100,8.2100,8.2800,8.3300,2991568,24849440.0200,3,0.873269,1,-0.600200,102.649323,12.907565,-74.715760,4.514725,0
2012-03-23,sz.000532,8.2000,8.3400,8.1500,8.2300,8.2800,3195919,26319643.5400,3,0.932922,1,-0.603900,102.029460,12.829621,-74.264578,4.487462,0
2012-03-26,sz.000532,8.2200,8.3000,8.0600,8.2200,8.2300,2130122,17406154.3900,3,0.621805,1,-0.121500,101.905488,12.814032,-74.174342,4.482009,0
2012-03-27,sz.000532,8.2800,8.3700,8.1700,8.2100,8.2200,3127681,25836180.1100,3,0.913002,1,-0.121700,101.781515,12.798443,-74.084105,4.476557,0
2012-03-28,sz.000532,8.1600,8.2300,7.8400,7.8400,8.2100,5031174,40487989.0300,3,1.468651,1,-4.506700,97.194528,12.221656,-70.745358,4.274812,0
2012-03-29,sz.000532,7.7800,7.9300,7.6000,7.7100,7.8400,3726220,29101469.7800,3,1.087722,1,-1.658200,95.582884,12.019001,-69.572284,4.203928,0
2012-03-30,sz.000532,7.6600,7.8400,7.6200,7.8200,7.7100,2076117,16150869.1600,3,0.606040,1,1.426700,96.946583,12.190478,-70.564885,4.263907,0
2012-04-05,sz.000532,7.8300,8.0000,7.8100,7.9400,7.8200,1794848,14219954.2500,3,0.523935,1,1.534500,98.434254,12.377544,-71.647722,4.329337,0
2012-04-06,sz.000532,7.9600,8.1800,7.8900,8.0800,7.9400,3044244,24519369.8300,3,0.888646,1,1.763200,100.169871,12.595788,-72.911032,4.405673,0
2012-04-09,sz.000532,8.0000,8.0300,7.8900,7.8900,8.0800,2066147,16387453.3800,3,0.603130,1,-2.351500,97.814391,12.299600,-71.196540,4.302075,0
2012-04-10,sz.000532,7.8500,8.0400,7.7900,8.0200,7.8900,2380051,18757805.7100,3,0.694761,1,1.647700,99.426035,12.502255,-72.369613,4.372958,0
2012-04-11,sz.000532,7.9500,8.0700,7.9000,8.0500,8.0200,2114901,16942894.2100,3,0.617361,1,0.374100,99.797953,12.549022,-72.640323,4.389316,0
2012-04-12,sz.000532,8.0700,8.3000,8.0300,8.2300,8.0500,3951932,32252178.8600,3,1.153610,1,2.236000,102.029460,12.829621,-74.264578,4.487462,0
2012-04-13,sz.000532,8.4000,9.0000,8.3900,8.6900,8.2300,12153190,105737407.0300,3,3.547641,1,5.589300,108.878845,14.001395,90.214160,4.699214,0
2012-04-16,sz.000532,8.5500,9.4400,8.5000,9.2600,8.6900,17931241,161865393.2300,3,5.234314,1,6.559300,116.020495,14.919784,96.131545,5.007448,0
2012-04-17,sz.000532,9.1500,9.2500,8.8300,8.9600,9.2600,9735073,87408623.0400,3,2.841768,1,-3.239700,112.261732,14.436421,93.017132,4.845220,0
2012-04-18,sz.000532,8.8800,9.4700,8.8700,9.2900,8.9600,11640809,107355765.1000,3,3.398072,1,3.683000,116.396371,14.968120,96.442986,5.023671,0
2012-04-19,sz.000532,9.1600,9.2500,8.9000,8.9000,9.2900,8746391,79381273.1000,3,2.553162,1,-4.198100,111.509979,14.339749,92.394249,4.812774,0
2012-04-20,sz.000532,8.8700,9.2500,8.6700,9.1000,8.9000,10525676,94575019.4000,3,3.072553,1,2.247200,114.015821,14.661990,94.470524,4.920926,0
2012-04-23,sz.000532,9.0600,9.5400,8.8600,9.3500,9.1000,13694871,127020648.5100,3,3.997674,1,2.747300,117.148124,15.064792,97.065868,5.056117,0
2012-04-24,sz.000532,9.1500,9.5000,8.8800,9.4900,9.3500,11359348,104751104.4900,3,3.315911,1,1.497300,113.452314,15.654231,85.612744,5.081575,0
2012-04-25,sz.000532,9.4000,9.8800,9.3200,9.7200,9.4900,14521334,141397123.5600,3,4.238927,1,2.423600,116.201948,16.033628,87.687658,5.204732,0
2012-04-26,sz.000532,10.1300,10.6000,9.5000,9.5000,9.7200,16343545,163183578.8800,3,4.770849,1,-2.263400,113.571863,15.670727,85.702958,5.086930,0
2012-04-27,sz.000532,9.3400,9.8400,9.2600,9.3600,9.5000,8643353,82674820.4200,3,2.523084,1,-1.473700,111.898172,15.439790,84.439967,5.011964,0
2012-05-02,sz.000532,9.5000,9.5900,9.0100,9.1800,9.3600,7524271,69643114.4400,3,2.196412,1,-1.923100,109.746284,15.142871,82.816121,4.915581,0
2012-05-03,sz.000532,8.9900,9.3600,8.9900,9.2500,9.1800,4972794,45856692.0800,3,1.451610,1,0.762500,110.583130,15.258339,83.447617,4.953063,0
2012-05-04,sz.000532,9.3000,9.3500,9.1700,9.2400,9.2500,3423530,31643458.5100,3,0.999364,1,-0.108100,110.463580,15.241844,83.357403,4.947709,0
2012-05-07,sz.000532,9.1100,9.4300,9.0900,9.4000,9.2400,4564650,42083936.5300,3,1.332468,1,1.731600,112.376370,15.505772,84.800821,5.033383,0
2012-05-08,sz.000532,9.4000,9.4000,9.4000,9.4000,9.4000,0,0.0000,3,,0,0.000000,112.376370,15.505772,84.800821,5.033383,0
2012-05-09,sz.000532,9.3800,9.7500,9.1100,9.5300,9.4000,10152515,96706363.9400,3,2.963624,1,1.383000,113.930511,15.720213,85.973598,5.102994,0
2012-05-10,sz.000532,9.4500,9.7400,9.4100,9.4200,9.5300,5664645,54255500.4500,3,1.653568,1,-1.154200,112.615468,15.538763,84.981248,5.044092,0
2012-05-11,sz.000532,9.4000,9.4100,9.1700,9.1900,9.4200,4182130,38673374.4400,3,1.220807,1,-2.441600,109.865834,15.159366,82.906335,4.920935,0
2012-05-14,sz.000532,9.2600,9.3900,9.1300,9.1700,9.1900,2696960,24934624.6000,3,0.787270,1,-0.217600,109.626735,15.126375,82.725907,4.910226,0
2012-05-15,sz.000532,9.1000,9.2400,8.9800,9.2100,9.1700,3493835,31710735.9300,3,1.019886,1,0.436200,110.104932,15.192357,83.086762,4.931645,0
2012-05-16,sz.000532,9.2200,9.2400,9.0000,9.0400,9.2100,2041588,18587964.8600,3,0.595961,1,-1.845800,108.072594,14.911934,81.553130,4.840615,0
2012-05-17,sz.000532,9.0500,9.2500,9.0300,9.2000,9.0400,2218071,20314181.0300,3,0.647478,1,1.769900,109.985383,15.175862,82.996548,4.926290,0
2012-05-18,sz.000532,9.2000,9.2800,9.1000,9.1700,9.2000,2479959,22797456.1400,3,0.723926,1,-0.326100,109.626735,15.126375,82.725907,4.910226,0
2012-05-21,sz.000532,9.1300,9.3200,9.0600,9.2000,9.1700,2665270,24575476.3500,3,0.778020,1,0.327200,109.985383,15.175862,82.996548,4.926290,0
2012-05-22,sz.000532,9.3100,9.4200,9.2300,9.3900,9.2000,4659590,43398449.0100,3,1.360182,1,2.065200,112.256820,15.489276,84.710608,5.028028,0
2012-05-23,sz.000532,9.3800,9.3800,9.1200,9.2800,9.3900,3796823,35044486.7700,3,1.108332,1,-1.171500,110.941778,15.307826,83.718257,4.969127,0
2012-05-24,sz.000532,9.2100,9.2900,9.1100,9.1200,9.2800,2344861,21560368.6200,3,0.684489,1,-1.724100,109.028988,15.043898,82.274839,4.883453,0
2012-05-25,sz.000532,9.1000,9.1700,8.6500,8.7000,9.1200,4343358,38755918.4700,3,1.267871,1,-4.605300,104.007917,14.351086,78.485866,4.658557,0
2012-05-28,sz.000532,8.7200,8.8400,8.4700,8.8300,8.7000,2556510,22091892.7400,3,0.746272,1,1.494300,105.562058,14.565528,79.658644,4.728167,0
2012-05-29,sz.000532,8.8300,8.9900,8.7700,8.9500,8.8300,2560057,22755844.7700,3,0.747307,1,1.359000,106.996650,14.763474,80.741207,4.792423,0
2012-05-30,sz.000532,8.8500,9.0000,8.7600,8.8300,8.9500,2976273,26403065.9200,3,0.868805,1,-1.340800,105.562058,14.565528,79.658644,4.728167,0
2012-05-31,sz.000532,8.7600,9.0800,8.7100,8.9800,8.8300,4646123,41559975.2700,3,1.356251,1,1.698800,107.355298,14.812961,81.011848,4.808487,0
2012-06-01,sz.000532,8.9400,9.0300,8.8700,8.9500,8.9800,2171091,19446674.0400,3,0.633764,1,-0.334100,106.996650,14.763474,80.741207,4.792423,0
2012-06-04,sz.000532,8.7000,8.9900,8.6700,8.6800,8.9500,3168192,27917896.2100,3,0.924828,1,-3.016800,103.768818,14.318095,78.305439,4.647847,0
2012-06-05,sz.000532,8.6600,8.7900,8.5000,8.5400,8.6800,1753930,15140002.6400,3,0.511990,1,-1.612900,102.095127,14.087158,77.042448,4.572882,0
2012-06-06,sz.000532,8.6600,8.6600,8.3100,8.4200,8.5400,2654658,22393055.4400,3,0.774922,1,-1.405200,100.660535,13.889212,75.959884,4.508626,0
2012-06-07,sz.000532,8.5000,8.6600,8.3600,8.4000,8.4200,2297371,19550534.5700,3,0.670626,1,-0.237500,100.421437,13.856221,75.779457,4.497917,0
2012-06-08,sz.000532,8.4700,8.4700,8.3600,8.3900,8.4000,2063640,17353098.0200,3,0.602398,1,-0.119000,100.301887,13.839726,75.689244,4.492562,0
2012-06-11,sz.000532,8.4500,8.6000,8.3900,8.5600,8.3900,1365048,11630761.7700,3,0.398472,1,2.026200,102.334226,14.120149,77.222875,4.583591,0
2012-06-12,sz.000532,8.5000,8.5500,8.4200,8.4500,8.5600,825205,6997430.2600,3,0.240886,1,-1.285000,101.019183,13.938699,76.230525,4.524690,0
2012-06-13,sz.000532,8.4900,8.6100,8.4300,8.6000,8.4500,1476792,12616277.9700,3,0.431091,1,1.775100,102.812423,14.186131,77.583730,4.605010,0
2012-06-14,sz.000532,8.6000,8.6600,8.5100,8.5300,8.6000,1394319,11989959.0700,3,0.407016,1,-0.814000,101.975578,14.070663,76.952235,4.567527,0
2012-06-15,sz.000532,8.5900,8.6300,8.4600,8.6000,8.5300,1361242,11638629.0600,3,0.397361,1,0.820600,102.812423,14.186131,77.583730,4.605010,0
2012-06-18,sz.000532,8.6000,8.7500,8.6000,8.7300,8.6000,2005508,17416225.5000,3,0.585428,1,1.511600,104.366565,14.400573,78.756507,4.674621,0
2012-06-19,sz.000532,8.6800,8.8800,8.6600,8.8500,8.7300,2014703,17670193.5900,3,0.588113,1,1.374600,105.801157,14.598519,79.839071,4.738877,0
2012-06-20,sz.000532,8.8600,8.9300,8.7600,8.8300,8.8500,1494206,13219427.0900,3,0.436174,1,-0.226000,105.562058,14.565528,79.658644,4.728167,0
2012-06-21,sz.000532,8.8400,8.8500,8.5600,8.5900,8.8300,1239053,10753920.9300,3,0.361692,1,-2.718000,102.692874,14.169636,77.493516,4.599655,0
2012-06-25,sz.000532,8.5800,8.5800,8.1200,8.1300,8.5900,1911266,15889032.9800,3,0.557918,1,-5.355100,97.193605,13.410843,73.343689,4.353341,0
2012-06-26,sz.000532,8.1300,8.2300,8.0400,8.1800,8.1300,981853,7989107.9700,3,0.286613,1,0.615000,97.791351,13.493320,73.794757,4.380114,0
2012-06-27,sz.000532,8.2400,8.4000,8.2000,8.2000,8.1800,951298,7900239.8100,3,0.277694,1,0.244500,98.030450,13.526311,73.975184,4.390824,0
2012-06-28,sz.000532,8.2800,8.3000,8.0000,8.0000,8.2000,1036041,8408891.3400,3,0.302431,1,-2.439000,95.639464,13.196401,72.170912,4.283730,0
2012-06-29,sz.000532,8.0100,8.3000,8.0000,8.2500,8.0000,1174383,9539797.9200,3,0.342814,1,3.125000,98.628197,13.608789,74.426253,4.417597,0
2012-07-02,sz.000532,8.3300,8.3300,8.2000,8.2300,8.2500,743070,6130015.2000,3,0.216910,1,-0.242400,98.389098,13.575798,74.245825,4.406888,0
2012-07-03,sz.000532,8.2100,8.3100,8.1800,8.2600,8.2300,942239,7784458.5600,3,0.275049,1,0.364500,98.747746,13.625284,74.516466,4.422952,0
2012-07-04,sz.000532,8.2500,8.3400,8.0900,8.1500,8.2600,977515,7976296.2100,3,0.285347,1,-1.331700,97.432704,13.443834,73.524116,4.364050,0
2012-07-05,sz.000532,8.1600,8.1600,7.8700,7.8800,8.0900,1055421,8384668.3500,3,0.308088,1,-2.595800,94.204872,12.998455,71.088348,4.219474,0
2012-07-06,sz.000532,8.0000,8.0600,7.8500,8.0400,7.8800,749888,5965182.7300,3,0.218900,1,2.030500,96.117661,13.262383,72.531766,4.305149,0
2012-07-09,sz.000532,8.0300,8.0300,7.6000,7.7400,8.0400,1292445,10085832.1200,3,0.377278,1,-3.731300,92.531181,12.767518,69.825357,4.144509,0
2012-07-10,sz.000532,7.7400,7.7400,7.6000,7.6800,7.7400,782574,5996024.1900,3,0.228441,1,-0.775200,91.813885,12.668545,69.284075,4.112381,0
2012-07-11,sz.000532,7.6800,7.8300,7.6800,7.7500,7.6800,666793,5184027.0500,3,0.194644,1,0.911500,92.650730,12.784014,69.915571,4.149864,0
2012-07-12,sz.000532,7.7500,7.8800,7.7100,7.8500,7.7500,879932,6858564.9800,3,0.256861,1,1.290300,93.846224,12.948969,70.817707,4.203410,0
2012-07-13,sz.000532,7.8600,7.8700,7.7500,7.7500,7.8500,675310,5261879.7600,3,0.197130,1,-1.273900,92.650730,12.784014,69.915571,4.149864,0
2012-07-16,sz.000532,7.9400,8.1400,7.8300,7.8300,7.7500,2356365,18753727.7300,3,0.687847,1,1.032300,93.607125,12.915978,70.637280,4.192701,0
2012-07-17,sz.000532,7.8800,8.2700,7.8700,8.2400,7.8300,3426048,27891422.1900,3,1.000099,1,5.236300,98.508647,13.592293,74.336039,4.412242,0
2012-07-18,sz.000532,8.3000,8.7200,8.3000,8.4300,8.2400,5853439,49549620.9300,3,1.708679,1,2.305800,100.780085,13.905708,76.050098,4.513981,0
2012-07-19,sz.000532,8.3400,8.5800,8.3000,8.3700,8.4300,3298337,27885398.8200,3,0.962819,1,-0.711700,100.062789,13.806735,75.508816,4.481853,0
2012-07-20,sz.000532,8.3500,8.7600,8.3100,8.4800,8.3700,4671876,40165624.5100,3,1.363769,1,1.314200,101.377831,13.988185,76.501166,4.540754,0
2012-07-23,sz.000532,8.3400,8.5000,8.2500,8.3400,8.4800,2388903,19947814.9400,3,0.697345,1,-1.650900,99.704141,13.757248,75.238175,4.465789,0
2012-07-24,sz.000532,8.2700,8.4300,8.2700,8.3000,8.3400,1939399,16193594.6200,3,0.566131,1,-0.479600,99.225943,13.691266,74.877321,4.444370,0
2012-07-25,sz.000532,8.3200,8.3600,8.0300,8.0500,8.3000,2022911,16571717.8400,3,0.590509,1,-3.012000,96.237210,13.278879,72.621980,4.310504,0
2012-07-26,sz.000532,8.0100,8.1000,7.8200,7.8300,8.0500,2113990,16871031.6400,3,0.617095,1,-2.732900,93.607125,12.915978,70.637280,4.192701,0
2012-07-27,sz.000532,7.9000,7.9500,7.8200,7.9200,7.8300,1115183,8789885.1800,3,0.325533,1,1.149400,94.683069,13.064437,71.449202,4.240893,0
2012-07-30,sz.000532,8.0200,8.0200,7.7800,7.8000,7.9200,977531,7694147.2700,3,0.285351,1,-1.515200,93.248477,12.866491,70.366639,4.176637,0
2012-07-31,sz.000532,7.9500,8.0100,7.6600,7.9300,7.8000,1668211,13156905.7500,3,0.486968,1,1.666700,94.802618,13.080933,71.539416,4.246248,0
2012-08-01,sz.000532,7.9800,8.3900,7.8400,8.3800,7.9300,3722281,30637059.8800,3,1.086572,1,5.674700,100.182338,13.823230,75.599030,4.487208,0
2012-08-02,sz.000532,8.3000,8.4000,8.1700,8.2600,8.3800,2183418,18019822.5000,3,0.637362,1,-1.432000,98.747746,13.625284,74.516466,4.422952,0
2012-08-03,sz.000532,8.3100,8.3800,8.2100,8.3100,8.2600,1822990,15135071.2400,3,0.532150,1,0.605300,99.345493,13.707762,74.967534,4.449725,0
2012-08-06,sz.000532,8.5200,8.6900,8.4000,8.5000,8.3100,4586092,39020071.6000,3,1.338727,1,2.286400,101.616930,14.021176,76.681594,4.551463,0
2012-08-07,sz.000532,8.4100,8.6400,8.4000,8.5100,8.5000,3494281,29774364.4400,3,1.020017,1,0.117600,101.736479,14.037672,76.771807,4.556818,0
2012-08-08,sz.000532,8.5000,8.5100,8.2800,8.3000,8.5100,2843847,23755908.8100,3,0.830148,1,-2.467700,99.225943,13.691266,74.877321,4.444370,0
2012-08-09,sz.000532,8.3000,8.5200,8.2500,8.4100,8.3000,2703854,22750313.2500,3,0.789283,1,1.325300,100.540986,13.872717,75.869671,4.503272,0
2012-08-10,sz.000532,8.3100,8.5500,8.3000,8.5500,8.4100,3877873,32812832.3900,3,1.131991,1,1.664700,102.214677,14.103654,77.132662,4.578237,0
2012-08-13,sz.000532,8.5100,8.6900,8.3000,8.3300,8.5500,3626517,30927741.2900,3,1.058618,1,-2.573100,99.584591,13.740753,75.147962,4.460434,0
2012-08-14,sz.000532,8.3000,8.3800,8.1000,8.3000,8.3300,2180817,17921556.6000,3,0.636603,1,-0.360100,99.225943,13.691266,74.877321,4.444370,0
2012-08-15,sz.000532,8.2700,8.4600,8.2600,8.2600,8.3000,1664409,13908931.7200,3,0.485858,1,-0.481900,98.747746,13.625284,74.516466,4.422952,0
2012-08-16,sz.000532,8.2400,8.3200,8.1600,8.2200,8.2600,965979,7969398.8000,3,0.281979,1,-0.484300,98.269549,13.559302,74.155612,4.401533,0
2012-08-17,sz.000532,8.2200,8.3500,8.1800,8.3400,8.2200,1450198,11998926.8200,3,0.423328,1,1.459900,99.704141,13.757248,75.238175,4.465789,0
2012-08-20,sz.000532,8.3400,8.4500,8.2500,8.4500,8.3400,1607596,13456011.9900,3,0.469274,1,1.318900,101.019183,13.938699,76.230525,4.524690,0
2012-08-21,sz.000532,8.4800,8.6300,8.4500,8.5700,8.4500,3311801,28291194.6500,3,0.966749,1,1.420100,102.453775,14.136645,77.313089,4.588946,0
2012-08-22,sz.000532,8.6900,9.1900,8.5600,9.1100,8.5700,13364644,119674305.0200,3,3.901277,1,6.301100,108.909439,15.027402,82.184626,4.878098,0
2012-08-23,sz.000532,8.9800,9.1100,8.8200,9.0200,9.1100,5946851,53255311.3300,3,1.735947,1,-0.987900,107.833495,14.878943,81.372703,4.829906,0
2012-08-24,sz.000532,8.9600,9.3200,8.8000,8.8000,9.0200,7069311,64344745.8800,3,2.063605,1,-2.439000,105.203410,14.516041,79.388003,4.712103,0
2012-08-27,sz.000532,8.6100,8.9000,8.6000,8.6500,8.8000,3730436,32499457.4400,3,1.088953,1,-1.704500,103.410170,14.268609,78.034798,4.631783,0
2012-08-28,sz.000532,8.8300,8.8900,8.5300,8.7700,8.6500,2710379,23528684.0300,3,0.791188,1,1.387300,104.844762,14.466555,79.117362,4.696039,0
2012-08-29,sz.000532,8.7500,9.0700,8.6700,8.8400,8.7700,3696550,32879723.2800,3,1.079061,1,0.798200,105.681607,14.582024,79.748857,4.733522,0
2012-08-30,sz.000532,8.7400,9.0300,8.5200,8.6800,8.8400,3498538,30656702.8700,3,1.021259,1,-1.809953,103.768818,14.318095,78.305439,4.647847,0
2012-08-31,sz.000532,8.9600,8.9600,8.5100,8.6500,8.6800,2004058,17413469.2200,3,0.585005,1,-0.345600,91.631473,14.737583,67.905499,4.806240,0
2012-09-03,sz.000532,8.5700,8.8000,8.5700,8.6600,8.6500,2180704,18954873.6800,3,0.636570,1,0.115600,91.737405,14.754620,67.984002,4.811796,0
2012-09-04,sz.000532,8.6700,8.8100,8.3100,8.3500,8.6600,3023961,25932785.0900,3,0.882725,1,-3.579700,88.453503,14.226453,65.550395,4.639550,0
2012-09-05,sz.000532,8.3700,8.5200,8.3100,8.4600,8.3500,2126254,17896844.1500,3,0.620675,1,1.317400,89.618758,14.413867,66.413933,4.700669,0
2012-09-06,sz.000532,8.5000,8.5500,8.3600,8.4200,8.4600,1764475,14849383.7600,3,0.515068,1,-0.472800,89.195029,14.345716,66.099919,4.678444,0
2012-09-07,sz.000532,8.5200,8.8300,8.4600,8.7800,8.4200,4916908,42684711.9700,3,1.435296,1,4.275500,93.008593,14.959072,68.926044,4.878472,0
2012-09-10,sz.000532,8.7400,8.9300,8.7000,8.8900,8.7800,3746598,33131006.5300,3,1.093671,1,1.252800,94.173849,15.146487,69.789582,4.939592,0
2012-09-11,sz.000532,8.8800,8.9400,8.7700,8.9000,8.8900,3067991,27145883.0200,3,0.895578,1,0.112500,94.279781,15.163524,69.868085,4.945149,0
2012-09-12,sz.000532,8.9500,8.9900,8.7800,8.8700,8.9000,2450873,21711214.9600,3,0.715435,1,-0.337100,93.961984,15.112411,69.632575,4.928480,0
2012-09-13,sz.000532,8.8800,8.8800,8.6100,8.6100,8.8700,2390754,20875681.9900,3,0.697886,1,-2.931200,91.207743,14.669432,67.591485,4.784015,0
2012-09-14,sz.000532,8.6700,8.7400,8.4500,8.4900,8.6100,2070398,17749932.3800,3,0.604370,1,-1.393700,89.936555,14.464980,66.649443,4.717338,0
2012-09-17,sz.000532,8.4600,8.5300,8.3100,8.3200,8.4900,1585951,13316637.3800,3,0.462955,1,-2.002400,88.135706,14.175340,65.314884,4.622880,0
2012-09-18,sz.000532,8.3100,8.4500,8.3100,8.3800,8.3200,1173708,9827412.6800,3,0.342617,1,0.721200,88.771300,14.277566,65.785905,4.656219,0
2012-09-19,sz.000532,8.3800,8.4700,8.3500,8.4500,8.3800,1136282,9564506.1800,3,0.331692,1,0.835300,89.512826,14.396829,66.335429,4.695113,0
2012-09-20,sz.000532,8.4000,8.4000,8.0000,8.0200,8.4500,2388684,19528502.5300,3,0.697281,1,-5.088800,84.957736,13.664210,62.959780,4.456190,0
2012-09-21,sz.000532,8.0200,8.1700,7.9500,8.0300,8.0200,1178817,9495181.3700,3,0.344109,1,0.124700,85.063668,13.681247,63.038284,4.461746,0
2012-09-24,sz.000532,8.0700,8.1400,7.9600,8.1100,8.0300,896393,7248179.3200,3,0.261666,1,0.996300,85.911127,13.817549,63.666312,4.506197,0
2012-09-25,sz.000532,8.0500,8.1600,8.0500,8.0600,8.1100,839819,6803585.1600,3,0.245152,1,-0.616500,85.381465,13.732360,63.273794,4.478415,0
2012-09-26,sz.000532,8.0300,8.1000,7.8500,7.8600,8.0600,1003211,7967671.7600,3,0.292848,1,-2.481400,83.262818,13.391607,61.703725,4.367289,0
2012-09-27,sz.000532,7.8400,8.1900,7.8200,8.0400,7.8600,1499405,12030481.4300,3,0.437692,1,2.290100,85.169600,13.698285,63.116787,4.467303,0
2012-09-28,sz.000532,8.0500,8.2700,8.0200,8.1900,8.0400,1211377,9872178.7900,3,0.353613,1,1.865700,86.758585,13.953850,64.294339,4.550648,0
2012-10-08,sz.000532,8.1800,8.2300,8.0500,8.0900,8.1900,621944,5055455.0300,3,0.181552,1,-1.221000,85.699262,13.783473,63.509305,4.495085,0
2012-10-09,sz.000532,8.1400,8.2700,8.1300,8.2500,8.0900,1206485,9915346.7900,3,0.352185,1,1.977800,87.394179,14.056076,64.765360,4.583986,0
2012-10-10,sz.000532,8.2500,8.3500,8.1800,8.2800,8.2500,1178797,9739483.6600,3,0.344103,1,0.363600,87.711976,14.107189,65.000871,4.600655,0
2012-10-11,sz.000532,8.2900,8.4400,8.1800,8.1900,8.2800,1453943,12088574.7100,3,0.424421,1,-1.087000,86.758585,13.953850,64.294339,4.550648,0
2012-10-12,sz.000532,8.2400,8.3400,8.1600,8.1800,8.1900,1175867,9679743.8600,3,0.343248,1,-0.122100,86.652653,13.936812,64.215836,4.545092,0
2012-10-15,sz.000532,8.1600,8.2100,8.0000,8.0900,8.1800,1032974,8330770.7100,3,0.301536,1,-1.100200,85.699262,13.783473,63.509305,4.495085,0
2012-10-16,sz.000532,8.1000,8.1800,8.0000,8.1000,8.0900,586747,4747463.9400,3,0.171277,1,0.123600,85.805194,13.800511,63.587808,4.500641,0
2012-10-17,sz.000532,8.1200,8.2100,8.0500,8.1200,8.1000,1540314,12526695.4300,3,0.449634,1,0.246900,86.017059,13.834586,63.744815,4.511754,0
2012-10-18,sz.000532,8.1500,8.2700,8.1100,8.2500,8.1200,1389398,11402802.8700,3,0.405580,1,1.601000,87.394179,14.056076,64.765360,4.583986,0
2012-10-19,sz.000532,8.2900,8.2900,8.1600,8.1900,8.2500,947501,7774468.4700,3,0.276585,1,-0.727278,86.758585,13.953850,64.294339,4.550648,0
2012-10-22,sz.000532,8.1200,8.1800,8.1100,8.1800,8.1900,722593,5887042.8900,3,0.210932,1,-0.122100,86.652653,13.936812,64.215836,4.545092,0
2012-10-23,sz.000532,8.1900,8.2300,8.1400,8.1500,8.1800,800747,6549728.8500,3,0.233746,1,-0.366700,86.334856,13.885699,63.980325,4.528423,0
2012-10-24,sz.000532,8.1100,8.1500,8.0800,8.1300,8.1500,881811,7152354.6800,3,0.257410,1,-0.245400,86.122991,13.851624,63.823319,4.517310,0
2012-10-25,sz.000532,8.0900,8.1700,8.0700,8.1300,8.1300,931552,7558560.0500,3,0.271930,1,0.000000,86.122991,13.851624,63.823319,4.517310,0
2012-10-26,sz.000532,8.1400,8.1400,7.9400,8.0000,8.1300,1225483,9821675.8200,3,0.357731,1,-1.599000,84.745871,13.630134,62.802773,4.445077,0
2012-10-29,sz.000532,7.9500,8.0600,7.9300,8.0000,8.0000,528576,4231003.7500,3,0.154297,1,0.000000,95.358542,13.860877,-109.306494,4.316109,0
2012-10-30,sz.000532,8.0900,8.1800,7.9600,8.1600,8.0000,1284516,10441131.3300,3,0.374963,1,2.000000,97.265713,14.138094,-111.492624,4.402431,0
2012-10-31,sz.000532,8.1600,8.1900,8.0000,8.0800,8.1600,1472639,11895935.4700,3,0.429878,1,-0.980400,96.312127,13.999485,-110.399559,4.359270,0
2012-11-01,sz.000532,8.0400,8.3000,8.0300,8.2100,8.0800,3390879,27861758.8500,3,0.989832,1,1.608900,97.861704,14.224725,-112.175790,4.429407,0
2012-11-02,sz.000532,8.2000,8.3800,8.1000,8.2700,8.2100,3185078,26277620.2500,3,0.929757,1,0.730800,98.576893,14.328681,-112.995588,4.461778,0
2012-11-05,sz.000532,8.2500,8.2600,8.1500,8.1700,8.2700,1118869,9156070.4900,3,0.326609,1,-1.209200,97.384911,14.155420,-111.629257,4.407827,0
2012-11-06,sz.000532,8.1800,8.1800,8.0400,8.1300,8.1700,1210819,9792841.2300,3,0.353451,1,-0.489600,96.908118,14.086116,-111.082725,4.386246,0
2012-11-07,sz.000532,8.1500,8.1800,8.0500,8.1100,8.1300,988246,8011043.3600,3,0.288479,1,-0.246000,96.669722,14.051464,-110.809458,4.375456,0
2012-11-08,sz.000532,8.0600,8.1000,7.9700,7.9700,8.1100,851119,6818448.8200,3,0.248450,1,-1.726300,95.000947,13.808898,-108.896595,4.299924,0
2012-11-09,sz.000532,7.9700,8.0000,7.9000,7.9600,7.9700,737700,5870927.8400,3,0.215342,1,-0.125500,94.881749,13.791572,-108.759962,4.294529,0
2012-11-12,sz.000532,7.9900,8.0200,7.9200,7.9900,7.9600,572581,4565796.3600,3,0.167142,1,0.376900,95.239344,13.843550,-109.169861,4.310714,0
2012-11-13,sz.000532,8.0200,8.1300,7.9300,8.0200,7.9900,1034755,8294457.7400,3,0.302056,1,0.375500,95.596938,13.895529,-109.579760,4.326899,0
2012-11-14,sz.000532,8.0500,8.0500,7.8700,7.9800,8.0200,762377,6064312.3500,3,0.222546,1,-0.498800,95.120145,13.826224,-109.033228,4.305319,0
2012-11-15,sz.000532,7.9300,7.9500,7.8000,7.8200,7.9800,851100,6681270.6500,3,0.248445,1,-2.005000,93.212975,13.549007,-106.847098,4.218997,0
2012-11-16,sz.000532,7.8100,7.8700,7.7500,7.8300,7.8200,704137,5480263.0800,3,0.205545,1,0.127900,93.332173,13.566333,-106.983731,4.224392,0
2012-11-19,sz.000532,7.7900,7.8100,7.6800,7.8000,7.8300,633289,4901966.8400,3,0.184864,1,-0.383100,92.974578,13.514355,-106.573832,4.208206,0
2012-11-20,sz.000532,7.8600,7.8600,7.7500,7.7600,7.8000,625216,4872302.2000,3,0.182507,1,-0.512800,92.497786,13.445050,-106.027299,4.186626,0
2012-11-21,sz.000532,7.7100,7.8200,7.6300,7.8100,7.7600,728955,5640550.2700,3,0.212789,1,0.644300,93.093776,13.531681,-106.710465,4.213602,0
2012-11-22,sz.000532,7.8300,7.8300,7.4700,7.4700,7.8100,1294771,9837331.4900,3,0.377957,1,-4.353400,89.041038,12.942593,-102.064939,4.030167,0
2012-11-23,sz.000532,7.5200,7.5400,7.4500,7.4800,7.4700,698828,5230478.2800,3,0.203995,1,0.133900,89.160237,12.959920,-102.201572,4.035562,0
2012-11-26,sz.000532,7.5200,7.5200,7.3800,7.4300,7.4800,658553,4900892.1000,3,0.192238,1,-0.668400,88.564246,12.873289,-101.518406,4.008586,0
2012-11-27,sz.000532,7.4100,7.4100,7.0100,7.0800,7.4300,1059917,7548282.7300,3,0.309401,1,-4.710600,84.392310,12.266876,-96.736247,3.819757,0
2012-11-28,sz.000532,7.0600,7.0700,6.7000,6.8600,7.0800,735660,5057801.8200,3,0.214747,1,-3.107300,81.769950,11.885702,-93.730319,3.701064,0
2012-11-29,sz.000532,6.8600,6.9400,6.6500,6.8100,6.8600,801100,5467678.4000,3,0.233849,1,-0.728900,81.173959,11.799071,-93.047153,3.674088,0
2012-11-30,sz.000532,6.8100,6.9200,6.7500,6.8900,6.8100,542744,3718632.9700,3,0.158433,1,1.174700,82.127544,11.937680,-94.140218,3.717249,0
2012-12-03,sz.000532,6.9200,6.9300,6.6100,6.6400,6.8900,507400,3435341.9900,3,0.148115,1,-3.628400,79.147590,11.504528,-90.724390,3.582371,0
2012-12-04,sz.000532,6.6000,6.6600,6.2200,6.6600,6.6400,1310001,8451071.0400,3,0.382403,1,0.301200,79.385986,11.539180,-90.997656,3.593161,0
2012-12-05,sz.000532,6.7900,6.9600,6.5100,6.9400,6.6600,2157781,14830141.8000,3,0.629878,1,4.204200,82.723535,12.024310,-94.823384,3.744225,0
2012-12-06,sz.000532,7.2900,7.2900,6.9100,7.0400,6.9400,1324367,9280831.4400,3,0.386596,1,1.440900,83.915517,12.197571,-96.189715,3.798176,0
2012-12-07,sz.000532,7.0900,7.1700,6.9600,7.1300,7.0400,1681515,11895309.5700,3,0.490852,1,1.278400,84.988300,12.353506,-97.419413,3.846732,0
2012-12-10,sz.000532,7.0100,7.2800,7.0100,7.2400,7.1300,2681464,19251220.9500,3,0.782747,1,1.542800,86.299480,12.544093,-98.922377,3.906079,0
2012-12-11,sz.000532,7.2900,7.4400,7.1700,7.3200,7.2400,3902793,28607402.7400,3,1.139265,1,1.105000,87.253066,12.682702,-100.015442,3.949240,0
2012-12-12,sz.000532,7.3900,7.3900,7.1400,7.2000,7.3200,2016015,14560776.8000,3,0.588496,1,-1.639300,85.822688,12.474789,-98.375845,3.884498,0
2012-12-13,sz.000532,7.2100,7.2200,7.0700,7.1000,7.2000,962736,6873182.9800,3,0.281033,1,-1.388900,84.630706,12.301528,-97.009513,3.830547,0
2012-12-14,sz.000532,7.1900,7.3500,7.1000,7.3500,7.1000,2197128,15993716.4300,3,0.641364,1,3.521100,87.610660,12.734680,-100.425341,3.965425,0
2012-12-17,sz.000532,7.3700,7.3800,7.2800,7.3800,7.3500,1624906,11956416.1200,3,0.474327,1,0.408200,87.968255,12.786659,-100.835241,3.981611,0
2012-12-18,sz.000532,7.4500,7.5900,7.3300,7.4900,7.3800,3039459,22688232.7600,3,0.887249,1,1.490500,89.279435,12.977246,-102.338205,4.040957,0
2012-12-19,sz.000532,7.4800,7.5500,7.4500,7.5200,7.4900,1819167,13671184.4800,3,0.531034,1,0.400500,89.637029,13.029224,-102.748104,4.057143,0
2012-12-20,sz.000532,7.5100,7.5400,7.4400,7.5000,7.5200,1324267,9919110.8300,3,0.386567,1,-0.266000,89.398633,12.994572,-102.474838,4.046352,0
2012-12-21,sz.000532,7.5000,7.5500,7.4600,7.4800,7.5000,1421022,10650417.9000,3,0.414811,1,-0.266700,89.160237,12.959920,-102.201572,4.035562,0
2012-12-24,sz.000532,7.4300,7.4900,7.4200,7.4600,7.4800,780051,5818617.0500,3,0.227705,1,-0.267400,88.921840,12.925267,-101.928306,4.024772,0
2012-12-25,sz.000532,7.4600,7.6100,7.4300,7.5500,7.4600,2108830,15842896.7100,3,0.615589,1,1.206400,89.994624,13.081202,-103.158004,4.073328,0
2012-12-26,sz.000532,7.5300,7.6900,7.5200,7.6900,7.5500,1838938,13987924.2400,3,0.536805,1,1.854300,91.663398,13.323768,-105.070867,4.148860,0
2012-12-27,sz.000532,7.7400,8.0500,7.6000,7.9100,7.6900,3310265,25873263.5600,3,0.966300,1,2.860900,94.285758,13.704942,-108.076796,4.267553,0
2012-12-28,sz.000532,7.8400,8.0000,7.8400,7.9500,7.9100,1880645,14905287.5400,3,0.548980,1,0.505700,94.762551,13.774246,-108.623328,4.289134,0
2012-12-31,sz.000532,7.9400,8.2000,7.9000,7.9400,7.9500,2121661,17059856.3500,3,0.619335,1,-0.125800,94.643353,13.756920,-108.486695,4.283738,0
2013-01-04,sz.000532,7.9600,8.2100,7.7700,7.9000,7.9400,1367592,10826105.9800,3,0.399214,1,-0.503800,94.166560,13.687616,-107.940163,4.262158,0
2013-01-07,sz.000532,7.8100,7.9300,7.8100,7.8800,7.9000,1388367,10963554.0900,3,0.405279,1,-0.253200,93.928164,13.652963,-107.666897,4.251368,0
2013-01-08,sz.000532,7.9400,8.1700,7.8800,8.1500,7.8800,3074770,24841576.2700,3,0.897557,1,3.426400,97.146514,14.120768,-111.355991,4.397036,0
2013-01-09,sz.000532,8.1500,8.4000,8.0700,8.3600,8.1500,4104799,33997185.5300,3,1.198233,1,2.576700,99.649676,14.484616,-114.225286,4.510334,0
2013-01-10,sz.000532,8.3700,8.5000,8.2600,8.2900,8.3600,2056244,17173249.5000,3,0.600239,1,-0.837300,98.815289,14.363333,-113.268854,4.472568,0
2013-01-11,sz.000532,8.3000,8.3000,8.0900,8.1600,8.2900,1922702,15694642.9500,3,0.561257,1,-1.568200,97.265713,14.138094,-111.492624,4.402431,0
2013-01-14,sz.000532,8.0300,8.4000,8.0300,8.3500,8.1600,1907515,15858860.7400,3,0.556823,1,2.328400,99.530478,14.467290,-114.088653,4.504939,0
2013-01-15,sz.000532,8.4200,8.4600,8.3100,8.4000,8.3500,3168753,26583169.2100,3,0.924992,1,0.598800,100.126469,14.553920,-114.771819,4.531915,0
2013-01-16,sz.000532,8.4100,8.5100,8.2200,8.4000,8.4000,1910279,15995210.1500,3,0.557630,1,0.000000,100.126469,14.553920,-114.771819,4.531915,0
2013-01-17,sz.000532,8.3100,8.4000,8.2300,8.3900,8.4000,1422164,11840877.8200,3,0.415144,1,-0.119000,100.007271,14.536594,-114.635186,4.526520,0
2013-01-18,sz.000532,8.3900,8.5200,8.3500,8.4900,8.3900,1781648,15063105.9200,3,0.520081,1,1.191900,101.199252,14.709855,-116.001517,4.580471,0
2013-01-21,sz.000532,8.4400,8.6500,8.4300,8.5600,8.4900,1683142,14381003.9200,3,0.491326,1,0.824500,102.033640,14.831138,-116.957949,4.618237,0
2013-01-22,sz.000532,8.5800,8.5800,8.3200,8.3900,8.5600,1389711,11732354.5700,3,0.405671,1,-1.986000,100.007271,14.536594,-114.635186,4.526520,0
2013-01-23,sz.000532,8.4300,8.4900,8.3300,8.4000,8.3900,1233216,10370880.9800,3,0.359988,1,0.119200,100.126469,14.553920,-114.771819,4.531915,0
2013-01-24,sz.000532,8.3800,8.5500,8.1000,8.3200,8.4000,2232191,18540227.5400,3,0.651600,1,-0.952400,99.172883,14.415312,-113.678754,4.488754,0
2013-01-25,sz.000532,8.1700,8.3700,8.1500,8.3400,8.3200,1504973,12466723.0600,3,0.439317,1,0.240400,99.411280,14.449964,-113.952020,4.499544,0
2013-01-28,sz.000532,8.3600,8.5000,8.3000,8.4800,8.3400,2047717,17176572.2800,3,0.597750,1,1.678700,101.080054,14.692529,-115.864884,4.575076,0
2013-01-29,sz.000532,8.4700,8.7900,8.4000,8.6700,8.4800,3681237,31922693.8300,3,1.074591,1,2.240600,103.344820,15.021725,-118.460913,4.677583,0
2013-01-30,sz.000532,8.9900,9.2900,8.9300,9.1500,8.6700,11909183,108642502.5800,3,3.476413,1,5.536300,109.066332,15.853378,-125.019303,4.936550,0
2013-01-31,sz.000532,9.0000,9.1300,8.8000,9.0300,9.1500,5448022,48848856.7100,3,1.590334,1,-1.311500,107.635954,15.645464,-123.379705,4.871808,0
2013-02-01,sz.000532,9.0000,9.0000,8.8300,8.9100,9.0300,2921962,26021483.3700,3,0.852951,1,-1.328900,106.205576,15.437551,-121.740108,4.807067,0
2013-02-04,sz.000532,8.9000,8.9100,8.6500,8.7400,8.9100,2994029,26238439.5900,3,0.873988,1,-1.908000,104.179207,15.143008,-119.417345,4.715349,0
2013-02-05,sz.000532,8.7100,8.9100,8.6500,8.9000,8.7400,2157198,18966701.1200,3,0.629708,1,1.830700,106.086378,15.420225,-121.603475,4.801671,0
2013-02-06,sz.000532,8.8900,8.9700,8.7800,8.8900,8.9000,1447306,12810638.3700,3,0.422484,1,-0.112400,105.967180,15.402899,-121.466842,4.796276,0
2013-02-07,sz.000532,8.8000,8.9500,8.7700,8.8600,8.8900,1544693,13693519.2000,3,0.450912,1,-0.337500,105.609585,15.350921,-121.056942,4.780091,0
2013-02-08,sz.000532,8.8600,8.9600,8.8400,8.9100,8.8600,1481507,13209783.7900,3,0.432467,1,0.564300,106.205576,15.437551,-121.740108,4.807067,0
2013-02-18,sz.000532,8.9000,9.1100,8.8500,9.0500,8.9100,2169524,19541667.3800,3,0.633306,1,1.571300,107.874350,15.680117,-123.652971,4.882599,0
2013-02-19,sz.000532,9.0500,9.1300,8.8000,8.8200,9.0500,1960300,17455842.5500,3,0.572232,1,-2.541400,105.132792,15.281616,-120.510410,4.758510,0
2013-02-20,sz.000532,8.8200,9.0500,8.8000,9.0300,8.8200,1540998,13708201.1600,3,0.449833,1,2.381000,107.635954,15.645464,-123.379705,4.871808,0
2013-02-21,sz.000532,9.0100,9.0400,8.7000,9.0300,9.0300,2384163,21188778.3900,3,0.695962,1,0.000000,107.635954,15.645464,-123.379705,4.871808,0
2013-02-22,sz.000532,9.0800,9.2700,8.9100,8.9500,9.0300,3124259,28416118.9900,3,0.912003,1,-0.885900,106.682369,15.506856,-122.286640,4.828647,0
2013-02-25,sz.000532,8.9500,9.3700,8.8000,9.3600,8.9500,4565915,41807868.8100,3,1.332838,1,4.581000,111.569494,16.217226,-127.888598,5.049848,0
2013-02-26,sz.000532,9.2800,9.4500,9.1400,9.1700,9.3600,4259738,39616011.9600,3,1.243461,1,-2.029900,109.304729,15.888030,-125.292569,4.947340,0
2013-02-27,sz.000532,9.1400,9.2600,8.9300,8.9800,9.1700,2387506,21652566.4900,3,0.696938,1,-2.072000,107.039963,15.558834,-122.696540,4.844833,0
2013-02-28,sz.000532,8.9700,9.2200,8.9600,9.2200,8.9800,2108876,19110326.4400,3,0.615603,1,2.672600,109.900719,15.974660,-125.975734,4.974316,0
2013-03-01,sz.000532,9.1200,9.4000,9.0700,9.3300,9.2200,4236379,39153009.3300,3,1.236643,1,1.193100,111.211899,16.165247,-127.478699,5.033662,0
2013-03-04,sz.000532,9.4000,9.6000,9.1100,9.3500,9.3300,7061321,66373858.1300,3,2.061272,1,0.214400,111.450296,16.199899,-127.751965,5.044453,0
2013-03-05,sz.000532,9.4000,10.2800,9.1500,10.0900,9.3500,11286897,111072718.5900,3,3.294761,1,7.914400,120.270961,17.482031,-137.862816,5.443693,0
2013-03-06,sz.000532,9.9700,10.1800,9.8300,10.1600,10.0900,7251682,72577987.5700,3,2.116841,1,0.693800,121.105348,17.603313,-138.819247,5.481459,0
2013-03-07,sz.000532,10.1000,11.1500,10.1000,10.4100,10.1600,11604363,122883251.6100,3,3.387433,1,2.460600,124.085303,18.036466,-142.235075,5.616337,0
2013-03-08,sz.000532,10.4000,10.9800,10.3000,10.4300,10.4100,10012609,106828973.8500,3,2.922784,1,0.192100,124.323699,18.071118,-142.508342,5.627127,0
2013-03-11,sz.000532,10.4300,10.4300,9.7700,9.9200,10.4300,6010746,60149504.2400,3,1.754599,1,-4.889700,118.244592,17.187487,-135.540053,5.351975,0
2013-03-12,sz.000532,9.8200,10.3600,9.8200,10.1000,9.9200,5162886,51949696.9600,3,1.507100,1,1.814500,120.390159,17.499357,-137.999449,5.449088,0
2013-03-13,sz.000532,10.0700,10.0700,9.6400,9.8000,10.1000,3580709,35126604.5800,3,1.045246,1,-2.970300,116.814214,16.979574,-133.900455,5.287234,0
2013-03-14,sz.000532,9.7000,9.9900,9.5000,9.6000,9.8000,3761251,36586808.4300,3,1.097948,1,-2.040800,114.430250,16.633052,-131.167793,5.179331,0
2013-03-15,sz.000532,9.6000,9.6400,9.0000,9.2500,9.6000,4736283,44357045.7600,3,1.382570,1,-3.645800,110.258314,16.026639,-126.385634,4.990501,0
2013-03-18,sz.000532,9.1500,9.3300,9.0500,9.2100,9.2500,2330950,21370524.0000,3,0.680428,1,-0.432400,109.781521,15.957334,-125.839101,4.968921,0
2013-03-19,sz.000532,9.2600,9.5800,9.0900,9.4600,9.2100,4193648,39305968.0000,3,1.224169,1,2.714400,112.761476,16.390487,-129.254929,5.103799,0
2013-03-20,sz.000532,9.4100,9.6600,9.3000,9.6400,9.4600,4132240,39323236.0000,3,1.206243,1,1.902800,114.907043,16.702356,-131.714325,5.200912,0
2013-03-21,sz.000532,9.6900,9.9500,9.5800,9.7200,9.6400,4971518,48496440.0000,3,1.451237,1,0.829900,115.860628,16.840965,-132.807390,5.244073,0
2013-03-22,sz.000532,9.6800,10.1500,9.6800,9.9200,9.7200,5193068,51650552.0000,3,1.515910,1,2.057600,118.244592,17.187487,-135.540053,5.351975,0
2013-03-25,sz.000532,9.9600,10.0000,9.6400,9.6800,9.9200,4225208,41137276.0000,3,1.233382,1,-2.419400,115.383836,16.771661,-132.260858,5.222492,0
2013-03-26,sz.000532,9.7100,9.7100,9.3000,9.4000,9.6800,2789758,26312412.0000,3,0.814359,1,-2.892600,112.046287,16.286530,-128.435131,5.071428,0
2013-03-27,sz.000532,9.3000,9.5400,9.3000,9.5300,9.4000,2282318,21516976.0000,3,0.666232,1,1.383000,113.595863,16.511769,-130.211361,5.141565,0
2013-03-28,sz.000532,9.5000,9.5000,9.1100,9.1200,9.5300,2784976,25776992.0000,3,0.812963,1,-4.302200,108.708738,15.801399,-124.609403,4.920364,0
2013-03-29,sz.000532,9.0600,9.4500,9.0400,9.4500,9.1200,2273614,20849428.0000,3,0.663691,1,3.618400,112.642278,16.373160,-129.118296,5.098404,0
2013-04-01,sz.000532,9.4500,9.4800,9.2400,9.2700,9.4500,1617002,15082448.0000,3,0.472020,1,-1.904800,110.496710,16.061291,-126.658900,5.001292,0
2013-04-02,sz.000532,9.3300,9.4300,9.1700,9.2800,9.2700,2052596,19060870.0000,3,0.599174,1,0.107900,110.615909,16.078617,-126.795533,5.006687,0
2013-04-03,sz.000532,9.2000,9.3100,8.6600,8.8500,9.2800,3359354,29832358.0000,3,0.980630,1,-4.633600,105.490387,15.333595,-120.920309,4.774696,0
2013-04-08,sz.000532,8.8700,8.8800,8.6100,8.7700,8.8500,1442068,12579926.0000,3,0.420954,1,-0.904000,104.536801,15.194986,-119.827244,4.731535,0
2013-04-09,sz.000532,8.7000,8.9400,8.7000,8.9400,8.7700,1386544,12292786.0000,3,0.404746,1,1.938400,106.563170,15.489530,-122.150007,4.823252,0
2013-04-10,sz.000532,8.9400,8.9600,8.7300,8.8300,8.9400,1346825,11839112.0000,3,0.393152,1,-1.230400,105.251991,15.298943,-120.647043,4.763906,0
2013-04-11,sz.000532,8.8100,9.0500,8.7500,8.8200,8.8300,1785067,15908102.0000,3,0.521079,1,-0.113300,105.132792,15.281616,-120.510410,4.758510,0
2013-04-12,sz.000532,8.8900,9.0000,8.7300,8.8400,8.8200,1325743,11773582.0000,3,0.386998,1,0.226763,71.676585,15.014464,-29.899149,4.716248,0
2013-04-15,sz.000532,8.8400,8.8400,8.5400,8.6100,8.8400,1295575,11165574.0000,3,0.378192,1,-2.601800,69.811696,14.623816,-29.121230,4.593540,0
2013-04-16,sz.000532,8.5600,8.6200,8.2800,8.6200,8.6100,1726744,14580135.0000,3,0.504054,1,0.116147,69.892778,14.640801,-29.155053,4.598875,0
2013-04-17,sz.000532,8.6200,8.7400,8.5300,8.7100,8.6200,1519561,13132511.0000,3,0.443575,1,1.044100,70.622517,14.793663,-29.459456,4.646891,0
2013-04-18,sz.000532,8.6500,8.7800,8.5900,8.7000,8.7100,1015037,8812918.0000,3,0.296300,1,-0.114800,70.541435,14.776678,-29.425633,4.641556,0
2013-04-19,sz.000532,8.6900,9.0000,8.6900,8.9500,8.7000,2426046,21548750.0000,3,0.708188,1,2.873563,72.568488,15.201295,-30.271197,4.774934,0
2013-04-22,sz.000532,8.9100,9.1200,8.8400,9.1000,8.9500,2040087,18412350.0000,3,0.595522,1,1.676000,73.784720,15.456066,-30.778536,4.854961,0
2013-04-23,sz.000532,9.0500,9.1300,8.7200,8.8100,9.1000,2211330,19667348.0000,3,0.645510,1,-3.186800,71.433338,14.963510,-29.797681,4.700242,0
2013-04-24,sz.000532,8.8100,9.0400,8.7000,9.0000,8.8100,1825708,16247475.0000,3,0.532943,1,2.156600,72.973899,15.286219,-30.440310,4.801610,0
2013-04-25,sz.000532,8.9600,9.0900,8.9000,8.9100,9.0000,1506896,13558713.0000,3,0.439878,1,-1.000000,69.003726,15.224347,-77.802378,4.724940,0
2013-04-26,sz.000532,8.9000,9.0100,8.7000,8.7100,8.9100,995097,8791433.0000,3,0.290479,1,-2.244667,67.454821,14.882611,-76.055973,4.618881,0
2013-05-02,sz.000532,8.7100,8.8900,8.7100,8.8700,8.7100,722830,6369953.0000,3,0.211002,1,1.837000,68.693945,15.156000,-77.453097,4.703728,0
2013-05-03,sz.000532,8.9800,9.1000,8.8600,9.0400,8.8700,1915854,17325970.0000,3,0.559258,1,1.916574,70.010514,15.446476,-78.937542,4.793879,0
2013-05-06,sz.000532,8.9600,9.4700,8.9600,9.4300,9.0400,3664657,34094416.0000,3,1.069751,1,4.314200,73.030879,16.112861,-82.343034,5.000694,0
2013-05-07,sz.000532,9.4300,9.5600,9.3600,9.5600,9.4300,3293817,31165576.0000,3,0.961499,1,1.378600,74.037668,16.334990,-83.478197,5.069633,0
2013-05-08,sz.000532,9.5400,9.6600,9.3000,9.5800,9.5600,4563990,43301184.0000,3,1.332276,1,0.209200,74.192558,16.369163,-83.652838,5.080239,0
2013-05-09,sz.000532,9.5800,9.6900,9.3200,9.4000,9.5800,2514414,23760442.0000,3,0.733983,1,-1.878900,72.798543,16.061601,-82.081073,4.984785,0
2013-05-10,sz.000532,9.4200,9.7800,9.3200,9.7700,9.4000,5370965,51602328.0000,3,1.567840,1,3.936200,75.664018,16.693813,-85.311923,5.180995,0
2013-05-13,sz.000532,9.7800,9.9400,9.6000,9.7200,9.7700,4277398,41737544.0000,3,1.248617,1,-0.511800,75.276792,16.608379,-84.875322,5.154480,0
2013-05-14,sz.000532,9.6600,9.6600,9.4100,9.4500,9.7200,2440627,23183800.0000,3,0.712444,1,-2.777800,73.185770,16.147035,-82.517674,5.011300,0
2013-05-15,sz.000532,9.4100,9.5900,9.4000,9.5800,9.4500,2214626,21028788.0000,3,0.646472,1,1.375700,74.192558,16.369163,-83.652838,5.080239,0
2013-05-16,sz.000532,9.5800,10.2300,9.5000,10.0400,9.5800,7462763,74411752.0000,3,2.178457,1,4.801700,77.755040,17.155157,-87.669571,5.324175,0
2013-05-17,sz.000532,9.9000,10.3700,9.8700,10.3200,10.0400,8665630,88430728.0000,3,2.529587,1,2.788800,79.923507,17.633587,-90.114539,5.472658,0
2013-05-20,sz.000532,10.9900,11.0000,10.0400,10.0900,10.3200,13683606,141454736.0000,3,3.994385,1,-2.228700,78.142266,17.240591,-88.106173,5.350690,0
2013-05-21,sz.000532,10.0900,10.3800,9.9700,10.3800,10.0900,10659198,108645232.0000,3,3.111530,1,2.874132,80.388179,17.736108,-90.638461,5.504476,0
2013-05-22,sz.000532,10.3100,10.4700,10.1400,10.1500,10.3800,7513748,77458224.0000,3,2.193340,1,-2.215800,78.606938,17.343112,-88.630094,5.382508,0
2013-05-23,sz.000532,10.0500,10.2000,9.9700,9.9800,10.1500,5098470,51212028.0000,3,1.488296,1,-1.674900,77.290368,17.052636,-87.145649,5.292357,0
2013-05-24,sz.000532,9.9600,10.0700,9.7900,9.9600,9.9800,4365066,43303296.0000,3,1.274208,1,-0.200400,77.135478,17.018462,-86.971009,5.281751,0
2013-05-27,sz.000532,10.0000,10.1500,9.9600,10.1200,9.9600,3157461,31806764.0000,3,0.921695,1,1.606400,78.374602,17.291851,-88.368134,5.366599,0
2013-05-28,sz.000532,10.1000,10.1500,9.8500,10.0300,10.1200,3734120,37153428.0000,3,1.090028,1,-0.889300,77.677595,17.138070,-87.582251,5.318872,0
2013-05-29,sz.000532,9.9500,10.2000,9.8300,10.1400,10.0300,7958298,79884016.0000,3,2.323109,1,1.096700,78.529493,17.326025,-88.542774,5.377205,0
2013-05-30,sz.000532,10.1400,10.4700,10.0000,10.3700,10.1400,15615442,161402240.0000,3,4.558308,1,2.268200,80.310734,17.719021,-90.551141,5.499173,0
2013-05-31,sz.000532,10.3000,10.9400,10.3000,10.6500,10.3700,20626606,220805088.0000,3,6.021119,1,2.700094,82.479201,18.197452,-92.996109,5.647656,0
2013-06-03,sz.000532,10.5500,10.8500,10.3500,10.4300,10.6500,7923627,83988928.0000,3,2.312988,1,-2.065700,80.775405,17.821542,-91.075063,5.530991,0
2013-06-04,sz.000532,10.4300,10.5500,10.0400,10.3400,10.4300,5042162,51655404.0000,3,1.471859,1,-0.862900,80.078398,17.667761,-90.289180,5.483264,0
2013-06-05,sz.000532,10.3100,10.6700,10.1500,10.6500,10.3400,7616245,79976608.0000,3,2.223260,1,2.998100,82.479201,18.197452,-92.996109,5.647656,0
2013-06-06,sz.000532,10.6700,11.1500,10.2800,10.3000,10.6500,9584458,102947328.0000,3,2.797802,1,-3.286400,79.768617,17.599414,-89.939899,5.462052,0
2013-06-07,sz.000532,10.1500,10.4000,9.6700,10.3300,10.3000,8143081,82051448.0000,3,2.377049,1,0.291300,80.000953,17.650674,-90.201860,5.477961,0
2013-06-13,sz.000532,10.0000,10.2800,9.6700,10.0500,10.3300,4700185,46995384.0000,3,1.372032,1,-2.710600,77.832485,17.172243,-87.756892,5.329478,0
2013-06-14,sz.000532,10.1200,10.1900,9.9300,10.0200,10.0500,4481295,44989600.0000,3,1.308136,1,-0.298500,77.600150,17.120983,-87.494931,5.313569,0
2013-06-17,sz.000532,9.9600,10.3500,9.7500,10.2700,10.0200,6001382,60704960.0000,3,1.751865,1,2.495000,79.536281,17.548153,-89.677938,5.446143,0
2013-06-18,sz.000532,10.2400,10.2400,9.9300,10.0600,10.2700,4272534,43137656.0000,3,1.247197,1,-2.044800,77.909931,17.189330,-87.844212,5.334781,0
2013-06-19,sz.000532,10.0200,10.0500,9.6200,9.8300,10.0600,4375537,42853816.0000,3,1.277264,1,-2.286300,76.128690,16.796334,-85.835845,5.212813,0
2013-06-20,sz.000532,9.8000,9.8000,9.2500,9.3800,9.8300,3943570,37464368.0000,3,1.151169,1,-4.577800,72.643653,16.027427,-81.906432,4.974180,0
2013-06-21,sz.000532,9.3000,9.3000,8.9800,9.1100,9.3800,2403441,21950804.0000,3,0.701589,1,-2.878500,70.552631,15.566083,-79.548784,4.831000,0
2013-06-24,sz.000532,9.1300,9.1500,8.2000,8.4600,9.1100,5146054,44272152.0000,3,1.502186,1,-7.135000,65.518689,14.455441,-73.872965,4.486307,0
2013-06-25,sz.000532,8.4500,8.7200,7.6600,8.6100,8.4600,4756543,39071904.0000,3,1.388484,1,1.773000,66.680368,14.711743,-75.182770,4.565851,0
2013-06-26,sz.000532,8.5300,8.7500,8.4100,8.7000,8.6100,2582108,22209348.0000,3,0.753744,1,1.045300,67.377375,14.865524,-75.968652,4.613578,0
2013-06-27,sz.000532,8.7700,9.3400,8.7000,8.8500,8.7000,7020184,63551696.0000,3,2.049264,1,1.724100,68.539054,15.121826,-77.278457,4.693122,0
2013-06-28,sz.000532,8.8000,9.3000,8.7000,9.3000,8.8500,5866341,52751352.0000,3,1.712445,1,5.084700,72.024091,15.890733,-81.207870,4.931756,0
2013-07-01,sz.000532,9.2300,9.4500,9.0500,9.3700,9.3000,3354608,31081298.0000,3,0.979245,1,0.752700,72.566208,16.010340,-81.819112,4.968877,0
2013-07-02,sz.000532,9.3200,9.6900,9.1000,9.4900,9.3700,4561936,42650436.0000,3,1.331676,1,1.280700,73.495551,16.215382,-82.866955,5.032512,0
2013-07-03,sz.000532,9.4000,9.5800,9.2400,9.4800,9.4900,3998994,37744776.0000,3,1.167348,1,-0.105400,73.418106,16.198295,-82.779635,5.027209,0
2013-07-04,sz.000532,9.4200,9.5300,9.2500,9.3500,9.4800,3201302,30117314.0000,3,0.934493,1,-1.371300,72.411317,15.976167,-81.644471,4.958271,0
2013-07-05,sz.000532,9.4000,9.4800,9.2200,9.2600,9.3500,2814994,26265128.0000,3,0.821726,1,-0.962600,71.714310,15.822386,-80.858589,4.910544,0
2013-07-08,sz.000532,9.2500,9.2500,8.4800,8.4800,9.2600,4519256,39597164.0000,3,1.319217,1,-8.423300,65.673580,14.489614,-74.047606,4.496913,0
2013-07-09,sz.000532,8.4800,8.6600,8.2400,8.5800,8.4800,2544855,21444244.0000,3,0.742869,1,1.179200,66.448032,14.660482,-74.920809,4.549942,0
2013-07-10,sz.000532,8.6900,8.8600,8.6000,8.8000,8.5800,2569763,22431520.0000,3,0.750140,1,2.564100,68.151828,15.036392,-76.841855,4.666608,0
2013-07-11,sz.000532,8.8000,9.1800,8.7600,9.1200,8.8000,4009517,36022240.0000,3,1.170419,1,3.636400,70.630076,15.583170,-79.636105,4.836302,0
2013-07-12,sz.000532,9.1800,9.4200,8.9800,9.0000,9.1200,3621405,33316848.0000,3,1.057125,1,-1.315800,69.700733,15.378128,-78.588261,4.772667,0
2013-07-15,sz.000532,9.0300,9.2800,8.9900,9.1000,9.0000,3226050,29371000.0000,3,0.941717,1,1.111100,70.475186,15.548997,-79.461464,4.825697,0
2013-07-16,sz.000532,9.1000,9.4800,9.0900,9.4000,9.1000,5471597,50813212.0000,3,1.597215,1,3.296700,72.798543,16.061601,-82.081073,4.984785,0
2013-07-17,sz.000532,9.3300,9.3300,9.0900,9.1000,9.3600,3240980,29787248.0000,3,0.946075,1,-2.777800,70.475186,15.548997,-79.461464,4.825697,0
2013-07-18,sz.000532,9.0000,9.1900,8.9800,9.0600,9.1000,1876896,17035856.0000,3,0.547885,1,-0.439600,70.165405,15.480649,-79.112183,4.804485,0
2013-07-19,sz.000532,9.1800,9.2500,9.0000,9.1900,9.0600,3856665,35269740.0000,3,1.125800,1,1.434900,71.172193,15.702778,-80.247347,4.873423,0
2013-07-22,sz.000532,9.1600,9.4200,9.0600,9.4000,9.1900,3322527,30882568.0000,3,0.969880,1,2.285100,72.798543,16.061601,-82.081073,4.984785,0
2013-07-23,sz.000532,9.4700,9.8000,9.4000,9.7500,9.4000,7021024,67531880.0000,3,2.049509,1,3.723400,75.509128,16.659639,-85.137283,5.170389,0
2013-07-24,sz.000532,9.6600,9.8500,9.4700,9.7900,9.7500,4734075,45820856.0000,3,1.381925,1,0.410300,75.818909,16.727986,-85.486564,5.191601,0
2013-07-25,sz.000532,9.7200,9.9800,9.5500,9.7700,9.7900,5091420,49801044.0000,3,1.486238,1,-0.204300,75.664018,16.693813,-85.311923,5.180995,0
2013-07-26,sz.000532,10.2300,10.4900,9.9800,10.0200,9.7700,14746888,151055120.0000,3,4.304768,1,2.558900,77.600150,17.120983,-87.494931,5.313569,0
2013-07-29,sz.000532,9.8000,11.0200,9.6100,11.0200,10.0200,34937422,374530816.0000,3,10.198593,1,9.980000,85.344675,18.829664,-96.226960,5.843866,0
2013-07-30,sz.000532,10.6700,11.0700,10.2000,10.8300,11.0200,29348925,311091072.0000,3,8.567253,1,-1.724100,83.873215,18.505015,-94.567874,5.743109,0
2013-07-31,sz.000532,10.6000,11.3000,10.5000,11.0900,10.8300,22781629,249667456.0000,3,6.650192,1,2.400700,85.886792,18.949272,-96.838202,5.880986,0
2013-08-01,sz.000532,10.9600,11.2700,10.8600,11.1000,11.0900,15781996,174378416.0000,3,4.606927,1,0.090200,85.964237,18.966358,-96.925522,5.886289,0
2013-08-02,sz.000532,11.1000,11.2800,10.7000,10.7200,11.1000,17128785,187744432.0000,3,5.000069,1,-3.423400,83.021318,18.317060,-93.607351,5.684777,0
2013-08-05,sz.000532,10.5500,10.8300,10.5000,10.7200,10.7200,9332896,100013560.0000,3,2.724368,1,0.000000,83.021318,18.317060,-93.607351,5.684777,0
2013-08-06,sz.000532,10.7800,11.1900,10.6500,10.8600,10.7200,11170769,122026512.0000,3,3.260862,1,1.306000,84.105551,18.556275,-94.829835,5.759018,0
2013-08-07,sz.000532,10.7200,11.0300,10.5000,11.0200,10.8600,12420489,133823672.0000,3,3.625669,1,1.473300,85.344675,18.829664,-96.226960,5.843866,0
2013-08-08,sz.000532,11.7000,11.9000,11.2400,11.4700,11.0200,25871877,298865024.0000,3,7.552267,1,4.083500,88.829712,19.598570,-100.156373,6.082499,0
2013-08-09,sz.000532,11.3100,12.2200,11.3100,11.4600,11.4700,21659434,254419264.0000,3,6.322612,1,-0.087200,88.752267,19.581484,-100.069052,6.077196,0
2013-08-12,sz.000532,11.1800,11.7600,10.9800,11.6600,11.4600,16613611,188961760.0000,3,4.849684,1,1.745200,90.301172,19.923220,-101.815458,6.183255,0
2013-08-13,sz.000532,11.5000,11.8200,11.2300,11.6800,11.6600,11465685,132389056.0000,3,3.346951,1,0.171500,90.456062,19.957393,-101.990099,6.193861,0
2013-08-14,sz.000532,11.5900,11.9000,11.3900,11.8800,11.6800,12655703,147506880.0000,3,3.694330,1,1.712300,92.004968,20.299130,-103.736505,6.299920,0
2013-08-15,sz.000532,11.8000,12.1900,11.4500,11.4500,11.8800,11644097,137704048.0000,3,3.399032,1,-3.619500,88.674822,19.564397,-99.981732,6.071893,0
2013-08-16,sz.000532,11.2900,11.6000,10.9000,10.9400,11.4500,9119308,102538856.0000,3,2.662020,1,-4.454100,84.725113,18.692970,-95.528397,5.801442,0
2013-08-19,sz.000532,10.9800,11.6100,10.8200,11.5900,10.9400,9485310,107182472.0000,3,2.768860,1,5.941500,71.612637,20.551497,-60.801327,6.142538,0
2013-08-20,sz.000532,11.5400,11.8700,11.3800,11.8300,11.5900,8443233,98575592.0000,3,2.464667,1,2.070800,73.095556,20.977068,-62.060371,6.269735,0
2013-08-21,sz.000532,11.8200,11.9300,11.6300,11.8300,11.8300,5484453,64759576.0000,3,1.600968,1,0.000000,73.095556,20.977068,-62.060371,6.269735,0
2013-08-22,sz.000532,11.8100,12.1100,11.6700,11.9000,11.8300,8334144,99078216.0000,3,2.432822,1,0.591700,73.528074,21.101192,-62.427592,6.306834,0
2013-08-23,sz.000532,11.8600,11.9700,11.3800,11.9000,11.9000,7830282,92022136.0000,3,2.285740,1,0.000000,73.528074,21.101192,-62.427592,6.306834,0
2013-08-26,sz.000532,11.9000,12.2500,11.7800,12.1500,11.9000,8752866,105956816.0000,3,2.555052,1,2.100800,75.072782,21.544495,-63.739096,6.439330,0
2013-08-27,sz.000532,12.0200,12.5500,11.9800,12.4300,12.1500,10674474,131694168.0000,3,3.115989,1,2.304500,76.802854,22.040993,-65.207981,6.587726,0
2013-08-28,sz.000532,12.2800,12.4500,12.1200,12.3000,12.4300,7194578,88252888.0000,3,2.100171,1,-1.045900,75.999606,21.810476,-64.525999,6.518828,0
2013-08-29,sz.000532,12.2000,12.6100,12.0100,12.4500,12.3000,7297453,90159352.0000,3,2.130202,1,1.219500,76.926431,22.076458,-65.312901,6.598326,0
2013-08-30,sz.000532,12.3600,13.0000,12.2800,12.4600,12.4500,9939273,126909728.0000,3,2.901376,1,0.080300,76.988219,22.094190,-65.365362,6.603626,0
2013-09-02,sz.000532,12.7900,13.7100,12.7100,13.7100,12.4600,15768103,210720880.0000,3,4.602872,1,10.032100,84.711756,24.310701,-71.922882,7.266108,0
2013-09-03,sz.000532,13.8800,14.4500,13.3300,13.8300,13.7100,15158708,211516208.0000,3,4.424983,1,0.875300,85.453216,24.523487,-72.552404,7.329707,0
2013-09-04,sz.000532,13.7900,15.1700,13.5600,15.1300,13.8300,17396422,251177552.0000,3,5.078195,1,9.399900,93.485694,26.828659,-79.372225,8.018688,0
2013-09-05,sz.000532,14.7800,15.1700,14.4600,14.9800,15.1300,15528681,230683248.0000,3,4.532982,1,-0.991400,92.558870,26.562677,-78.585322,7.939190,0
2013-09-06,sz.000532,14.7900,15.3400,14.6100,15.2200,14.9800,10979899,165686096.0000,3,3.205146,1,1.602100,94.041789,26.988248,-79.844366,8.066387,0
2013-09-09,sz.000532,15.0500,15.2000,14.4000,14.8600,15.2200,10893015,160632320.0000,3,3.179783,1,-2.365300,91.817410,26.349892,-77.955800,7.875592,0
2013-09-10,sz.000532,14.6800,14.9500,14.3100,14.9300,14.8600,8099353,118235488.0000,3,2.364285,1,0.471100,92.249929,26.474017,-78.323021,7.912691,0
2013-09-11,sz.000532,14.7600,14.9600,14.3800,14.9100,14.9300,8242335,121555998.0000,3,2.406022,1,-0.134000,92.126352,26.438553,-78.218101,7.902091,0
2013-09-12,sz.000532,14.5500,16.3900,14.5200,15.8300,14.9100,11378329,179112376.0000,3,3.321451,1,6.170400,97.810875,28.069906,-83.044436,8.389679,0
2013-09-13,sz.000532,15.8300,15.8300,15.8300,15.8300,15.8300,0,0.0000,3,,0,0.000000,97.810875,28.069906,-83.044436,8.389679,0
2013-09-16,sz.000532,16.3100,17.2000,15.2500,16.8600,15.8300,4762023,76661439.0000,3,1.390084,1,6.506600,104.175070,29.896311,-88.447833,8.935564,0
2013-09-17,sz.000532,16.8600,16.8600,16.8600,16.8600,16.8600,0,0.0000,3,,0,0.000000,104.175070,29.896311,-88.447833,8.935564,0
2013-09-18,sz.000532,16.8600,16.8600,16.8600,16.8600,16.8600,0,0.0000,3,,0,0.000000,104.175070,29.896311,-88.447833,8.935564,0
2013-09-23,sz.000532,16.8600,16.8600,16.8600,16.8600,16.8600,0,0.0000,3,,0,0.000000,104.175070,29.896311,-88.447833,8.935564,0
2013-09-24,sz.000532,16.8600,16.8600,16.8600,16.8600,16.8600,0,0.0000,3,,0,0.000000,104.175070,29.896311,-88.447833,8.935564,0
2013-09-25,sz.000532,16.8600,16.8600,16.8600,16.8600,16.8600,0,0.0000,3,,0,0.000000,104.175070,29.896311,-88.447833,8.935564,0
2013-09-26,sz.000532,16.8600,16.8600,16.8600,16.8600,16.8600,0,0.0000,3,,0,0.000000,104.175070,29.896311,-88.447833,8.935564,0
2013-09-27,sz.000532,16.8600,16.8600,16.8600,16.8600,16.8600,0,0.0000,3,,0,0.000000,104.175070,29.896311,-88.447833,8.935564,0
2013-09-30,sz.000532,16.8600,16.8600,16.8600,16.8600,16.8600,0,0.0000,3,,0,0.000000,104.175070,29.896311,-88.447833,8.935564,0
2013-10-08,sz.000532,16.8600,16.8600,16.8600,16.8600,16.8600,0,0.0000,3,,0,0.000000,104.175070,29.896311,-88.447833,8.935564,0
2013-10-09,sz.000532,16.8600,16.8600,16.8600,16.8600,16.8600,0,0.0000,3,,0,0.000000,104.175070,29.896311,-88.447833,8.935564,0
2013-10-10,sz.000532,16.8600,16.8600,16.8600,16.8600,16.8600,0,0.0000,3,,0,0.000000,104.175070,29.896311,-88.447833,8.935564,0
2013-10-11,sz.000532,16.8600,16.8600,16.8600,16.8600,16.8600,0,0.0000,3,,0,0.000000,104.175070,29.896311,-88.447833,8.935564,0
2013-10-14,sz.000532,16.8600,16.8600,16.8600,16.8600,16.8600,0,0.0000,3,,0,0.000000,104.175070,29.896311,-88.447833,8.935564,0
2013-10-15,sz.000532,16.8600,16.8600,16.8600,16.8600,16.8600,0,0.0000,3,,0,0.000000,104.175070,29.896311,-88.447833,8.935564,0
2013-10-16,sz.000532,16.8600,16.8600,16.8600,16.8600,16.8600,0,0.0000,3,,0,0.000000,104.175070,29.896311,-88.447833,8.935564,0
2013-10-17,sz.000532,16.8600,16.8600,16.8600,16.8600,16.8600,0,0.0000,3,,0,0.000000,104.175070,29.896311,-88.447833,8.935564,0
2013-10-18,sz.000532,16.8600,16.8600,16.8600,16.8600,16.8600,0,0.0000,3,,0,0.000000,104.175070,29.896311,-88.447833,8.935564,0
2013-10-21,sz.000532,16.8600,16.8600,16.8600,16.8600,16.8600,0,0.0000,3,,0,0.000000,104.175070,29.896311,-88.447833,8.935564,0
2013-10-22,sz.000532,16.8600,16.8600,16.8600,16.8600,16.8600,0,0.0000,3,,0,0.000000,104.175070,29.896311,-88.447833,8.935564,0
2013-10-23,sz.000532,16.8600,16.8600,16.8600,16.8600,16.8600,0,0.0000,3,,0,0.000000,104.175070,29.896311,-88.447833,8.935564,0
2013-10-24,sz.000532,16.8600,16.8600,16.8600,16.8600,16.8600,0,0.0000,3,,0,0.000000,104.175070,29.896311,-88.447833,8.935564,0
2013-10-25,sz.000532,16.8600,16.8600,16.8600,16.8600,16.8600,0,0.0000,3,,0,0.000000,104.175070,29.896311,-88.447833,8.935564,0
2013-10-28,sz.000532,16.8600,16.8600,16.8600,16.8600,16.8600,0,0.0000,3,,0,0.000000,104.175070,29.896311,-88.447833,8.935564,0
2013-10-29,sz.000532,16.8600,16.8600,16.8600,16.8600,16.8600,0,0.0000,3,,0,0.000000,104.175070,29.896311,-88.447833,8.935564,0
2013-10-30,sz.000532,16.8600,16.8600,16.8600,16.8600,16.8600,0,0.0000,3,,0,0.000000,98.072576,28.499906,188.606386,8.647239,0
2013-10-31,sz.000532,16.8600,16.8600,16.8600,16.8600,16.8600,0,0.0000,3,,0,0.000000,98.072576,28.499906,188.606386,8.647239,0
2013-11-01,sz.000532,16.8600,16.8600,16.8600,16.8600,16.8600,0,0.0000,3,,0,0.000000,98.072576,28.499906,188.606386,8.647239,0
2013-11-04,sz.000532,16.8600,16.8600,16.8600,16.8600,16.8600,0,0.0000,3,,0,0.000000,98.072576,28.499906,188.606386,8.647239,0
2013-11-05,sz.000532,16.8600,16.8600,16.8600,16.8600,16.8600,0,0.0000,3,,0,0.000000,98.072576,28.499906,188.606386,8.647239,0
2013-11-06,sz.000532,16.8600,16.8600,16.8600,16.8600,16.8600,0,0.0000,3,,0,0.000000,98.072576,28.499906,188.606386,8.647239,0
2013-11-07,sz.000532,15.1700,15.1700,15.1700,15.1700,16.8600,1555100,23590867.0000,3,0.453950,1,-10.023700,88.242051,25.643154,169.701001,7.780463,0
2013-11-08,sz.000532,13.8100,15.5000,13.8000,14.1300,15.1700,18898990,271044160.0000,3,5.516810,1,-6.855600,82.192497,23.885152,158.066918,7.247063,0
2013-11-11,sz.000532,14.2000,14.4700,13.3700,13.5900,14.1300,6810140,94406013.0000,3,1.987950,1,-3.821700,79.051383,22.972344,152.026144,6.970105,0
2013-11-12,sz.000532,13.5800,14.0100,12.2300,12.9900,13.5900,8319069,111407098.0000,3,2.428422,1,-4.415000,75.561255,21.958113,145.314173,6.662374,0
2013-11-13,sz.000532,12.6800,13.0300,12.5400,12.8000,12.9900,3880348,49518166.0000,3,1.132714,1,-1.462700,74.456048,21.636939,143.188715,6.564926,0
2013-11-14,sz.000532,12.7400,12.8700,12.3000,12.7900,12.8000,4356876,55027782.0000,3,1.271817,1,-0.078100,74.397880,21.620035,143.076849,6.559797,0
2013-11-15,sz.000532,12.7400,13.5000,12.6100,13.0400,12.7900,4848492,63140159.0000,3,1.415325,1,1.954700,75.852099,22.042632,145.873504,6.688018,0
2013-11-18,sz.000532,13.0500,13.4500,12.9900,13.1200,13.0400,5781537,76170067.0000,3,1.687690,1,0.613500,76.317450,22.177863,146.768433,6.729049,0
2013-11-19,sz.000532,13.1200,13.1800,12.7600,13.1500,13.1200,4947199,64102303.0000,3,1.444138,1,0.228700,76.491956,22.228574,147.104032,6.744436,0
2013-11-20,sz.000532,13.1000,13.2600,13.0300,13.2500,13.1500,4921327,64843984.0000,3,1.436586,1,0.760500,77.073644,22.397613,148.222694,6.795724,0
2013-11-21,sz.000532,13.2100,13.2400,12.8100,13.1800,13.2500,4111052,53700240.0000,3,1.200058,1,-0.528300,76.666462,22.279286,147.439630,6.759822,0
2013-11-22,sz.000532,13.1400,13.3300,12.9600,13.3300,13.1800,3557026,46916852.0000,3,1.038333,1,1.138100,77.538994,22.532844,149.117623,6.836755,0
2013-11-25,sz.000532,13.3000,14.0600,13.1600,14.0600,13.3300,6867281,94074836.0000,3,2.004630,1,5.476400,81.785316,23.766825,157.283855,7.211161,0
2013-11-26,sz.000532,14.1000,14.3000,13.8000,14.1900,14.0600,5239847,73831199.0000,3,1.529565,1,0.924600,82.541510,23.986576,158.738115,7.277836,0
2013-11-27,sz.000532,14.2000,14.9600,14.0300,14.8600,14.1900,6036264,87900301.0000,3,1.762048,1,4.721600,86.438819,25.119134,166.233149,7.621469,0
2013-11-28,sz.000532,14.7000,15.1100,14.7000,14.9300,14.8600,6140984,91795424.0000,3,1.792616,1,0.471100,86.846000,25.237461,167.016213,7.657371,0
2013-11-29,sz.000532,14.4700,15.4800,14.4500,15.1300,14.9300,6140600,93466613.0000,3,1.792504,1,1.339600,88.009376,25.575538,169.253536,7.759948,0
2013-12-02,sz.000532,15.0000,15.9500,14.6000,15.3200,15.1300,8646276,132518814.0000,3,2.523937,1,1.255800,89.114583,25.896712,171.378994,7.857396,0
2013-12-03,sz.000532,15.1100,15.3500,14.1500,15.3000,15.3200,4701494,69895908.0000,3,1.372414,1,-0.130500,88.998245,25.862904,171.155261,7.847138,0
2013-12-04,sz.000532,15.3000,15.7600,14.8600,14.9000,15.3000,6062211,92514281.0000,3,1.769622,1,-2.614400,86.671494,25.186750,166.680614,7.641984,0
2013-12-05,sz.000532,14.6100,14.9300,14.4500,14.5000,14.9000,3467076,50865876.0000,3,1.012075,1,-2.684600,84.344742,24.510595,162.205967,7.436830,0
2013-12-06,sz.000532,14.5000,14.6400,14.0000,14.2300,14.5000,3391699,48361472.0000,3,0.990072,1,-1.862100,82.774185,24.054191,159.185580,7.298351,0
2013-12-09,sz.000532,14.1900,14.5500,14.1600,14.3500,14.2300,1609398,23118054.0000,3,0.469800,1,0.843300,83.472211,24.257037,160.527974,7.359898,0
2013-12-10,sz.000532,14.3600,14.9300,14.3600,14.7700,14.3500,4020107,59131047.0000,3,1.173511,1,2.926800,85.915300,24.966999,165.226354,7.575309,0
2013-12-11,sz.000532,14.7600,15.1300,14.1200,14.3300,14.7700,3866997,56595191.0000,3,1.128816,1,-2.979000,83.355873,24.223230,160.304242,7.349640,0
2013-12-12,sz.000532,14.3300,14.4300,13.8400,13.8600,14.3300,3042923,42667224.0000,3,0.888261,1,-3.279800,80.621940,23.428748,155.046531,7.108584,0
2013-12-13,sz.000532,13.9100,14.1400,13.6900,13.7000,13.8600,4123705,57474274.0000,3,1.203752,1,-1.154400,79.691239,23.158287,153.256672,7.026522,0
2013-12-16,sz.000532,13.7000,13.8500,13.0600,13.0600,13.7000,3943748,52904000.0000,3,1.151221,1,-4.671500,75.968437,22.076440,146.097236,6.698276,0
2013-12-17,sz.000532,13.0800,13.1900,12.5600,13.1500,13.0600,3439727,44271827.0000,3,1.004092,1,0.689100,76.491956,22.228574,147.104032,6.744436,0
2013-12-18,sz.000532,12.9900,13.3800,12.9900,13.2400,13.1500,2352528,31036659.0000,3,0.686727,1,0.684400,77.015475,22.380709,148.110828,6.790595,0
2013-12-19,sz.000532,13.4700,13.4700,12.9500,12.9500,13.2400,1512914,19958754.0000,3,0.441635,1,-2.190300,75.328580,21.890497,144.866708,6.641859,0
2013-12-20,sz.000532,12.9300,13.0000,12.5500,12.8400,12.9500,2004383,25555801.0000,3,0.585100,1,-0.849400,74.688724,21.704555,143.636180,6.585442,0
2013-12-23,sz.000532,12.7100,13.1400,12.3900,13.0200,12.8400,1464586,18841099.0000,3,0.427528,1,1.401900,75.735762,22.008824,145.649772,6.677761,0
2013-12-24,sz.000532,13.0200,13.5000,13.0000,13.4400,13.0200,2447960,32700267.0000,3,0.714585,1,3.225800,78.178851,22.718786,150.348151,6.893172,0
2013-12-25,sz.000532,13.4700,13.5800,13.3300,13.4300,13.4400,1476920,19897388.0000,3,0.431128,1,-0.074400,78.120682,22.701882,150.236285,6.888044,0
2013-12-26,sz.000532,13.4300,13.4300,12.8800,12.9000,13.4300,1432735,18805463.0000,3,0.418230,1,-3.946400,75.037736,21.805978,144.307377,6.616215,0
2013-12-27,sz.000532,12.9000,13.2200,12.8600,13.1200,12.9000,997843,13060079.0000,3,0.291281,1,1.705400,76.317450,22.177863,146.768433,6.729049,0
2013-12-30,sz.000532,13.1500,13.3500,13.0200,13.2000,13.1200,1214012,16033049.0000,3,0.354383,1,0.609800,76.782800,22.313094,147.663363,6.770080,0
2013-12-31,sz.000532,13.1200,14.1500,13.0700,14.0800,13.2000,2675671,36039161.0000,3,0.781056,1,6.666700,81.901653,23.800633,157.507587,7.221419,0
2014-01-02,sz.000532,14.0000,14.0000,13.6700,13.8300,14.0800,1919764,26566044.0000,3,0.560399,1,-1.775600,80.447434,23.378037,154.710932,7.093198,0
2014-01-03,sz.000532,13.8300,13.9900,13.5800,13.7000,13.8300,1927672,26525183.0000,3,0.562707,1,-0.940000,79.691239,23.158287,153.256672,7.026522,0
2014-01-06,sz.000532,13.6300,13.6300,12.8000,13.1200,13.7000,1796897,23749920.0000,3,0.524188,1,-4.233600,76.317450,22.177863,146.768433,6.729049,0
2014-01-07,sz.000532,13.0100,13.2400,12.6000,13.1200,13.1200,1371686,17911220.0000,3,0.400146,1,0.000000,76.317450,22.177863,146.768433,6.729049,0
2014-01-08,sz.000532,13.0200,13.3200,12.8000,12.8800,13.1200,1499138,19430771.0000,3,0.437326,1,-1.829300,74.921399,21.772170,144.083645,6.605957,0
2014-01-09,sz.000532,12.8800,13.2600,12.8500,12.9500,12.8800,1414562,18527305.0000,3,0.412654,1,0.543500,75.328580,21.890497,144.866708,6.641859,0
2014-01-10,sz.000532,12.9300,13.0900,12.2400,12.2500,12.9500,1736238,21831133.0000,3,0.506493,1,-5.405400,71.256765,20.707227,137.036075,6.282839,0
2014-01-13,sz.000532,12.3400,12.4800,11.7300,12.1500,12.2500,1432685,17304502.0000,3,0.417941,1,-0.816300,70.675077,20.538188,135.917414,6.231551,0
2014-01-14,sz.000532,12.1500,12.2800,12.0000,12.2600,12.1500,970334,11792858.0000,3,0.283064,1,0.905300,71.314934,20.724131,137.147942,6.287968,0
2014-01-15,sz.000532,12.2600,12.4500,12.2300,12.3400,12.2600,1145834,14136828.0000,3,0.334261,1,0.652500,71.780284,20.859362,138.042871,6.328999,0
2014-01-16,sz.000532,12.3500,12.4700,12.2200,12.4400,12.3400,1228366,15178333.0000,3,0.358337,1,0.810400,72.361972,21.028400,139.161533,6.380288,0
2014-01-17,sz.000532,12.4400,12.6300,12.1600,12.2400,12.4400,1247310,15400268.0000,3,0.363863,1,-1.607700,71.198596,20.690323,136.924209,6.277711,0
2014-01-20,sz.000532,12.2500,12.2500,11.7300,11.8700,12.2400,1746184,20800090.0000,3,0.509394,1,-3.022900,69.046351,20.064880,132.785160,6.087943,0
2014-01-21,sz.000532,11.8700,12.0700,11.8500,11.8900,11.8700,1086240,12959585.0000,3,0.316876,1,0.168500,69.162689,20.098688,133.008893,6.098201,0
2014-01-22,sz.000532,11.9000,12.4800,11.9000,12.4400,11.8900,1804099,22153819.0000,3,0.526289,1,4.625700,72.361972,21.028400,139.161533,6.380288,0
2014-01-23,sz.000532,12.4800,13.0900,12.4400,12.9600,12.4400,3658553,47029551.0000,3,1.067268,1,4.180100,75.386749,21.907401,144.978574,6.646988,0
2014-01-24,sz.000532,12.9900,13.2000,12.8000,13.0300,12.9600,2579083,33615577.0000,3,0.752366,1,0.540100,75.793931,22.025728,145.761638,6.682890,0
2014-01-27,sz.000532,13.8300,14.3300,13.6100,14.1500,13.0300,9829850,138855554.0000,3,2.867550,1,8.595500,82.308835,23.918960,158.290650,7.257321,0
2014-01-28,sz.000532,14.0000,14.3300,13.7300,14.2000,14.1500,3720232,52293457.0000,3,1.085261,1,0.353400,82.599679,24.003479,158.849981,7.282965,0
2014-01-29,sz.000532,14.1200,14.7400,14.0500,14.0600,14.2000,5193073,74659146.0000,3,1.514916,1,-0.985900,81.785316,23.766825,157.283855,7.211161,0
2014-01-30,sz.000532,13.9200,14.5400,13.6000,14.2500,14.0600,3485617,49176409.0000,3,1.016819,1,1.351400,82.890523,24.087999,159.409312,7.308609,0
2014-02-07,sz.000532,14.1000,14.4900,13.9300,14.4100,14.2500,4216194,60491618.0000,3,1.229942,1,1.122800,83.821223,24.358461,161.199171,7.390671,0
2014-02-10,sz.000532,14.4000,14.9000,14.3700,14.9000,14.4100,6383234,93385921.0000,3,1.862108,1,3.400400,86.671494,25.186750,166.680614,7.641984,0
2014-02-11,sz.000532,14.7600,15.0600,14.5000,14.8000,14.9000,4470261,66117239.0000,3,1.304058,1,-0.671100,86.089806,25.017711,165.561952,7.590696,0
2014-02-12,sz.000532,14.7800,14.9900,14.4100,14.8300,14.8000,4605918,68062764.0000,3,1.343632,1,0.202700,86.264312,25.068423,165.897551,7.606082,0
2014-02-13,sz.000532,14.8200,15.3800,14.5600,15.0500,14.8300,6122078,91870296.0000,3,1.785924,1,1.483500,87.544026,25.440307,168.358607,7.718917,0
2014-02-14,sz.000532,15.0300,15.6600,14.8400,15.6000,15.0500,7910284,121894877.0000,3,2.307577,1,3.654500,90.743309,26.370020,174.511247,8.001004,0
2014-02-17,sz.000532,15.6000,16.3000,15.3100,16.1000,15.6000,7262382,114899247.0000,3,2.118572,1,3.205100,93.651748,27.215213,180.104556,8.257446,0
2014-02-18,sz.000532,16.6500,16.9500,15.6000,15.7600,16.1000,7471351,119721570.0000,3,2.179532,1,-2.111800,91.674010,26.640481,176.301106,8.083065,0
2014-02-19,sz.000532,15.6200,15.8700,15.1000,15.6600,15.7600,5274668,81441348.0000,3,1.538719,1,-0.634500,91.092322,26.471443,175.182444,8.031777,0
2014-02-20,sz.000532,15.6800,15.7800,14.9100,15.0000,15.6600,4002976,60795330.0000,3,1.167742,1,-4.214600,87.253182,25.355788,167.799276,7.693273,0
2014-02-21,sz.000532,14.8800,15.3200,14.5700,14.8200,15.0000,4342719,64642511.0000,3,1.266852,1,-1.200000,86.206144,25.051519,165.785685,7.600954,0
2014-02-24,sz.000532,14.8000,15.4400,14.4800,15.1800,14.8200,3846712,57579644.0000,3,1.122157,1,2.429100,88.300220,25.660058,169.812867,7.785592,0
2014-02-25,sz.000532,15.0500,15.6800,14.7000,14.7100,15.1800,4645744,70221289.0000,3,1.355250,1,-3.096200,85.566287,24.865576,164.555157,7.544536,0
2014-02-26,sz.000532,14.6000,15.0800,14.2100,15.0200,14.7100,2761853,40587895.0000,3,0.805684,1,2.107400,87.369519,25.389596,168.023008,7.703530,0
2014-02-27,sz.000532,15.0500,15.4000,14.8800,14.9300,15.0200,3578682,54241885.0000,3,1.043968,1,-0.599200,86.846000,25.237461,167.016213,7.657371,0
2014-02-28,sz.000532,14.7700,15.6500,14.5400,15.6100,14.9300,4938262,75393892.0000,3,1.440583,1,4.554600,90.801478,26.386924,174.623113,8.006133,0
2014-03-03,sz.000532,15.7600,16.1000,15.5200,15.5600,15.6100,4442177,70133897.0000,3,1.295865,1,-0.320300,90.510634,26.302404,174.063782,7.980488,0
2014-03-04,sz.000532,15.4000,15.7800,15.2800,15.6600,15.5600,3192532,49795773.0000,3,0.931321,1,0.642700,91.092322,26.471443,175.182444,8.031777,0
2014-03-05,sz.000532,15.6800,15.7800,15.3500,15.4100,15.6600,3288612,51105344.0000,3,0.959349,1,-1.596400,89.638102,26.048846,172.385789,7.903556,0
2014-03-06,sz.000532,15.4100,15.6600,15.1600,15.3800,15.4100,2505406,38828997.0000,3,0.730873,1,-0.194700,89.463596,25.998135,172.050191,7.888169,0
2014-03-07,sz.000532,15.3800,15.4800,14.8800,15.0600,15.3800,2934114,44503263.0000,3,0.855936,1,-2.080600,87.602194,25.457211,168.470473,7.724046,0
2014-03-10,sz.000532,15.0500,15.0500,14.4100,14.5900,15.0600,2481328,36244363.0000,3,0.723849,1,-3.120800,84.868261,24.662730,163.212762,7.482990,0
2014-03-11,sz.000532,14.4200,14.6500,14.2000,14.4400,14.5900,1508752,21765857.0000,3,0.440131,1,-1.028100,83.995730,24.409172,161.534770,7.406057,0
2014-03-12,sz.000532,14.5500,15.0000,14.3600,14.9000,14.4400,2987611,44147922.0000,3,0.871542,1,3.185600,86.671494,25.186750,166.680614,7.641984,0
2014-03-13,sz.000532,14.8100,15.4700,14.7000,15.4300,14.9000,5780507,87868257.0000,3,1.686281,1,3.557100,89.754440,26.082654,172.609522,7.913813,0
2014-03-14,sz.000532,15.4000,15.8700,15.1800,15.4600,15.4300,7512601,117578233.0000,3,2.191565,1,0.194400,89.928946,26.133366,172.945120,7.929200,0
2014-03-17,sz.000532,15.7500,15.8900,15.3000,15.5500,15.4600,5331035,82746785.0000,3,1.555162,1,0.582100,90.452465,26.285500,173.951916,7.975359,0
2014-03-18,sz.000532,15.5200,15.6700,15.2600,15.5700,15.5500,4395392,68016200.0000,3,1.282217,1,0.128600,90.568803,26.319308,174.175648,7.985617,0
2014-03-19,sz.000532,15.5500,15.9700,15.4100,15.6800,15.5700,4368723,68475607.0000,3,1.274438,1,0.706500,91.208659,26.505251,175.406176,8.042034,0
2014-03-20,sz.000532,15.6400,15.6500,14.6000,14.6000,15.6800,3582732,54104408.0000,3,1.045149,1,-6.887800,84.926430,24.679634,163.324629,7.488119,0
2014-03-21,sz.000532,14.4500,14.7800,14.2100,14.7000,14.6000,2069434,29980324.0000,3,0.603692,1,0.684900,85.508118,24.848672,164.443290,7.539407,0
2014-03-24,sz.000532,14.7000,15.1200,14.6300,14.8200,14.7000,1634499,24368743.0000,3,0.476814,1,0.816300,86.206144,25.051519,165.785685,7.600954,0
2014-03-25,sz.000532,14.7200,14.8900,14.6000,14.7100,14.8200,1108566,16336422.0000,3,0.323389,1,-0.742200,85.566287,24.865576,164.555157,7.544536,0
2014-03-26,sz.000532,14.7200,15.1100,14.6700,14.9300,14.7100,1897115,28221579.0000,3,0.553424,1,1.495600,86.846000,25.237461,167.016213,7.657371,0
2014-03-27,sz.000532,14.9200,15.0600,14.5300,14.6900,14.9300,1349012,19972957.0000,3,0.393532,1,-1.607500,85.449949,24.831769,164.331424,7.534278,0
2014-03-28,sz.000532,14.5300,15.1300,14.5000,14.7000,14.6900,1260386,18636651.0000,3,0.367678,1,0.068100,85.508118,24.848672,164.443290,7.539407,0
2014-03-31,sz.000532,14.8200,14.9800,14.6000,14.7800,14.7000,1179749,17471088.0000,3,0.344155,1,0.544200,85.973468,24.983903,165.338220,7.580438,0
2014-04-01,sz.000532,14.7800,14.9800,14.7100,14.9600,14.7800,1547368,23022455.0000,3,0.451396,1,1.217900,87.020507,25.288173,167.351811,7.672757,0
2014-04-02,sz.000532,14.9100,14.9900,14.3800,14.4000,14.9600,1862321,27233454.0000,3,0.543274,1,-3.743300,83.763054,24.341557,161.087305,7.385542,0
2014-04-03,sz.000532,14.3900,14.6400,14.3200,14.4300,14.4000,1080586,15666643.0000,3,0.315227,1,0.208300,83.937561,24.392268,161.422903,7.400928,0
2014-04-04,sz.000532,14.4500,14.5100,14.3100,14.5100,14.4300,776720,11200621.0000,3,0.226584,1,0.554400,84.402911,24.527499,162.317833,7.441959,0
2014-04-08,sz.000532,14.5200,14.6900,14.4100,14.6100,14.5100,1102718,16061354.0000,3,0.321683,1,0.689200,84.984599,24.696538,163.436495,7.493248,0
2014-04-09,sz.000532,14.6000,14.8700,14.5300,14.6600,14.6100,1569082,23009437.0000,3,0.457730,1,0.342200,85.275443,24.781057,163.995826,7.518892,0
2014-04-10,sz.000532,14.6100,14.6800,14.4000,14.4500,14.6600,1836779,26642746.0000,3,0.535823,1,-1.432500,84.053898,24.426076,161.646636,7.411186,0
2014-04-11,sz.000532,14.4400,14.5000,13.7000,13.8300,14.4500,3524523,49630507.0000,3,1.028169,1,-4.290700,80.447434,23.378037,154.710932,7.093198,0
2014-04-14,sz.000532,13.8000,14.0900,13.7500,13.9800,13.8300,1740658,24261554.0000,3,0.507782,1,1.084600,91.268586,22.028045,355.959480,7.074919,0
2014-04-15,sz.000532,13.9200,13.9600,13.7200,13.7500,13.9800,1193828,16489234.0000,3,0.348262,1,-1.645200,89.767029,21.665638,350.103208,6.958521,0
2014-04-16,sz.000532,13.7600,13.8600,13.7300,13.8400,13.7500,699805,9657203.0000,3,0.204146,1,0.654500,90.354595,21.807449,352.394793,7.004068,0
2014-04-17,sz.000532,13.8500,14.3900,13.8400,14.3900,13.8400,2295683,32464889.0000,3,0.669693,1,3.974000,93.945276,22.674075,366.398921,7.282409,0
2014-04-18,sz.000532,14.3900,14.6400,14.2300,14.5400,14.3900,2587279,37414129.0000,3,0.754757,1,1.042400,94.924552,22.910427,370.218229,7.358320,0
2014-04-21,sz.000532,14.5000,15.1200,14.3600,15.0800,14.5400,4305592,63814972.0000,3,1.256021,1,3.713900,98.449948,23.761296,383.967737,7.631600,0
2014-04-22,sz.000532,15.0000,15.2000,14.7600,15.1600,15.0800,3472859,52303361.0000,3,1.013097,1,0.530500,98.972229,23.887350,386.004701,7.672086,0
2014-04-23,sz.000532,15.1000,15.1500,14.7800,14.9000,15.1600,1695137,25314954.0000,3,0.494503,1,-1.715000,97.274816,23.477673,379.384568,7.540507,0
2014-04-24,sz.000532,14.9000,15.3600,14.8100,14.8200,14.9000,2412195,36368129.0000,3,0.703682,1,-0.536900,96.752535,23.351618,377.347604,7.500021,0
2014-04-25,sz.000532,14.8000,15.1300,14.3500,14.4000,14.8200,1887934,27931832.0000,3,0.550745,1,-2.834000,94.010561,22.689831,366.653542,7.287470,0
2014-04-28,sz.000532,14.2600,14.2600,13.3600,13.9500,14.4000,1840959,25381904.0000,3,0.537042,1,-3.125000,91.072731,21.980774,355.195619,7.059736,0
2014-04-29,sz.000532,13.7300,14.1700,13.7000,14.1400,13.9500,1139147,15982839.0000,3,0.332310,1,1.362000,97.970661,22.866879,-110.939003,7.140755,0
2014-04-30,sz.000532,14.1800,14.7900,14.0100,14.7200,14.1400,1146876,16568031.0000,3,0.334565,1,4.101800,101.989260,23.804841,-115.489542,7.433657,0
2014-05-05,sz.000532,14.6500,15.2000,14.4400,15.2000,14.7200,2691412,40451258.0000,3,0.785135,1,3.260900,105.314996,24.581086,-119.255506,7.676059,0
2014-05-06,sz.000532,15.2000,15.3600,15.0200,15.0600,15.2000,2200302,33436600.0000,3,0.641869,1,-0.921000,104.344990,24.354682,-118.157100,7.605359,0
2014-05-07,sz.000532,15.0600,16.4000,15.0200,16.2200,15.0600,7702566,121341503.0000,3,2.246981,1,7.702500,112.382187,26.230607,-127.258178,8.191163,0
2014-05-08,sz.000532,15.9500,16.6200,15.7000,16.3900,16.2200,6624931,107955177.0000,3,1.932615,1,1.048100,113.560052,26.505527,-128.591957,8.277014,0
2014-05-09,sz.000532,16.5600,16.5600,15.7500,16.3500,16.3900,3865644,62326987.0000,3,1.127680,1,-0.244000,113.282907,26.440839,-128.278126,8.256814,0
2014-05-12,sz.000532,16.4000,16.8100,15.9100,16.7500,16.3500,4867727,80381303.0000,3,1.420006,1,2.446500,116.054354,27.087710,-131.416429,8.458815,0
2014-05-13,sz.000532,16.6500,18.4000,16.3700,18.0000,16.7500,8870025,157571528.0000,3,2.587551,1,7.462700,124.715127,29.109181,-141.223625,9.090070,0
2014-05-14,sz.000532,17.8100,18.2400,17.5000,17.8000,18.0000,5390155,96535135.0000,3,1.572408,1,-1.111100,123.329403,28.785746,-139.654474,8.989069,0
2014-05-15,sz.000532,17.7000,18.4000,17.5600,18.0900,17.8000,5089243,92125518.0000,3,1.484627,1,1.629200,125.338703,29.254727,-141.929743,9.135521,0
2014-05-16,sz.000532,18.0800,18.0800,16.2800,16.2800,18.0900,4450319,74547858.0000,3,1.298241,1,-10.005500,112.797904,26.327637,-127.728923,8.221464,0
2014-05-19,sz.000532,15.8300,15.8300,14.7500,15.3000,16.2800,4155231,63053107.0000,3,1.212158,1,-6.019700,106.007858,24.742804,-120.040081,7.726560,0
2014-05-20,sz.000532,15.2600,15.5500,14.5100,14.8000,15.3000,3710822,55639040.0000,3,1.082516,1,-3.268000,102.543549,23.934216,-116.117203,7.474058,0
2014-05-21,sz.000532,14.9000,15.0400,14.6600,14.9600,14.8000,2305362,34260157.0000,3,0.672517,1,1.081100,103.652128,24.192964,-117.372524,7.554858,0
2014-05-22,sz.000532,14.9200,15.1900,14.8000,14.9000,14.9600,2531861,37881487.0000,3,0.738591,1,-0.401100,103.236411,24.095933,-116.901779,7.524558,0
2014-05-23,sz.000532,14.8800,14.9700,14.3100,14.7600,14.9000,2070994,30307671.0000,3,0.604147,1,-0.939600,102.266404,23.869528,-115.803373,7.453858,0
2014-05-26,sz.000532,14.7900,14.9700,14.7100,14.9200,14.7600,1887244,28062143.0000,3,0.550544,1,1.084000,103.374983,24.128277,-117.058694,7.534658,0
2014-05-27,sz.000532,14.9300,15.1900,14.9100,15.0000,14.9200,2612083,39265941.0000,3,0.761993,1,0.536200,103.929273,24.257651,-117.686354,7.575059,0
2014-05-28,sz.000532,15.0000,15.0700,14.6400,14.9000,15.0000,2008918,29767467.0000,3,0.586039,1,-0.666700,103.236411,24.095933,-116.901779,7.524558,0
2014-05-29,sz.000532,14.9000,14.9300,14.4400,14.4400,14.9000,1960756,28728926.0000,3,0.571989,1,-3.087200,100.049246,23.352032,-113.292731,7.292256,0
2014-05-30,sz.000532,14.4100,14.8000,14.3200,14.5000,14.4400,1874252,27219046.0000,3,0.546754,1,0.415500,100.464964,23.449063,-113.763476,7.322557,0
2014-06-03,sz.000532,14.4900,14.6600,14.2500,14.4800,14.5000,1267688,18393547.0000,3,0.369808,1,-0.137900,100.326391,23.416719,-113.606561,7.312457,0
2014-06-04,sz.000532,14.5000,14.5000,13.7000,13.7800,14.4800,3137678,43756398.0000,3,0.915319,1,-4.834300,95.476358,22.284695,-108.114531,6.958954,0
2014-06-05,sz.000532,13.7400,14.2000,13.7400,14.0800,13.7800,1781355,24903976.0000,3,0.519654,1,2.177100,97.554944,22.769848,-110.468258,7.110455,0
2014-06-06,sz.000532,14.0800,14.6800,14.0100,14.0900,14.0800,1469216,20811770.0000,3,0.428598,1,0.071000,97.624230,22.786020,-110.546716,7.115505,0
2014-06-09,sz.000532,14.0000,14.3600,13.9000,13.9200,14.0900,968052,13618729.0000,3,0.282399,1,-1.206500,96.446365,22.511100,-109.212937,7.029654,0
2014-06-10,sz.000532,13.9300,14.0500,13.7500,13.9500,13.9200,1033954,14376763.0000,3,0.301624,1,0.215500,96.654224,22.559615,-109.448310,7.044804,0
2014-06-11,sz.000532,13.9500,14.1800,13.9100,14.0500,13.9500,1670209,23488825.0000,3,0.487231,1,0.716800,97.347085,22.721333,-110.232885,7.095305,0
2014-06-12,sz.000532,14.0500,14.1200,13.8700,13.9000,14.0500,1664231,23293887.0000,3,0.485487,1,-1.067600,96.307793,22.478757,-109.056022,7.019554,0
2014-06-13,sz.000532,13.9000,14.1000,13.7200,14.0000,13.9000,1732434,24181073.0000,3,0.505383,1,0.719400,97.000654,22.640474,-109.840597,7.070055,0
2014-06-16,sz.000532,13.9800,14.3100,13.9300,14.2600,14.0000,3137273,44544393.0000,3,0.915201,1,1.857100,98.802095,23.060940,-111.880494,7.201356,0
2014-06-17,sz.000532,14.3000,14.8500,14.3000,14.5200,14.2600,4821396,70148607.0000,3,1.406491,1,1.823300,100.603536,23.481406,-113.920391,7.332657,0
2014-06-18,sz.000532,14.5200,15.2500,14.3800,14.8400,14.5200,13349884,199537463.0000,3,3.894409,1,2.203900,102.820694,23.998903,-116.431033,7.494258,0
2014-06-19,sz.000532,14.6800,14.6800,13.3600,13.3800,14.8400,8693186,119975157.0000,3,2.535964,1,-9.838300,92.704911,21.637825,-104.976228,6.756952,0
2014-06-20,sz.000532,13.0900,14.1000,13.0000,14.0000,13.3800,4671012,63569531.0000,3,1.362621,1,4.633800,97.000654,22.640474,-109.840597,7.070055,0
2014-06-23,sz.000532,13.9000,14.7000,13.8700,14.0200,14.0000,2023337,28460979.0000,3,0.590245,1,0.142900,97.139227,22.672818,-109.997513,7.080155,0
2014-06-24,sz.000532,14.1900,14.2000,13.7000,13.9200,14.0200,2449040,34157216.0000,3,0.714430,1,-0.713300,96.446365,22.511100,-109.212937,7.029654,0
2014-06-25,sz.000532,13.8200,14.1500,13.6300,13.8400,13.9200,1696583,23393703.0000,3,0.494925,1,-0.574700,95.892076,22.381726,-108.585276,6.989254,0
2014-06-26,sz.000532,13.8000,14.2200,13.7600,14.0300,13.8400,2638646,37029614.0000,3,0.769742,1,1.372800,97.208513,22.688989,-110.075970,7.085205,0
2014-06-27,sz.000532,14.0000,14.0500,13.7900,13.8400,14.0300,2189373,30449245.0000,3,0.638681,1,-1.354200,95.892076,22.381726,-108.585276,6.989254,0
2014-06-30,sz.000532,13.8500,14.5000,13.7500,14.5000,13.8400,2124887,29894685.0000,3,0.619869,1,4.768800,100.464964,23.449063,-113.763476,7.322557,0
2014-07-01,sz.000532,14.1500,14.2800,14.0800,14.2200,14.5000,2085121,29608936.0000,3,0.608269,1,-1.931000,98.524950,22.996253,-111.566664,7.181156,0
2014-07-02,sz.000532,14.1500,14.3800,14.1000,14.2700,14.2200,2221338,31713040.0000,3,0.648006,1,0.351600,98.871381,23.077112,-111.958952,7.206406,0
2014-07-03,sz.000532,14.1700,14.5600,14.1700,14.4600,14.2700,4540902,65432570.0000,3,1.324666,1,1.331500,100.187819,23.384375,-113.449646,7.302356,0
2014-07-04,sz.000532,14.5600,14.8000,14.2700,14.3500,14.4600,2416003,34903224.0000,3,0.704793,1,-0.760700,99.425671,23.206486,-112.586612,7.246806,0
2014-07-07,sz.000532,14.3700,14.4300,13.9500,14.1000,14.3500,2213106,31314712.0000,3,0.645605,1,-1.742200,97.693516,22.802192,-110.625173,7.120555,0
2014-07-08,sz.000532,14.0500,14.2600,13.8600,14.2200,14.1000,1668402,23469275.0000,3,0.486704,1,0.851100,98.524950,22.996253,-111.566664,7.181156,0
2014-07-09,sz.000532,14.1900,14.2100,13.7800,13.7800,14.2200,1983900,27734120.0000,3,0.578741,1,-3.094200,95.476358,22.284695,-108.114531,6.958954,0
2014-07-10,sz.000532,13.7800,14.1800,13.7800,14.1700,13.7800,2428657,34145506.0000,3,0.708485,1,2.830200,98.178520,22.915394,-111.174376,7.155905,0
2014-07-11,sz.000532,14.3300,14.6200,14.3000,14.3200,14.1700,5135734,74081053.0000,3,1.498190,1,1.058600,99.217812,23.157971,-112.351240,7.231656,0
2014-07-14,sz.000532,14.3700,14.5800,14.1500,14.3600,14.3200,2369139,33951859.0000,3,0.691122,1,0.279300,99.494957,23.222658,-112.665070,7.251856,0
2014-07-15,sz.000532,14.3000,14.6200,14.1000,14.4900,14.3600,3884824,55932525.0000,3,1.133276,1,0.905300,100.395677,23.432891,-113.685018,7.317507,0
2014-07-16,sz.000532,14.4800,14.4800,14.1600,14.2500,14.4400,1862443,26627609.0000,3,0.543310,1,-1.315800,98.732809,23.044768,-111.802037,7.196306,0
2014-07-17,sz.000532,14.2400,14.2900,13.9100,14.0400,14.2500,1505987,21187010.0000,3,0.439325,1,-1.473700,97.277799,22.705161,-110.154428,7.090255,0
2014-07-18,sz.000532,13.9500,14.1200,13.8500,13.9400,14.0400,1121235,15691100.0000,3,0.327085,1,-0.712300,96.584937,22.543444,-109.369852,7.039754,0
2014-07-21,sz.000532,13.9400,14.1100,13.8500,13.9600,13.9400,894909,12522831.0000,3,0.261062,1,0.143500,96.723510,22.575787,-109.526767,7.049854,0
2014-07-22,sz.000532,13.9200,14.1400,13.8800,14.0800,13.9600,1261183,17679466.0000,3,0.367911,1,0.859600,97.554944,22.769848,-110.468258,7.110455,0
2014-07-23,sz.000532,14.1200,14.5400,14.1000,14.3400,14.0800,4048403,58208184.0000,3,1.180995,1,1.846600,99.356385,23.190314,-112.508155,7.241756,0
2014-07-24,sz.000532,14.2500,14.2500,13.4800,14.0300,14.3400,2566520,35642757.0000,3,0.748702,1,-2.161800,97.208513,22.688989,-110.075970,7.085205,0
2014-07-25,sz.000532,14.0200,14.0400,13.8200,13.9800,14.0300,1087749,15169788.0000,3,0.317317,1,-0.356400,96.862082,22.608131,-109.683682,7.059955,0
2014-07-28,sz.000532,14.0000,14.1400,14.0000,14.1000,13.9800,1802519,25370333.0000,3,0.525829,1,0.858400,97.693516,22.802192,-110.625173,7.120555,0
2014-07-29,sz.000532,14.0900,14.3900,14.0100,14.1500,14.1000,3955420,56195774.0000,3,1.153870,1,0.354600,98.039947,22.883051,-111.017461,7.145805,0
2014-07-30,sz.000532,14.0800,14.2300,14.0800,14.1700,14.1500,2555074,36148875.0000,3,0.745363,1,0.141300,98.178520,22.915394,-111.174376,7.155905,0
2014-07-31,sz.000532,14.1500,14.3500,14.1100,14.2900,14.1700,2897489,41335528.0000,3,0.845252,1,0.846900,99.009954,23.109455,-112.115867,7.216506,0
2014-08-01,sz.000532,14.3100,14.5000,14.1800,14.1900,14.2900,6337469,91095548.0000,3,1.848759,1,-0.699800,98.317092,22.947738,-111.331291,7.166005,0
2014-08-04,sz.000532,14.1500,14.2800,14.0100,14.2700,14.1900,2665721,37779795.0000,3,0.777641,1,0.563800,98.871381,23.077112,-111.958952,7.206406,0
2014-08-05,sz.000532,14.3500,14.3500,14.1900,14.2500,14.2700,3080121,43916719.0000,3,0.898529,1,-0.140200,98.732809,23.044768,-111.802037,7.196306,0
2014-08-06,sz.000532,14.2500,14.7400,14.2500,14.6800,14.2500,8779733,127586813.0000,3,2.561213,1,3.017500,101.712115,23.740154,-115.175712,7.413457,0
2014-08-07,sz.000532,14.6000,14.6900,14.3800,14.4000,14.6800,4882744,71011019.0000,3,1.424388,1,-1.907400,99.772102,23.287345,-112.978900,7.272056,0
2014-08-08,sz.000532,14.3100,14.7800,14.3000,14.7800,14.4000,5453353,79705765.0000,3,1.590846,1,2.638900,102.404977,23.901872,-115.960288,7.463958,0
2014-08-11,sz.000532,14.8500,15.1900,14.7600,14.9200,14.7800,7938375,118546711.0000,3,2.315773,1,0.947200,103.374983,24.128277,-117.058694,7.534658,0
2014-08-12,sz.000532,15.1000,15.7000,15.1000,15.5200,14.9200,14472359,223454476.0000,3,4.221859,1,4.021500,107.532154,25.098583,-121.766148,7.837661,0
2014-08-13,sz.000532,15.4400,15.4500,14.9100,15.3200,15.5200,8266540,125479220.0000,3,2.411505,1,-1.288700,106.146430,24.775147,-120.196997,7.736660,0
2014-08-14,sz.000532,15.2000,15.3500,14.9600,15.1500,15.3200,7135423,108441226.0000,3,2.081537,1,-1.109700,104.968565,24.500227,-118.863218,7.650809,0
2014-08-15,sz.000532,15.1000,15.6000,15.0300,15.5400,15.1500,7460615,114761118.0000,3,2.176402,1,2.574300,107.670726,25.130926,-121.923063,7.847761,0
2014-08-18,sz.000532,15.6500,16.1000,15.6000,16.0200,15.5400,9865587,156993316.0000,3,2.877977,1,3.088800,110.996463,25.907171,-125.689027,8.090163,0
2014-08-19,sz.000532,16.0300,16.0900,15.6000,15.6800,16.0200,6270574,98725572.0000,3,1.829244,1,-2.122300,108.640733,25.357331,-123.021469,7.918461,0
2014-08-20,sz.000532,15.5900,16.2200,14.1100,14.8500,15.6800,36459199,536480304.0000,3,10.635833,1,-5.293400,121.159716,23.072668,48.156000,7.622419,0
2014-08-21,sz.000532,14.3700,14.5300,14.2200,14.4300,14.8500,13172025,189314385.0000,3,3.842527,1,-2.828300,117.732977,22.420108,46.794012,7.406835,0
2014-08-22,sz.000532,14.4500,14.5500,14.3400,14.4600,14.4300,7415268,107155399.0000,3,2.163173,1,0.207900,117.977744,22.466719,46.891297,7.422234,0
2014-08-25,sz.000532,14.5200,14.7500,14.4600,14.7500,14.4600,9596723,140248177.0000,3,2.799544,1,2.005500,120.343826,22.917296,47.831717,7.571090,0
2014-08-26,sz.000532,14.6900,14.8400,14.3600,14.6500,14.7500,8403434,122982340.0000,3,2.451440,1,-0.678000,119.527935,22.761925,47.507434,7.519760,0
2014-08-27,sz.000532,14.6000,14.6900,14.4000,14.5500,14.6500,4702184,68559079.0000,3,1.371715,1,-0.682600,118.712045,22.606553,47.183151,7.468431,0
2014-08-28,sz.000532,14.5600,14.6000,14.1300,14.2500,14.5500,4942645,70952587.0000,3,1.441862,1,-2.061900,116.264374,22.140439,46.210303,7.314442,0
2014-08-29,sz.000532,14.2800,14.5500,14.2400,14.5500,14.2500,3875959,55957670.0000,3,1.130690,1,2.105300,118.712045,22.606553,47.183151,7.468431,0
2014-09-01,sz.000532,14.5300,14.9700,14.4600,14.9400,14.5500,6903053,101588501.0000,3,2.013750,1,2.680400,121.894017,23.212502,48.447854,7.668616,0
2014-09-02,sz.000532,15.0300,15.1000,14.8300,15.0400,14.9400,9624729,144123245.0000,3,2.807714,1,0.669300,122.709908,23.367874,48.772137,7.719945,0
2014-09-03,sz.000532,15.0600,15.1700,14.9500,15.1000,15.0400,9267991,139523243.0000,3,2.703647,1,0.398900,123.199442,23.461097,48.966707,7.750743,0
2014-09-04,sz.000532,15.1300,15.2800,15.0000,15.2400,15.1000,9328190,141492639.0000,3,2.721208,1,0.927100,124.341688,23.678617,49.420703,7.822604,0
2014-09-05,sz.000532,15.2500,15.3200,15.0200,15.2300,15.2400,8466383,128034008.0000,3,2.469803,1,-0.065600,124.260099,23.663080,49.388274,7.817471,0
2014-09-09,sz.000532,15.2600,15.5300,15.1600,15.4600,15.2300,10625015,163834743.0000,3,3.099517,1,1.510200,126.136647,24.020434,50.134125,7.935528,0
2014-09-10,sz.000532,15.3900,15.4600,15.2200,15.3900,15.4600,6466797,98943695.0000,3,1.886486,1,-0.452800,125.565524,23.911674,49.907127,7.899598,0
2014-09-11,sz.000532,15.3900,15.4700,15.0900,15.1500,15.3900,8317682,127234966.0000,3,2.426424,1,-1.559500,123.607387,23.538782,49.128848,7.776407,0
2014-09-12,sz.000532,15.1600,15.3800,15.1000,15.3500,15.1500,5253123,80040536.0000,3,1.532435,1,1.320100,125.239168,23.849525,49.777414,7.879066,0
2014-09-15,sz.000532,15.3100,15.6600,15.2600,15.6600,15.3500,9543640,148354675.0000,3,2.784059,1,2.019500,127.768428,24.331177,50.782690,8.038187,0
2014-09-16,sz.000532,15.6900,15.7200,14.8500,14.9700,15.6600,9810470,150044775.0000,3,2.861898,1,-4.406100,122.138784,23.259114,48.545139,7.684014,0
2014-09-17,sz.000532,14.9700,15.0700,14.7500,14.9700,14.9700,4187100,62471667.0000,3,1.221456,1,0.000000,122.138784,23.259114,48.545139,7.684014,0
2014-09-18,sz.000532,14.9300,14.9400,14.7600,14.8700,14.9700,4059615,60215350.0000,3,1.184266,1,-0.668000,121.322894,23.103742,48.220856,7.632685,0
2014-09-19,sz.000532,14.9800,15.4200,14.8900,15.3400,14.8700,6814129,103064130.0000,3,1.987809,1,3.160700,125.157579,23.833988,49.744985,7.873933,0
2014-09-22,sz.000532,15.3400,15.3400,14.9200,15.0900,15.3400,5131495,77565760.0000,3,1.496954,1,-1.629700,123.117853,23.445560,48.934278,7.745610,0
2014-09-23,sz.000532,15.0600,15.1800,14.9600,15.1400,15.0900,3483454,52570156.0000,3,1.016189,1,0.331300,123.525798,23.523245,49.096420,7.771274,0
2014-09-24,sz.000532,15.1000,15.3600,14.9600,15.3200,15.1400,5926312,90293939.0000,3,1.728817,1,1.188900,124.994401,23.802914,49.680129,7.863667,0
2014-09-25,sz.000532,15.3800,15.4400,15.1300,15.1900,15.3200,5464033,83542632.0000,3,1.593961,1,-0.848600,123.933743,23.600931,49.258561,7.796939,0
2014-09-26,sz.000532,15.0900,15.2500,15.0300,15.2200,15.1900,3194478,48345014.0000,3,0.931889,1,0.197500,124.178510,23.647543,49.355846,7.812338,0
2014-09-29,sz.000532,15.2800,15.4700,15.1200,15.4300,15.2200,6706286,102759382.0000,3,1.956350,1,1.379800,125.891880,23.973823,50.036840,7.920130,0
2014-09-30,sz.000532,15.4800,15.5600,15.4100,15.5100,15.4300,6684188,103623836.0000,3,1.949903,1,0.518500,126.544592,24.098120,50.296266,7.961193,0
2014-10-08,sz.000532,15.6000,15.6800,15.5000,15.6100,15.5100,6503696,101236431.0000,3,1.897250,1,0.644700,127.360483,24.253491,50.620549,8.012523,0
2014-10-09,sz.000532,15.6200,15.7000,15.2500,15.4700,15.6100,12777799,197530142.0000,3,3.727524,1,-0.896900,126.218236,24.035971,50.166553,7.940661,0
2014-10-10,sz.000532,15.4000,15.4100,15.0900,15.1900,15.4700,10000198,152199116.0000,3,2.917246,1,-1.810000,123.933743,23.600931,49.258561,7.796939,0
2014-10-13,sz.000532,15.1800,15.3600,15.0800,15.3500,15.1900,5377849,81934884.0000,3,1.568820,1,1.053300,125.239168,23.849525,49.777414,7.879066,0
2014-10-14,sz.000532,15.3500,15.3500,15.0300,15.1800,15.3500,8433422,127633657.0000,3,2.460188,1,-1.107500,123.852154,23.585394,49.226133,7.791806,0
2014-10-15,sz.000532,15.1000,15.2300,14.9500,15.1500,15.1800,6799054,102590241.0000,3,1.983412,1,-0.197600,123.607387,23.538782,49.128848,7.776407,0
2014-10-16,sz.000532,15.0600,15.1700,14.9200,14.9600,15.1500,5398463,81288490.0000,3,1.574833,1,-1.254100,122.057195,23.243577,48.512711,7.678881,0
2014-10-17,sz.000532,14.9600,15.0600,14.6200,14.7400,14.9600,5653855,83853797.0000,3,1.649336,1,-1.470600,120.262237,22.901759,47.799289,7.565957,0
2014-10-20,sz.000532,14.7600,14.9700,14.6100,14.9600,14.7400,4121296,61068964.0000,3,1.202259,1,1.492500,122.057195,23.243577,48.512711,7.678881,0
2014-10-21,sz.000532,14.9400,15.0400,14.7100,14.7200,14.9600,4407477,65497446.0000,3,1.285744,1,-1.604300,120.099059,22.870685,47.734432,7.555691,0
2014-10-22,sz.000532,14.7200,14.8200,14.5100,14.5800,14.7200,3155772,46293232.0000,3,0.920598,1,-0.951100,118.956812,22.653165,47.280436,7.483830,0
2014-10-23,sz.000532,14.5500,14.6700,14.3100,14.3900,14.5800,3838960,55577494.0000,3,1.119897,1,-1.303200,117.406620,22.357959,46.664299,7.386304,0
2014-10-24,sz.000532,14.4500,14.4600,14.3000,14.3800,14.3900,2017638,29036746.0000,3,0.588583,1,-0.069500,117.325031,22.342422,46.631870,7.381171,0
2014-10-27,sz.000532,14.5200,14.5900,14.3800,14.4800,14.3800,2916528,42250584.0000,3,0.850806,1,0.695400,143.644557,23.489659,42.232097,7.247567,0
2014-10-28,sz.000532,14.5000,14.7500,14.5000,14.7300,14.4800,4316091,63163659.0000,3,1.259085,1,1.726500,146.124608,23.895212,42.961242,7.372697,0
2014-10-29,sz.000532,14.7800,14.9300,14.6300,14.9300,14.7300,5980595,88534768.0000,3,1.744652,1,1.357800,148.108649,24.219655,43.544558,7.472802,0
2014-10-30,sz.000532,14.9300,14.9300,14.7300,14.7800,14.9300,4634710,68634845.0000,3,1.352032,1,-1.004700,146.620618,23.976323,43.107071,7.397723,0
2014-10-31,sz.000532,14.7200,14.8300,14.5700,14.7400,14.7800,4295756,63005022.0000,3,1.253153,1,-0.270600,146.223810,23.911434,42.990408,7.377703,0
2014-11-03,sz.000532,14.8100,14.9100,14.7200,14.8700,14.7400,3595947,53370413.0000,3,1.049005,1,0.882000,147.513437,24.122322,43.369564,7.442770,0
2014-11-04,sz.000532,14.8700,15.1800,14.7700,15.1300,14.8700,7865799,118219741.0000,3,2.294601,1,1.748500,150.092690,24.544098,44.127875,7.572906,0
2014-11-05,sz.000532,15.1400,15.1500,14.8400,14.9100,15.1300,4554882,68039108.0000,3,1.328745,1,-1.454100,147.910245,24.187211,43.486227,7.462791,0
2014-11-06,sz.000532,14.9000,14.9600,14.8300,14.9600,14.9100,3784311,56434912.0000,3,1.103955,1,0.335300,148.406255,24.268321,43.632056,7.487818,0
2014-11-07,sz.000532,14.9100,15.1500,14.8100,14.8400,14.9600,5410001,80953357.0000,3,1.578199,1,-0.802100,147.215831,24.073656,43.282066,7.427755,0
2014-11-10,sz.000532,14.8800,15.1200,14.8000,15.0100,14.8400,6319013,94512590.0000,3,1.843375,1,1.145600,148.902265,24.349432,43.777885,7.512844,0
2014-11-11,sz.000532,15.0000,15.0500,14.4000,14.5800,15.0100,7970004,117380546.0000,3,2.325000,1,-2.864800,144.636578,23.651880,42.523755,7.297619,0
2014-11-12,sz.000532,14.6500,14.7000,14.5300,14.6900,14.5800,3260385,47657529.0000,3,0.951116,1,0.754500,145.727800,23.830324,42.844579,7.352676,0
2014-11-13,sz.000532,14.7000,14.7000,14.3800,14.4500,14.6900,4043521,58641772.0000,3,1.179571,1,-1.633800,143.346951,23.440992,42.144599,7.232551,0
2014-11-14,sz.000532,14.4300,14.5800,14.3900,14.5100,14.4500,2275956,33000436.0000,3,0.663939,1,0.415200,143.942163,23.538325,42.319594,7.262582,0
2014-11-17,sz.000532,14.5100,14.7600,14.4200,14.6400,14.5100,2948128,43098831.0000,3,0.860024,1,0.895900,145.231790,23.749213,42.698750,7.327650,0
2014-11-18,sz.000532,14.6400,14.7200,14.5700,14.7200,14.6400,3349409,49104298.0000,3,0.977086,1,0.546400,146.025406,23.878990,42.932076,7.367692,0
2014-11-19,sz.000532,14.7400,14.9700,14.6300,14.8500,14.7200,5849407,86556560.0000,3,1.706382,1,0.883200,147.315033,24.089878,43.311232,7.432760,0
2014-11-20,sz.000532,14.8500,15.0900,14.8100,15.0300,14.8500,8367666,125391585.0000,3,2.441005,1,1.212100,149.100670,24.381876,43.836217,7.522854,0
2014-11-21,sz.000532,15.0100,15.2000,14.8600,15.1100,15.0300,11165120,167988522.0000,3,3.257075,1,0.532300,149.894286,24.511653,44.069543,7.562896,0
2014-11-24,sz.000532,15.1800,15.3900,14.9700,15.3700,15.1100,15605854,236311323.0000,3,4.552521,1,1.720700,152.473539,24.933429,44.827854,7.693032,0
2014-11-25,sz.000532,15.3400,16.1000,15.2500,15.8800,15.3700,28326616,446191648.0000,3,8.263406,1,3.318200,157.532843,25.760758,46.315311,7.948298,0
2014-11-26,sz.000532,15.8700,16.1600,15.6000,16.0000,15.8800,17414354,275955664.0000,3,5.080094,1,0.755700,158.723268,25.955424,46.665300,8.008361,0
2014-11-27,sz.000532,16.1300,16.1300,15.7200,15.9100,16.0000,11684747,185300671.0000,3,3.408660,1,-0.562500,157.830449,25.809425,46.402808,7.963314,0
2014-11-28,sz.000532,15.8500,15.9800,15.4100,15.6100,15.9100,12342231,193033495.0000,3,3.600461,1,-1.885600,154.854388,25.322760,45.527834,7.813157,0
2014-12-01,sz.000532,15.8000,17.1700,15.8000,16.7300,15.6100,26211669,432095504.0000,3,7.646436,1,7.174900,165.965017,27.139640,48.794405,8.373742,0
2014-12-02,sz.000532,16.8200,17.0000,16.4200,16.8000,16.7300,15866489,265466440.0000,3,4.628553,1,0.418400,166.659431,27.253195,48.998565,8.408779,0
2014-12-03,sz.000532,16.8000,17.7000,16.6100,17.0000,16.8000,17284955,296603280.0000,3,5.042346,1,1.190500,168.643472,27.577638,49.581882,8.508884,0
2014-12-04,sz.000532,17.1100,17.8600,17.0100,17.4500,17.0000,15985607,278879872.0000,3,4.663302,1,2.647100,173.107564,28.307634,50.894343,8.734119,0
2014-12-05,sz.000532,17.4500,17.5100,15.7100,16.7100,17.4500,19563929,324947232.0000,3,5.707166,1,-4.240700,165.766613,27.107196,48.736073,8.363732,0
2014-12-08,sz.000532,16.7000,17.3300,16.7000,17.1900,16.7100,14273468,244664771.0000,3,4.163839,1,2.872500,170.528311,27.885858,50.136032,8.603983,0
2014-12-09,sz.000532,17.6900,18.8400,16.1000,16.1300,17.1900,20487734,365020928.0000,3,5.976657,1,-6.166400,160.012894,26.166312,47.044456,8.073429,0
2014-12-10,sz.000532,16.6100,17.7400,16.6000,17.7400,16.1300,14665211,253201285.0000,3,4.278118,1,9.981400,175.984423,28.778076,51.740152,8.879270,0
2014-12-11,sz.000532,18.0000,19.4900,18.0000,19.4300,17.7400,20529482,385263696.0000,3,5.988836,1,9.526500,192.749568,31.519618,56.669174,9.725153,0
2014-12-12,sz.000532,19.3700,19.3700,18.6100,18.9500,19.4300,10352957,195379437.0000,3,3.020152,1,-2.470400,187.987870,30.740955,55.269215,9.484903,0
2014-12-15,sz.000532,19.5800,20.6500,19.0100,19.4900,18.9500,17181754,340669632.0000,3,5.012241,1,2.849600,193.344780,31.616951,56.844169,9.755185,0
2014-12-16,sz.000532,19.5000,20.0000,18.9800,19.6300,19.4900,11278117,218618784.0000,3,3.290039,1,0.718300,194.733609,31.844061,57.252490,9.825258,0
2014-12-17,sz.000532,19.1100,19.3900,18.1800,18.5500,19.6300,15349267,286833616.0000,3,4.477670,1,-5.501800,184.019788,30.092069,54.102583,9.284693,0
2014-12-18,sz.000532,18.5800,18.9500,18.2500,18.5400,18.5500,6867339,127791447.0000,3,2.003332,1,-0.053900,183.920586,30.075847,54.073417,9.279688,0
2014-12-19,sz.000532,18.5700,18.8700,17.5200,17.8300,18.5400,9198374,165015170.0000,3,2.683339,1,-3.829600,176.877241,28.924075,52.002644,8.924317,0
2014-12-22,sz.000532,17.0100,17.2900,16.0500,16.0500,17.8300,11773720,190846543.0000,3,3.434615,1,-9.983200,159.219278,26.036535,46.811129,8.033387,0
2014-12-23,sz.000532,15.2500,15.6900,14.4500,15.0000,16.0500,14736954,221662313.0000,3,4.299046,1,-6.542100,148.803063,24.333210,43.748719,7.507838,0
2014-12-24,sz.000532,15.0800,15.5000,15.0800,15.4100,15.0000,5945642,90943111.0000,3,1.734455,1,2.733300,152.870347,24.998318,44.944517,7.713053,0
2014-12-25,sz.000532,15.5500,15.6000,15.1500,15.4000,15.4100,6042522,92730904.0000,3,1.762717,1,-0.064900,152.771145,24.982095,44.915352,7.708047,0
2014-12-26,sz.000532,15.4000,15.7600,15.0800,15.6000,15.4000,6086542,94478930.0000,3,1.775559,1,1.298700,154.755186,25.306538,45.498668,7.808152,0
2014-12-29,sz.000532,15.5700,15.5800,14.8600,14.9900,15.6000,6452417,97346200.0000,3,1.882291,1,-3.910300,148.703861,24.316988,43.719553,7.502833,0
2014-12-30,sz.000532,14.9900,15.0800,14.0200,14.2800,14.9900,7989435,115381576.0000,3,2.330668,1,-4.736500,141.660516,23.165216,41.648781,7.147462,0
2014-12-31,sz.000532,14.2000,14.5500,14.2000,14.4000,14.2800,4457186,64120209.0000,3,1.300241,1,0.840300,142.850941,23.359881,41.998770,7.207525,0
2015-01-05,sz.000532,14.4000,14.4000,13.8100,14.3500,14.4000,7582448,106600887.0000,3,2.211935,1,-0.347200,142.354931,23.278771,41.852941,7.182499,0
2015-01-06,sz.000532,14.0800,14.9300,14.0300,14.8100,14.3500,7190938,104516001.0000,3,2.097725,1,3.205600,146.918225,24.024989,43.194569,7.412739,0
2015-01-07,sz.000532,14.7500,15.2000,14.5500,14.9600,14.8100,6343721,94524266.0000,3,1.850577,1,1.012800,148.406255,24.268321,43.632056,7.487818,0
2015-01-08,sz.000532,14.8000,14.9200,14.5100,14.6400,14.9600,4594903,67468624.0000,3,1.340415,1,-2.139000,145.231790,23.749213,42.698750,7.327650,0
2015-01-09,sz.000532,14.6700,14.7900,14.5500,14.6600,14.6400,3233690,47469056.0000,3,0.943325,1,0.136600,145.430194,23.781657,42.757082,7.337661,0
2015-01-12,sz.000532,14.4000,14.9500,14.3000,14.7900,14.6600,3923921,57725996.0000,3,1.144678,1,0.886800,146.719820,23.992545,43.136237,7.402729,0
2015-01-13,sz.000532,14.7500,15.2700,14.6300,15.0500,14.7900,5447613,82077285.0000,3,1.589166,1,1.757900,149.299074,24.414321,43.894548,7.532865,0
2015-01-14,sz.000532,15.1300,15.1600,14.8900,14.9500,15.0500,4061826,61034045.0000,3,1.184907,1,-0.664500,148.307053,24.252099,43.602890,7.482812,0
2015-01-15,sz.000532,15.0000,15.3500,15.0000,15.2800,14.9500,6264370,95651089.0000,3,1.827429,1,2.207400,151.580721,24.787430,44.565362,7.647985,0
2015-01-16,sz.000532,15.2800,15.4800,15.0800,15.4600,15.2800,5097136,77823609.0000,3,1.486926,1,1.178000,153.366357,25.079428,45.090347,7.738079,0
2015-01-19,sz.000532,15.1200,15.3500,14.5000,14.9000,15.4600,6545826,98364842.0000,3,1.909534,1,-3.622300,147.811043,24.170988,43.457061,7.457786,0
2015-01-20,sz.000532,15.0300,16.0300,15.0300,15.9700,14.9000,8876269,137852272.0000,3,2.589366,1,7.181200,158.425661,25.906757,46.577803,7.993345,0
2015-01-21,sz.000532,15.8800,16.5600,15.7300,16.1400,15.9700,8158500,132397853.0000,3,2.379980,1,1.064500,160.112096,26.182534,47.073622,8.078434,0
2015-01-22,sz.000532,16.1500,16.8500,16.1500,16.7300,16.1400,8107644,133681913.0000,3,2.365145,1,3.655500,165.965017,27.139640,48.794405,8.373742,0
2015-01-23,sz.000532,16.8100,17.5300,16.6000,17.1700,16.7300,10603052,181964022.0000,3,3.093100,1,2.630000,170.329907,27.853414,50.077701,8.593972,0
2015-01-26,sz.000532,16.9800,17.9800,16.6800,17.8400,17.1700,10627947,185303642.0000,3,3.100362,1,3.902200,176.976443,28.940298,52.031810,8.929322,0
2015-01-27,sz.000532,17.8500,17.9100,17.0900,17.2300,17.8400,8560220,148872629.0000,3,2.497169,1,-3.419300,170.925119,27.950747,50.252695,8.624004,0
2015-01-28,sz.000532,17.2000,17.2000,16.6500,16.9300,17.2300,5126304,86847344.0000,3,1.495434,1,-1.741100,167.949058,27.464083,49.377721,8.473847,0
2015-01-29,sz.000532,16.7900,17.3600,16.5200,17.0100,16.9300,5454963,93374448.0000,3,1.591310,1,0.472500,168.742674,27.593860,49.611048,8.513889,0
2015-01-30,sz.000532,17.0300,17.6800,16.5000,16.5100,17.0100,6735457,113736643.0000,3,1.964853,1,-2.939400,163.782572,26.782753,48.152757,8.263627,0
2015-02-02,sz.000532,16.3000,16.9600,15.8800,16.6500,16.5100,4448695,73803227.0000,3,1.297764,1,0.848000,165.171400,27.009863,48.561078,8.333701,0
2015-02-03,sz.000532,16.8000,17.2200,16.7800,16.9400,16.6500,4080303,69346171.0000,3,1.190297,1,1.741700,168.048260,27.480305,49.406887,8.478852,0
2015-02-04,sz.000532,17.0000,17.3000,16.8000,16.8900,16.9400,3937092,67025464.0000,3,1.148520,1,-0.295200,167.552249,27.399194,49.261058,8.453826,0
2015-02-05,sz.000532,16.9700,17.7000,16.7000,17.3700,16.8900,7829615,135372571.0000,3,2.284038,1,2.841900,172.313947,28.177857,50.661017,8.694077,0
2015-02-06,sz.000532,17.1000,17.3700,16.6000,16.6800,17.3700,5473258,92600314.0000,3,1.596647,1,-3.972400,165.469006,27.058529,48.648576,8.348716,0
2015-02-09,sz.000532,16.5900,16.8800,16.3300,16.3400,16.6800,3389492,56314476.0000,3,0.988775,1,-2.038400,162.096137,26.506977,47.656938,8.178539,0
2015-02-10,sz.000532,16.3500,16.7500,16.2800,16.5500,16.3400,3107390,51380543.0000,3,0.906481,1,1.285200,164.179380,26.847642,48.269420,8.283648,0
2015-02-11,sz.000532,16.5600,17.0100,16.5000,16.9000,16.5500,3001911,50524465.0000,3,0.875711,1,2.114800,167.651451,27.415416,49.290224,8.458831,0
2015-02-12,sz.000532,16.9800,17.5200,16.7900,17.3700,16.9000,5311411,91772080.0000,3,1.549433,1,2.781100,172.313947,28.177857,50.661017,8.694077,0
2015-02-13,sz.000532,17.5500,17.7500,17.3400,17.5500,17.3700,5604521,98526802.0000,3,1.634939,1,1.036300,174.099584,28.469856,51.186001,8.784171,0
2015-02-16,sz.000532,17.5700,17.9800,17.4600,17.6700,17.5500,5092999,90372654.0000,3,1.485719,1,0.683800,175.290009,28.664521,51.535991,8.844234,0
2015-02-17,sz.000532,17.6400,17.8500,17.4800,17.7500,17.6700,3364095,59289621.0000,3,0.981367,1,0.452700,176.083625,28.794298,51.769318,8.884275,0
2015-02-25,sz.000532,17.7500,18.1500,17.5300,17.8400,17.7500,4750896,85197232.0000,3,1.385921,1,0.507000,176.976443,28.940298,52.031810,8.929322,0
2015-02-26,sz.000532,17.8500,18.1700,17.4200,17.7700,17.8400,6573450,116657571.0000,3,1.917593,1,-0.392400,176.282029,28.826743,51.827649,8.894286,0
2015-02-27,sz.000532,17.8000,17.8000,17.4000,17.7000,17.7700,4151127,72982797.0000,3,1.210958,1,-0.393900,175.587615,28.713188,51.623489,8.859249,0
2015-03-02,sz.000532,17.7000,18.5000,17.6700,18.3600,17.7000,7368576,133191497.0000,3,2.149545,1,3.728800,182.134950,29.783849,53.548432,9.189594,0
2015-03-03,sz.000532,18.3300,18.3300,17.7100,17.7500,18.3600,7858037,140823882.0000,3,2.292330,1,-3.322400,176.083625,28.794298,51.769318,8.884275,0
2015-03-04,sz.000532,17.7600,17.7900,17.2800,17.7600,17.7500,6753097,117990599.0000,3,1.969999,1,0.056300,176.182827,28.810520,51.798483,8.889281,0
2015-03-05,sz.000532,17.7700,18.2500,17.5700,18.1000,17.7600,7076623,127182687.0000,3,2.064377,1,1.914400,179.555696,29.362073,52.790121,9.059458,0
2015-03-06,sz.000532,18.2000,18.5000,17.7700,18.4000,18.1000,7925275,143953582.0000,3,2.311944,1,1.657500,182.531758,29.848737,53.665095,9.209615,0
2015-03-09,sz.000532,18.4800,18.7900,18.2600,18.7600,18.4000,10194099,189960418.0000,3,2.973801,1,1.956500,186.103031,30.432734,54.715065,9.389803,0
2015-03-10,sz.000532,18.8300,19.1000,18.5500,18.7100,18.7600,6846929,128456493.0000,3,1.997371,1,-0.266500,185.607021,30.351624,54.569236,9.364777,0
2015-03-11,sz.000532,18.7100,18.7900,18.2000,18.5400,18.7100,4982921,92085214.0000,3,1.453607,1,-0.908600,183.920586,30.075847,54.073417,9.279688,0
2015-03-12,sz.000532,18.5900,19.5000,18.5000,18.8400,18.5400,8844079,168932479.0000,3,2.579976,1,1.618100,186.896648,30.562512,54.948391,9.429845,0
2015-03-13,sz.000532,18.9000,19.1800,18.6600,18.9300,18.8400,4274547,80451833.0000,3,1.246962,1,0.477700,187.789466,30.708511,55.210884,9.474892,0
2015-03-16,sz.000532,19.0000,19.4800,18.8000,19.3200,18.9300,6642266,127117823.0000,3,1.937668,1,2.060200,191.658346,31.341174,56.348350,9.670096,0
2015-03-17,sz.000532,19.3100,19.9800,18.7000,19.7700,19.3200,10806365,208863332.0000,3,3.152410,1,2.329200,196.122438,32.071171,57.660812,9.895331,0
2015-03-18,sz.000532,19.4900,19.7700,19.3000,19.5700,19.7700,8654072,168793220.0000,3,2.524547,1,-1.011600,194.138397,31.746728,57.077496,9.795227,0
2015-03-19,sz.000532,19.4000,19.6800,19.1500,19.3000,19.5700,7639933,147611646.0000,3,2.228705,1,-1.379700,191.459942,31.308730,56.290019,9.660085,0
2015-03-20,sz.000532,19.2000,19.6800,19.1000,19.3900,19.3000,7124912,138185794.0000,3,2.078464,1,0.466300,192.352760,31.454729,56.552511,9.705132,0
2015-03-23,sz.000532,19.4000,20.4800,19.4000,19.9600,19.3900,8316277,166552767.0000,3,2.426006,1,2.939700,198.007276,32.379391,58.214962,9.990430,0
2015-03-24,sz.000532,19.9800,20.1000,18.8800,19.5500,19.9600,7887770,154338026.0000,3,2.301003,1,-2.054100,193.939993,31.714283,57.019164,9.785216,0
2015-03-25,sz.000532,19.8900,20.5400,19.5800,19.8800,19.5500,9032683,180294325.0000,3,2.634995,1,1.688000,197.213660,32.249614,57.981636,9.950389,0
2015-03-26,sz.000532,19.8900,19.9000,19.0500,19.4800,19.8800,6946898,135621974.0000,3,2.026534,1,-2.012100,193.245578,31.600729,56.815003,9.750179,0
2015-03-27,sz.000532,19.5000,21.4300,19.4600,21.4300,19.4800,16322539,337918560.0000,3,4.761576,1,10.010300,212.589977,34.764046,62.502337,10.726198,0
2015-03-30,sz.000532,21.9000,23.4800,21.4000,22.3500,21.4300,14420990,322448512.0000,3,4.206860,1,4.293000,244.058614,44.605229,76.283043,11.325194,0
2015-03-31,sz.000532,22.8000,23.3300,21.3500,23.0000,22.3500,11723739,262305361.0000,3,3.420024,1,2.908300,251.156515,45.902473,78.501566,11.654562,0
2015-04-01,sz.000532,22.6800,24.2500,22.6800,23.8900,23.0000,9710559,231320628.0000,3,2.832743,1,3.869600,260.875180,47.678699,81.539235,12.105543,0
2015-04-02,sz.000532,23.8700,24.1900,23.3100,23.6000,23.8900,7811645,184897657.0000,3,2.278796,1,-1.213900,257.708424,47.099928,80.549433,11.958594,0
2015-04-03,sz.000532,23.3000,23.6000,23.1400,23.4000,23.6000,7326176,170928260.0000,3,2.137176,1,-0.847500,255.524455,46.700776,79.866810,11.857250,0
2015-04-07,sz.000532,23.4200,24.2300,22.8000,23.2000,23.4000,10900639,254180980.0000,3,3.179911,1,-0.854700,253.340485,46.301625,79.184188,11.755906,0
2015-04-08,sz.000532,23.2000,23.2900,22.1000,22.3500,23.2000,9656898,217789653.0000,3,2.817090,1,-3.663800,244.058614,44.605229,76.283043,11.325194,0
2015-04-09,sz.000532,22.3900,22.7300,21.4600,21.9300,22.3500,7422060,163125976.0000,3,2.165147,1,-1.879200,239.472277,43.767010,74.849536,11.112371,0
2015-04-10,sz.000532,21.8800,23.8500,21.7100,23.4600,21.9300,10479098,240187391.0000,3,3.056940,1,6.976700,256.179646,46.820522,80.071597,11.887653,0
2015-04-13,sz.000532,23.6600,23.7000,22.6600,23.3100,23.4600,7807798,180553294.0000,3,2.277674,1,-0.639400,254.541668,46.521158,79.559630,11.811645,0
2015-04-14,sz.000532,23.3100,23.8000,22.9100,23.2800,23.3100,6909393,160986602.0000,3,2.015593,1,-0.128700,254.214073,46.461285,79.457237,11.796444,0
2015-04-15,sz.000532,23.2800,23.5000,22.5000,22.7600,23.2800,7092134,163555686.0000,3,2.068902,1,-2.233700,248.535752,45.423490,77.682419,11.532949,0
2015-04-16,sz.000532,22.0100,22.9600,21.6900,22.4800,22.7600,5242512,117361063.0000,3,1.529334,1,-1.230200,245.478194,44.864678,76.726748,11.391068,0
2015-04-17,sz.000532,23.0000,23.0000,22.4000,22.6000,22.4800,5670601,128550027.0000,3,1.654216,1,0.533800,246.788576,45.104169,77.136321,11.451874,0
2015-04-20,sz.000532,22.7000,22.7000,21.5800,21.6900,22.6000,7706958,169763648.0000,3,2.248257,1,-4.026500,236.851514,43.288027,74.030390,10.990759,0
2015-04-21,sz.000532,21.5200,22.7500,21.5100,22.3800,21.6900,5126446,113705191.0000,3,1.495476,1,3.181200,244.386209,44.665102,76.385437,11.340396,0
2015-04-22,sz.000532,22.1300,22.9000,22.1300,22.8500,22.3800,6293617,142674146.0000,3,1.835960,1,2.100100,249.518538,45.603109,77.989599,11.578554,0
2015-04-23,sz.000532,22.9100,23.4800,22.5000,22.9900,22.8500,7383327,169405506.0000,3,2.153848,1,0.612700,251.047317,45.882515,78.467435,11.649495,0
2015-04-24,sz.000532,22.8700,23.5800,22.5000,23.3000,22.9900,8132090,187469373.0000,3,2.372276,1,1.348400,254.432470,46.501200,79.525499,11.806578,0
2015-04-27,sz.000532,23.3000,23.6600,22.6400,22.8900,23.3000,6246224,143813789.0000,3,1.822135,1,-1.759700,249.955332,45.682939,78.126124,11.598823,0
2015-04-28,sz.000532,22.9000,22.9000,21.8500,21.9200,22.8900,6220959,138114514.0000,3,1.814765,1,-4.237700,232.007735,44.543146,38.738906,11.037389,0
2015-04-29,sz.000532,21.9200,22.4200,21.9000,22.1600,21.9200,4696721,104194734.0000,3,1.370117,1,1.094900,234.547966,45.030845,39.163055,11.158237,0
2015-04-30,sz.000532,22.1800,22.5000,21.9800,22.1600,22.1600,5016136,111386844.0000,3,1.463296,1,0.000000,234.547966,45.030845,39.163055,11.158237,0
2015-05-04,sz.000532,21.9900,23.2500,21.9000,22.9100,22.1600,7349392,166882623.0000,3,2.143949,1,3.384500,242.486187,46.554903,40.488519,11.535885,0
2015-05-05,sz.000532,22.8800,22.8800,21.5000,21.5700,22.9100,8640326,191739398.0000,3,2.520537,1,-5.849000,228.303232,43.831919,38.120356,10.861154,0
2015-05-06,sz.000532,21.6000,21.9800,20.2800,20.4600,21.5700,6246583,131207955.0000,3,1.822240,1,-5.146000,216.554665,41.576312,36.158669,10.302235,0
2015-05-07,sz.000532,20.2500,20.4100,19.3100,19.4800,20.4600,5739740,113762625.0000,3,1.674385,1,-4.789800,206.182057,39.584876,34.426728,9.808775,0
2015-05-08,sz.000532,19.8000,20.1900,19.4000,20.0100,19.4800,8616348,170895517.0000,3,2.513543,1,2.720700,211.791733,40.661877,35.363390,10.075646,0
2015-05-11,sz.000532,20.1100,20.6600,20.0000,20.5000,20.0100,10604870,216279519.0000,3,3.093630,1,2.448800,216.978037,41.657595,36.229360,10.322376,0
2015-05-12,sz.000532,20.6500,21.0300,20.5300,20.9300,20.5000,7121686,148196273.0000,3,2.077523,1,2.097600,221.529284,42.531389,36.989293,10.538894,0
2015-05-13,sz.000532,20.8300,21.8300,20.6100,21.3000,20.9300,7921321,169074179.0000,3,2.310791,1,1.767800,225.445473,43.283258,37.643189,10.725201,0
2015-05-14,sz.000532,21.2000,21.4800,20.7900,20.9000,21.3000,6700384,140588107.0000,3,1.954622,1,-1.877900,221.211755,42.470426,36.936274,10.523788,0
2015-05-15,sz.000532,20.9000,22.1800,20.7000,21.9800,20.9000,11910768,254997297.0000,3,3.474584,1,5.167500,232.642793,44.665071,38.844943,11.067601,0
2015-05-18,sz.000532,21.9700,22.0900,21.5100,21.7200,21.9800,8389999,183107802.0000,3,2.447513,1,-1.182900,229.890876,44.136730,38.385449,10.936683,0
2015-05-19,sz.000532,21.6900,21.9900,21.3500,21.6500,21.7200,7440609,160889095.0000,3,2.170558,1,-0.322300,229.149976,43.994485,38.261739,10.901436,0
2015-05-20,sz.000532,21.7800,22.8800,21.7800,22.0400,21.6500,11190086,250863706.0000,3,3.264348,1,1.801400,233.277851,44.786995,38.950980,11.097813,0
2015-05-21,sz.000532,22.0000,22.9000,21.7000,22.8200,22.0400,11381540,257221888.0000,3,3.320198,1,3.539000,241.533600,46.372016,40.329463,11.490567,0
2015-05-22,sz.000532,23.0700,23.5400,22.1800,22.8500,22.8200,13351426,303412672.0000,3,3.894849,1,0.131500,241.851129,46.432978,40.382482,11.505673,0
2015-05-25,sz.000532,22.7900,23.5000,22.4600,23.3000,22.8500,13117770,303478928.0000,3,3.826688,1,1.969400,246.614062,47.347413,41.177760,11.732262,0
2015-05-26,sz.000532,23.2500,25.6300,23.1600,25.6300,23.3000,15220953,373241376.0000,3,4.440224,1,10.000000,271.275468,52.082155,45.295536,12.905488,0
2015-05-27,sz.000532,26.1000,27.7900,24.0000,26.8100,25.6300,22914001,596850848.0000,3,6.684423,1,4.604000,283.764935,54.480006,47.380934,13.499654,0
2015-05-28,sz.000532,27.3000,28.8100,25.6800,25.6800,26.8100,21351655,582261296.0000,3,6.228659,1,-4.214800,271.804683,52.183758,45.383901,12.930664,0
2015-05-29,sz.000532,25.6800,26.7000,23.8000,25.3300,25.6800,16305399,414636928.0000,3,4.756576,1,-1.362900,268.100179,51.472531,44.765351,12.754429,0
2015-06-01,sz.000532,25.3200,27.8600,25.2100,27.8600,25.3300,16429291,437931552.0000,3,4.792718,1,9.988200,294.878444,56.613688,49.236584,14.028361,0
2015-06-02,sz.000532,28.1000,30.1000,27.4500,29.8000,27.8600,15442452,448733520.0000,3,4.503079,1,6.963400,315.411976,60.555919,52.665119,15.005210,0
2015-06-03,sz.000532,29.9700,29.9800,27.8500,28.8000,29.8000,13247368,384181968.0000,3,3.862984,1,-3.355700,304.827681,58.523841,50.897833,14.501680,0
2015-06-04,sz.000532,28.8000,29.4100,25.9900,28.1100,28.8000,11372360,316930320.0000,3,3.316224,1,-2.395800,297.524518,57.121708,49.678405,14.154244,0
2015-06-05,sz.000532,28.7500,29.1500,27.5000,28.3500,28.1100,12630374,357252752.0000,3,3.683066,1,0.853800,300.064749,57.609406,50.102554,14.275091,0
2015-06-08,sz.000532,28.2000,28.3400,26.7300,27.7900,28.3500,12265350,339708624.0000,3,3.576624,1,-1.975300,294.137544,56.471443,49.112874,13.993114,0
2015-06-09,sz.000532,27.7900,29.3400,27.5300,29.3000,27.7900,14561535,413170688.0000,3,4.246200,1,5.433600,310.119829,59.539880,51.781476,14.753445,0
2015-06-10,sz.000532,28.9000,32.1000,28.4500,31.0100,29.3000,15347795,466928208.0000,3,4.475477,1,5.836200,328.218972,63.014733,54.803534,15.614482,0
2015-06-11,sz.000532,30.9800,33.0000,30.5000,32.2000,31.0100,12144143,388367792.0000,3,3.541279,1,3.837500,340.814283,65.432906,56.906605,16.213683,0
2015-06-12,sz.000532,32.0000,34.0000,31.4000,31.5700,32.2000,13881852,454361808.0000,3,4.048002,1,-1.956500,334.146177,64.152697,55.793214,15.896459,0
2015-06-15,sz.000532,31.5700,32.4800,30.2100,31.4100,31.5700,12455810,393508688.0000,3,3.632163,1,-0.506800,332.452690,63.827564,55.510449,15.815894,0
2015-06-16,sz.000532,31.1000,34.2700,30.3100,33.3300,31.4100,14796033,482728560.0000,3,4.314581,1,6.112700,352.774535,67.729154,58.903638,16.782673,0
2015-06-17,sz.000532,33.4500,36.6000,32.9700,35.7000,33.3000,15070103,519254896.0000,3,4.394501,1,7.207200,377.859313,72.545178,63.092105,17.976040,0
2015-06-18,sz.000532,35.7200,38.3000,35.0000,36.6800,35.7000,12638584,468462720.0000,3,3.685460,1,2.745100,388.231922,74.536614,64.824045,18.469500,0
2015-06-19,sz.000532,34.7000,36.5000,33.0100,33.0100,36.6800,11765087,399296688.0000,3,3.430745,1,-10.005500,349.387561,67.078889,58.338106,16.621543,0
2015-06-23,sz.000532,32.0100,32.0100,29.7100,30.1000,33.0100,12489944,376260352.0000,3,3.642116,1,-8.815500,318.587264,61.165542,53.195304,15.156269,0
2015-06-24,sz.000532,30.1000,32.0000,30.0000,31.9000,30.1000,15204716,473742512.0000,3,4.433754,1,5.980100,337.638994,64.823283,56.376419,16.062624,0
2015-06-25,sz.000532,31.9000,32.0000,28.7100,28.9000,31.9000,12084319,367206976.0000,3,3.523835,1,-9.404400,305.886111,58.727049,51.074561,14.552033,0
2015-06-26,sz.000532,27.0000,27.9000,26.0100,26.0100,28.9000,14911470,393650496.0000,3,4.348243,1,-10.000000,275.297500,52.854344,45.967105,13.096829,0
2015-06-29,sz.000532,26.8000,26.9900,23.4100,26.9900,26.0100,18802739,468224000.0000,3,5.482952,1,3.767800,285.670108,54.845780,47.699045,13.590289,0
2015-06-30,sz.000532,26.0000,29.6900,25.0000,29.6900,26.9900,13639754,379247616.0000,3,3.977405,1,10.003700,314.247703,60.332391,52.470717,14.949822,0
2015-07-01,sz.000532,29.9000,31.6300,27.1500,27.8800,29.6900,15492357,465538032.0000,3,4.517632,1,-6.096300,295.090130,56.654330,49.271930,14.038431,0
2015-07-02,sz.000532,28.2000,28.5100,25.0900,25.0900,27.8800,11035419,290167248.0000,3,3.217971,1,-10.007200,265.559949,50.984833,44.341202,12.633581,0
2015-07-03,sz.000532,23.0000,24.6700,22.5800,22.5800,25.0900,7322708,169044352.0000,3,2.135330,1,-10.004000,238.993370,45.884317,39.905315,11.369720,0
2015-07-06,sz.000532,24.8400,24.8400,20.3200,20.3200,22.5800,8615143,190589484.0000,3,2.512209,1,-10.008900,215.072864,41.291821,35.911249,10.231741,0
2015-07-07,sz.000532,18.2900,18.2900,18.2900,18.2900,20.3200,527100,9640659.0000,3,0.153704,1,-9.990200,193.586746,37.166703,32.323658,9.209574,0
2015-07-08,sz.000532,16.4600,16.4600,16.4600,16.4600,18.2900,160400,2640184.0000,3,0.046773,1,-10.005500,174.217487,33.448001,29.089525,8.288113,0
2015-07-09,sz.000532,16.4600,16.4600,16.4600,16.4600,16.4600,0,0.0000,3,,0,0.000000,174.217487,33.448001,29.089525,8.288113,0
2015-07-10,sz.000532,16.4600,16.4600,16.4600,16.4600,16.4600,0,0.0000,3,,0,0.000000,174.217487,33.448001,29.089525,8.288113,0
2015-07-13,sz.000532,18.1100,18.1100,18.1100,18.1100,16.4600,2494021,45166720.0000,3,0.727266,1,10.024300,191.681573,36.800929,32.005547,9.118938,0
2015-07-14,sz.000532,19.9200,19.9200,19.6000,19.9200,18.1100,5411222,107716658.0000,3,1.577933,1,9.994500,210.839146,40.478990,35.204334,10.030328,0
2015-07-15,sz.000532,20.4000,20.8000,17.9300,17.9300,19.9200,14852468,287634320.0000,3,4.331038,1,-9.990000,189.776400,36.435155,31.687435,9.028303,0
2015-07-16,sz.000532,16.1400,18.5500,16.1400,17.4500,17.9300,17948340,308150640.0000,3,5.233806,1,-2.677100,184.695939,35.459758,30.839138,8.786608,0
2015-07-17,sz.000532,17.6000,18.9800,17.1100,18.9000,17.4500,13101247,238964326.0000,3,3.820375,1,8.309400,200.043166,38.406271,33.401703,9.516727,0
2015-07-20,sz.000532,18.6500,20.0400,18.3300,19.4600,18.9000,15925216,307833504.0000,3,4.643855,1,2.963000,205.970371,39.544234,34.391383,9.798704,0
2015-07-21,sz.000532,19.1500,21.3000,18.7500,21.2800,19.4600,16380855,329473856.0000,3,4.776721,1,9.352500,225.233787,43.242616,37.607843,10.715130,0
2015-07-22,sz.000532,21.1800,21.7000,20.0100,21.0900,21.2800,14698527,306192368.0000,3,4.286148,1,-0.892900,223.222771,42.856521,37.272059,10.619459,0
2015-07-23,sz.000532,21.1000,22.1500,20.6000,21.7300,21.0900,16306010,350222768.0000,3,4.754896,1,3.034600,229.996719,44.157051,38.403122,10.941719,0
2015-07-24,sz.000532,21.9100,22.4100,20.6500,21.0500,21.7300,15376433,335747744.0000,3,4.483828,1,-3.129300,222.799399,42.775238,37.201367,10.599318,0
2015-07-27,sz.000532,20.0300,21.0400,18.9500,18.9500,21.0500,11093532,222803306.0000,3,3.234917,1,-9.976200,200.572381,38.507875,33.490067,9.541904,0
2015-07-28,sz.000532,17.0600,18.8900,17.0600,17.1400,18.9500,14202499,248443598.0000,3,4.141504,1,-9.551500,181.414808,34.829814,30.291280,8.630513,0
2015-07-29,sz.000532,17.7600,18.4500,16.4100,18.3800,17.1400,9698732,169577653.0000,3,2.828188,1,7.234500,194.539333,37.349590,32.482714,9.254891,0
2015-07-30,sz.000532,18.0000,18.7800,17.2000,17.4000,18.3800,11092835,202048191.0000,3,3.234714,1,-5.331900,184.166724,35.358154,30.750774,8.761431,0
2015-07-31,sz.000532,17.0000,17.4000,16.5100,16.7300,17.4000,7434210,125938570.0000,3,2.167845,1,-3.850600,177.075247,33.996662,29.566692,8.424066,0
2015-08-03,sz.000532,16.7300,17.3000,15.1200,15.8500,16.7300,8019082,131791056.0000,3,2.338396,1,-5.260000,167.761068,32.208433,28.011481,7.980959,0
2015-08-04,sz.000532,16.0000,17.2900,15.9100,17.2500,15.8500,9403889,155181659.0000,3,2.742211,1,8.832800,182.579080,35.053342,30.485681,8.685902,0
2015-08-05,sz.000532,17.2000,17.5600,16.5000,16.8700,17.2500,9004035,154015676.0000,3,2.625612,1,-2.202900,178.557048,34.281153,29.814112,8.494560,0
2015-08-06,sz.000532,16.7800,17.6800,16.5000,17.1700,16.8700,8999057,155426165.0000,3,2.624160,1,1.778300,181.732336,34.890776,30.344298,8.645619,0
2015-08-07,sz.000532,17.4500,18.7500,17.1800,18.4800,17.1700,14046467,253442040.0000,3,4.096005,1,7.629600,195.597762,37.552798,32.659443,9.305244,0
2015-08-10,sz.000532,18.8000,20.0000,18.5000,19.6000,18.4800,12167601,232867912.0000,3,3.548120,1,6.060600,207.452172,39.828725,34.638803,9.869199,0
2015-08-11,sz.000532,19.5400,19.8500,18.9700,19.2200,19.6000,11674395,225851209.0000,3,3.404299,1,-1.938800,203.430140,39.056536,33.967234,9.677857,0
2015-08-12,sz.000532,18.9900,19.7100,18.8000,19.0100,19.2200,10227622,196961166.0000,3,2.982414,1,-1.092600,201.207438,38.629799,33.596104,9.572116,0
2015-08-13,sz.000532,18.9200,19.9700,18.8000,19.9600,19.0100,11602488,225695674.0000,3,3.383331,1,4.997400,211.262518,40.560273,35.275026,10.050470,0
2015-08-14,sz.000532,20.0600,21.2000,20.0600,20.4900,19.9600,14139296,292416144.0000,3,4.123074,1,2.655300,216.872194,41.637275,36.211687,10.317341,0
2015-08-17,sz.000532,20.4900,22.0000,20.0600,21.6000,20.4900,15698706,334701808.0000,3,4.577804,1,5.417300,228.620761,43.892881,38.173374,10.876260,0
2015-08-18,sz.000532,21.8900,21.8900,19.4400,19.4400,21.6000,15383083,314845696.0000,3,4.485767,1,-10.000000,205.758685,39.503593,34.356037,9.788634,0
2015-08-19,sz.000532,18.3000,19.8000,17.5100,19.5600,19.4400,10908654,202182357.0000,3,3.181006,1,0.617300,207.028800,39.747442,34.568111,9.849057,0
2015-08-20,sz.000532,19.0000,19.7800,17.9600,18.0200,19.5600,8571715,161788507.0000,3,2.499545,1,-7.873200,190.728987,36.618042,31.846491,9.073620,0
2015-08-21,sz.000532,17.6000,18.3000,16.6500,16.7100,18.0200,7885126,136140622.0000,3,2.299333,1,-7.269700,176.863561,33.956020,29.531347,8.413995,0
2015-08-24,sz.000532,15.5900,15.9900,15.0400,15.0400,16.7100,7313958,110964832.0000,3,2.132779,1,-9.994000,159.187789,30.562450,26.579979,7.573099,0
2015-08-25,sz.000532,13.5400,14.1700,13.5400,13.5400,15.0400,8469712,115736536.0000,3,2.469801,1,-9.973400,143.311347,27.514334,23.929050,6.817804,0
2015-08-26,sz.000532,13.6500,14.1000,12.1900,12.1900,13.5400,10965465,145379212.0000,3,3.197572,1,-9.970500,129.022550,24.771029,21.543215,6.138037,0
2015-08-27,sz.000532,12.5100,13.0300,11.5000,13.0300,12.1900,8568272,107887176.0000,3,2.498541,1,6.890900,137.913357,26.477974,23.027735,6.561003,0
2015-08-28,sz.000532,13.2500,14.1200,13.0600,14.1200,13.0300,9146396,123873550.0000,3,2.667125,1,8.365300,149.450238,28.692939,24.954076,7.109851,0
2015-08-31,sz.000532,13.9000,13.9300,12.7900,12.9400,14.1200,6742125,91113406.0000,3,1.966030,1,-8.356900,131.541769,29.338486,49.872780,6.442482,0
2015-09-01,sz.000532,12.9400,14.1800,11.6500,13.0600,12.9400,14300655,190319463.0000,3,4.170127,1,0.927400,132.761631,29.610558,50.335279,6.502226,0
2015-09-02,sz.000532,12.0800,13.3000,11.7500,11.7500,13.0600,13666515,168284186.0000,3,3.985209,1,-10.030600,119.444806,26.640434,45.286334,5.850012,0
2015-09-07,sz.000532,12.0000,12.5900,11.8300,12.0800,11.7500,9797374,119522449.0000,3,2.856952,1,2.808500,122.799426,27.388633,46.558206,6.014311,0
2015-09-08,sz.000532,12.0000,13.0800,11.9000,13.0000,12.0800,7459793,92853386.0000,3,2.175305,1,7.615900,132.151700,29.474522,50.104030,6.472354,0
2015-09-09,sz.000532,13.0100,13.7000,13.0000,13.6500,13.0000,12031874,161184400.0000,3,3.508541,1,5.000000,138.759285,30.948248,52.609231,6.795972,0
2015-09-10,sz.000532,13.3000,13.5800,13.1300,13.3500,13.6500,8409234,112729469.0000,3,2.452165,1,-2.197800,135.709631,30.268067,51.452984,6.646610,0
2015-09-11,sz.000532,13.2100,13.5900,13.2100,13.5600,13.3500,9056720,121666104.0000,3,2.640975,1,1.573000,137.844389,30.744194,52.262357,6.751163,0
2015-09-14,sz.000532,13.9000,14.9200,12.3000,13.8800,13.5600,27757276,396656496.0000,3,8.094130,1,2.359900,141.097354,31.469721,53.495687,6.910483,0
2015-09-15,sz.000532,12.8900,13.3000,12.4900,12.4900,13.8800,13100332,166051316.0000,3,3.820108,1,-10.014400,126.967288,28.318214,48.138410,6.218439,0
2015-09-16,sz.000532,12.1400,13.7400,11.8800,13.5000,12.4900,18688585,238318382.0000,3,5.449664,1,8.086500,137.234458,30.608158,52.031108,6.721291,0
2015-09-17,sz.000532,13.2500,13.8900,12.6800,12.7000,13.5000,17224687,231563559.0000,3,5.022786,1,-5.925900,129.102046,28.794341,48.947783,6.322992,0
2015-09-18,sz.000532,12.9400,13.9700,12.4000,13.9700,12.7000,18928692,254616248.0000,3,5.519680,1,10.000000,142.012250,31.673775,53.842561,6.955291,0
2015-09-21,sz.000532,13.6000,14.8600,13.4600,14.8200,13.9700,22652201,323766336.0000,3,6.605470,1,6.084500,150.652938,33.600955,57.118594,7.378484,0
2015-09-22,sz.000532,14.6100,15.2500,14.1800,14.6000,14.8200,22075050,322149680.0000,3,6.437171,1,-1.484500,148.416525,33.102156,56.270679,7.268951,0
2015-09-23,sz.000532,14.1800,15.1500,14.0500,14.4700,14.6000,15104293,221162268.0000,3,4.404471,1,-0.890400,147.095008,32.807410,55.769639,7.204228,0
2015-09-24,sz.000532,14.4700,14.8000,14.2600,14.6300,14.4700,9751849,141965634.0000,3,2.843677,1,1.105700,148.721491,33.170174,56.386304,7.283888,0
2015-09-25,sz.000532,14.5000,14.8800,13.6000,13.9000,14.6300,11816382,169456725.0000,3,3.445703,1,-4.989800,141.300664,31.515066,53.572770,6.920440,0
2015-09-28,sz.000532,13.9300,14.3100,13.5200,14.2400,13.9000,6471427,90586447.0000,3,1.887093,1,2.446000,144.756940,32.285938,54.883183,7.089717,0
2015-09-29,sz.000532,13.8800,13.9900,13.2900,13.4100,14.2400,7740744,105653134.0000,3,2.257231,1,-5.828700,136.319562,30.404103,51.684234,6.676482,0
2015-09-30,sz.000532,13.4700,13.7900,13.2700,13.5300,13.4100,5405237,73239460.0000,3,1.573653,1,0.894900,137.539424,30.676176,52.146732,6.736227,0
2015-10-08,sz.000532,14.0300,14.3200,13.8800,14.1100,13.5300,7265445,102481849.0000,3,2.115224,1,4.286800,143.435423,31.991193,54.382143,7.024994,0
2015-10-09,sz.000532,14.1500,14.6500,13.9600,14.5100,14.1100,8997194,129011193.0000,3,2.619397,1,2.834900,147.501629,32.898101,55.923805,7.224143,0
2015-10-12,sz.000532,14.7300,15.5000,14.6100,15.3500,14.5100,14360935,217694786.0000,3,4.180969,1,5.789100,156.040662,34.802609,59.161296,7.642357,0
2015-10-13,sz.000532,15.1600,15.9000,15.1300,15.4200,15.3500,12464501,192365917.0000,3,3.628851,1,0.456000,156.752248,34.961318,59.431087,7.677208,0
2015-10-14,sz.000532,15.4100,15.4400,14.9800,15.1500,15.4200,12642329,192014162.0000,3,3.680623,1,-1.751000,154.007559,34.349155,58.390465,7.542782,0
2015-10-15,sz.000532,15.0000,15.8400,14.9400,15.7400,15.1500,15455710,239787253.0000,3,4.499696,1,3.894400,160.005213,35.686845,60.664417,7.836527,0
2015-10-16,sz.000532,15.8500,16.3600,15.4300,16.3400,15.7400,17718840,280731952.0000,3,5.158572,1,3.811900,166.104522,37.047207,62.976911,8.135251,0
2015-10-19,sz.000532,16.6600,16.9900,16.0000,16.3900,16.3400,19835575,329116960.0000,3,5.774827,1,0.306000,166.612798,37.160571,63.169619,8.160145,0
2015-10-20,sz.000532,16.4000,17.1800,16.3000,16.9700,16.3900,16427889,275743760.0000,3,4.782731,1,3.538700,172.508797,38.475588,65.405029,8.448911,0
2015-10-21,sz.000532,17.0000,17.0000,15.2700,15.2700,16.9700,18483479,297059568.0000,3,5.381185,1,-10.017700,155.227420,34.621227,58.852964,7.602527,0
2015-10-22,sz.000532,14.9500,16.2300,14.9500,16.0500,15.2700,14489022,227367146.0000,3,4.218259,1,5.108000,163.156522,36.389699,61.859206,7.990868,0
2015-10-23,sz.000532,16.1800,16.9500,15.8500,16.6900,16.0500,15106267,248606145.0000,3,4.397961,1,3.987500,169.662452,37.840752,64.325866,8.309507,0
2015-10-26,sz.000532,17.3000,17.3000,16.6000,16.7500,16.6900,15720030,265709628.0000,3,4.576649,1,0.359500,170.272383,37.976788,64.557115,8.339379,0
2015-10-27,sz.000532,16.6000,17.0000,15.5400,16.8000,16.7500,14167454,230771689.0000,3,4.124640,1,0.298500,170.780659,38.090152,64.749823,8.364273,0
2015-10-28,sz.000532,16.5600,16.8000,15.9200,16.0800,16.8000,10750107,176183894.0000,3,3.129731,1,-4.285700,163.461488,36.457717,61.974830,8.005804,0
2015-10-29,sz.000532,16.2200,16.6000,16.0100,16.2300,16.0800,8887228,145456638.0000,3,2.587382,1,0.932800,164.986315,36.797807,62.552954,8.080485,0
2015-10-30,sz.000532,16.3100,17.4500,16.3100,17.0200,16.2300,20015979,339801600.0000,3,5.827349,1,4.867500,173.017072,38.588951,65.597737,8.473805,0
2015-11-02,sz.000532,16.4800,16.9600,16.0100,16.0800,17.0200,12459437,205850103.0000,3,3.627376,1,-5.522900,153.942635,35.257302,296.850509,8.000140,0
2015-11-03,sz.000532,16.1000,16.2800,15.5500,15.6400,16.0800,7982816,126909475.0000,3,2.324076,1,-2.736300,149.730274,34.292550,288.727734,7.781230,0
2015-11-04,sz.000532,15.8000,16.7700,15.7100,16.7500,15.6400,10848748,177271213.0000,3,3.158449,1,7.097200,160.356911,36.726356,309.219281,8.333479,0
2015-11-05,sz.000532,16.5300,17.1600,16.5200,16.8200,16.7500,15190013,256161870.0000,3,4.422342,1,0.417900,161.027060,36.879839,310.511540,8.368305,0
2015-11-06,sz.000532,16.9300,17.7500,16.8200,17.5000,16.8200,15968276,277585904.0000,3,4.648922,1,4.042800,167.537072,38.370820,323.064920,8.706620,0
2015-11-09,sz.000532,19.2500,19.2500,19.0000,19.2500,17.5000,12518824,240799985.0000,3,3.644666,1,10.000000,184.290779,42.207902,355.371412,9.577282,0
2015-11-10,sz.000532,19.0000,20.2000,18.5000,19.6200,19.2500,29489879,569489872.0000,3,8.585531,1,1.922100,187.832991,43.019171,362.201928,9.761365,0
2015-11-11,sz.000532,19.1100,19.6100,18.8800,19.5800,19.6200,17877204,343811616.0000,3,5.204677,1,-0.203900,187.450049,42.931466,361.463493,9.741464,0
2015-11-12,sz.000532,19.6000,19.7000,18.9100,19.4900,19.5800,14186751,273599072.0000,3,4.130258,1,-0.459700,186.588430,42.734130,359.802017,9.696687,0
2015-11-13,sz.000532,19.0300,21.4000,18.7100,20.2600,19.4900,23742510,472644960.0000,3,6.912272,1,3.950700,193.960061,44.422446,374.016873,10.079778,0
2015-11-16,sz.000532,19.8000,21.0100,19.6600,20.9500,20.2600,20253158,415211120.0000,3,5.896400,1,3.405700,200.565808,45.935353,386.754861,10.423068,0
2015-11-17,sz.000532,21.2100,21.6000,20.0100,20.2600,20.9500,19938874,414459504.0000,3,5.804901,1,-3.293600,193.960061,44.422446,374.016873,10.079778,0
2015-11-18,sz.000532,19.9100,20.2200,19.1000,19.1000,20.2600,13830740,271182320.0000,3,4.026610,1,-5.725600,182.854747,41.879009,352.602284,9.502654,0
2015-11-19,sz.000532,19.1500,19.6000,18.9900,19.5600,19.1000,8266035,159285856.0000,3,2.406531,1,2.408400,187.258578,42.887614,361.094276,9.731513,0
2015-11-20,sz.000532,19.5100,20.4200,19.4100,19.9500,19.5600,12710057,254298493.0000,3,3.700340,1,1.993900,190.992262,43.742735,368.294009,9.925547,0
2015-11-23,sz.000532,20.7100,21.9500,20.7000,20.9900,19.9500,32615277,703810304.0000,3,9.495444,1,5.213000,200.948750,46.023058,387.493296,10.442968,0
2015-11-24,sz.000532,20.3100,20.7500,19.8000,20.7100,20.9900,16850183,340707392.0000,3,4.905675,1,-1.334000,198.268157,45.409125,382.324257,10.303663,0
2015-11-25,sz.000532,20.7100,22.7800,20.5000,22.7800,20.7100,23972523,537371168.0000,3,6.979237,1,9.995200,218.085399,49.947844,420.538222,11.333531,0
2015-11-26,sz.000532,22.8500,24.8100,22.2000,23.7400,22.7800,36743517,859897440.0000,3,10.697318,1,4.214200,227.276004,52.052758,438.260640,11.811152,0
2015-11-27,sz.000532,23.1000,23.5900,21.3700,21.3900,23.7400,24417603,554074432.0000,3,7.108815,1,-9.898900,204.778169,46.900105,394.877637,10.641977,0
2015-11-30,sz.000532,21.6000,23.5300,20.9000,23.5300,21.3900,30763438,685878128.0000,3,8.956309,1,10.004700,225.265560,51.592308,434.383861,11.706672,0
2015-12-01,sz.000532,23.8800,24.2400,22.5100,22.8500,23.5300,29283482,685430368.0000,3,8.525442,1,-2.889900,218.755548,50.101328,421.830481,11.368358,0
2015-12-02,sz.000532,22.2000,22.5100,20.5700,21.5500,22.8500,18691465,401622480.0000,3,5.441737,1,-5.689300,206.309937,47.250924,397.831373,10.721580,0
2015-12-03,sz.000532,21.5600,22.2800,21.0200,22.1500,21.5500,13940497,302831920.0000,3,4.058564,1,2.784200,212.054065,48.566495,408.907885,11.020093,0
2015-12-04,sz.000532,22.0000,22.9900,21.5000,22.3500,22.1500,17249553,383686864.0000,3,5.021946,1,0.902900,213.968774,49.005019,412.600055,11.119597,0
2015-12-07,sz.000532,22.0500,24.5900,21.8800,24.5900,22.3500,26473197,615922496.0000,3,7.707270,1,10.022400,235.413519,53.916483,453.952365,12.234045,0
2015-12-08,sz.000532,24.2400,24.4300,23.1800,23.2500,24.5900,26195524,621538912.0000,3,7.626430,1,-5.449400,222.584966,50.978375,429.214822,11.567366,0
2015-12-09,sz.000532,22.7600,24.0800,22.5100,23.7600,23.2500,19060444,445920768.0000,3,5.549159,1,2.193500,227.467475,52.096610,438.629857,11.821102,0
2015-12-10,sz.000532,23.6000,24.3000,22.9500,23.1900,23.7600,20836974,493201856.0000,3,6.066369,1,-2.399000,222.010554,50.846818,428.107171,11.537515,0
2015-12-11,sz.000532,22.7100,22.8700,22.0600,22.1800,23.1900,14011819,313738544.0000,3,4.079329,1,-4.355300,212.341271,48.632273,409.461710,11.035019,0
2015-12-14,sz.000532,21.6900,22.1100,21.0100,21.9300,22.1800,10941139,235370776.0000,3,3.185347,1,-1.127100,209.947884,48.084119,404.846497,10.910638,0
2015-12-15,sz.000532,22.2000,23.0000,21.8000,22.3000,21.9300,11752513,265407993.0000,3,3.421566,1,1.687200,213.490097,48.895388,411.677012,11.094721,0
2015-12-16,sz.000532,22.3000,22.7000,22.0400,22.0800,22.3000,9393192,209887263.0000,3,2.734686,1,-0.986500,211.383917,48.413012,407.615625,10.985267,0
2015-12-17,sz.000532,22.4900,23.5000,22.3000,23.3900,22.0800,16646565,381701120.0000,3,4.846395,1,5.933000,223.925263,51.285342,431.799342,11.637019,0
2015-12-18,sz.000532,23.7000,25.3500,23.4200,24.8000,23.3900,29390240,725774528.0000,3,8.556523,1,6.028200,237.423964,54.376933,457.829144,12.338524,0
2015-12-21,sz.000532,25.4600,27.2800,25.1200,26.3100,24.8000,31944693,856887840.0000,3,9.300213,1,6.088700,251.880020,57.687787,485.705031,13.089781,0
2015-12-22,sz.000532,25.8900,27.2000,25.6100,26.2300,26.3100,20072107,532871008.0000,3,5.843690,1,-0.304100,251.114136,57.512377,484.228163,13.049979,0
2015-12-23,sz.000532,25.9100,28.2700,25.9000,27.0500,26.2300,21192490,573864144.0000,3,6.169872,1,3.126200,258.964445,59.310324,499.366062,13.457947,0
2015-12-24,sz.000532,26.7400,27.8900,26.3000,26.5000,27.0500,16274486,439324544.0000,3,4.738070,1,-2.033300,253.698994,58.104384,489.212593,13.184310,0
2015-12-25,sz.000532,26.5900,26.9500,25.0000,25.8900,26.5000,11414983,296676880.0000,3,3.323299,1,-2.301900,247.859130,56.766887,477.951473,12.880822,0
2015-12-28,sz.000532,26.4800,27.3900,25.2000,25.4900,25.8900,17387360,459011904.0000,3,5.062066,1,-1.545000,244.029712,55.889840,470.567132,12.681814,0
2015-12-29,sz.000532,25.5200,27.2800,25.5100,27.0600,25.4900,15821748,419007888.0000,3,4.606262,1,6.159300,259.060180,59.332251,499.550671,13.462922,0
2015-12-30,sz.000532,27.1500,28.7800,26.5200,28.7000,27.0600,18998579,527291904.0000,3,5.531148,1,6.060600,274.760797,62.928145,529.826469,14.278856,0
2015-12-31,sz.000532,28.3000,28.6500,27.5100,27.6800,28.7000,12708098,355006800.0000,3,3.699770,1,-3.554000,264.995779,60.691674,510.996399,13.771385,0
2016-01-04,sz.000532,27.4000,27.4000,24.9100,24.9100,27.6800,12820799,328797312.0000,3,3.732581,1,-10.007200,238.477054,54.618121,459.859838,12.393251,0
2016-01-05,sz.000532,23.0100,24.6600,22.4200,22.5500,24.9100,19081892,439975056.0000,3,5.555404,1,-9.474100,215.883484,49.443542,416.292226,11.219101,0
2016-01-06,sz.000532,22.9500,23.8900,22.6500,23.3600,22.5500,10658175,247313414.0000,3,3.102966,1,3.592000,223.638057,51.219563,431.245516,11.622094,0
2016-01-07,sz.000532,22.9300,22.9300,21.0200,21.0200,23.3600,2531869,55043074.0000,3,0.737115,1,-10.017100,201.235957,46.088836,388.047121,10.457894,0
2016-01-08,sz.000532,22.0000,22.5000,19.3300,21.1400,21.0200,13356204,284303872.0000,3,3.888456,1,0.570900,202.384782,46.351950,390.262423,10.517597,0
2016-01-11,sz.000532,20.3000,20.5000,19.0300,19.0300,21.1400,10077258,196194257.0000,3,2.933841,1,-9.981100,182.184598,41.725526,351.310025,9.467827,0
2016-01-12,sz.000532,18.5000,19.0000,17.1300,17.8000,19.0300,16663292,296786720.0000,3,4.851265,1,-6.463500,170.409136,39.028605,328.603176,8.855876,0
2016-01-13,sz.000532,17.8000,18.2000,16.1900,16.2000,17.8000,10630119,184047407.0000,3,3.094798,1,-8.988800,155.091460,35.520416,299.065812,8.059842,0
2016-01-14,sz.000532,15.0000,17.6800,14.9900,17.3700,16.2000,12403575,204947162.0000,3,3.611113,1,7.222200,166.292510,38.085779,320.665009,8.641942,0
2016-01-15,sz.000532,17.1000,18.1000,16.7000,16.9000,17.3700,12804852,223359093.0000,3,3.727939,1,-2.705800,161.792943,37.055249,311.988409,8.408107,0
2016-01-18,sz.000532,16.2500,17.8000,16.1000,17.5400,16.9000,9066980,156993005.0000,3,2.639714,1,3.787000,167.920013,38.458525,323.803354,8.726521,0
2016-01-19,sz.000532,17.3800,18.2500,17.0200,18.0200,17.5400,11139088,198823975.0000,3,3.242977,1,2.736600,172.515316,39.510981,332.664563,8.965331,0
2016-01-20,sz.000532,18.1000,19.5600,17.6000,18.8700,18.0200,16614723,304322144.0000,3,4.837125,1,4.717000,180.652831,41.374707,348.356288,9.388224,0
2016-01-21,sz.000532,18.2000,18.7000,16.9800,16.9800,18.8700,13291732,239081888.0000,3,3.869686,1,-10.015900,162.558827,37.230658,313.465277,8.447909,0
2016-01-22,sz.000532,17.4000,17.4800,16.5500,17.2000,16.9800,8511736,145371943.0000,3,2.478063,1,1.295600,164.665007,37.713034,317.526664,8.557363,0
2016-01-25,sz.000532,17.4500,17.5800,16.7000,17.1000,17.2000,6814752,117304500.0000,3,1.984012,1,-0.581400,163.707653,37.493773,315.680579,8.507611,0
2016-01-26,sz.000532,16.9500,16.9500,15.3900,15.3900,17.1000,9483370,152035843.0000,3,2.760939,1,-10.000000,147.336887,33.744395,284.112521,7.656850,0
2016-01-27,sz.000532,15.2900,15.4600,13.8500,14.7900,15.3900,12132285,174828538.0000,3,3.532131,1,-3.898600,141.592759,32.428824,273.036010,7.358337,0
2016-01-28,sz.000532,14.4000,15.6500,14.0100,15.1400,14.7900,14512300,217069621.0000,3,4.225036,1,2.366500,144.943501,33.196241,279.497308,7.532470,0
2016-01-29,sz.000532,14.8900,16.3600,14.8000,16.0000,15.1400,11245143,176290422.0000,3,3.273853,1,5.680300,153.176751,35.081892,295.373641,7.960338,0
2016-02-01,sz.000532,15.6500,15.9400,14.5600,15.1200,16.0000,9709966,149468077.0000,3,2.826909,1,-5.500000,144.752030,33.152388,279.128091,7.522519,0
2016-02-02,sz.000532,15.1900,15.9500,15.1900,15.6300,15.1200,7157964,112385316.0000,3,2.083933,1,3.373000,149.634539,34.270624,288.543126,7.776255,0
2016-02-03,sz.000532,15.3000,15.9300,15.2800,15.8200,15.6300,6067133,95015739.0000,3,1.766354,1,1.215600,151.453513,34.687221,292.050688,7.870784,0
2016-02-04,sz.000532,15.8000,16.2500,15.7500,16.0700,15.8200,7450626,119754997.0000,3,2.169137,1,1.580300,153.846899,35.235376,296.665901,7.995165,0
2016-02-05,sz.000532,16.2500,16.2500,15.6000,15.6000,16.0700,5187841,82353528.0000,3,1.510361,1,-2.924700,149.347332,34.204845,287.989300,7.761330,0
2016-02-15,sz.000532,15.1000,15.5500,14.8000,15.3300,15.6000,4479601,67934274.0000,3,1.304168,1,-1.730800,146.762475,33.612838,283.004870,7.626999,0
2016-02-16,sz.000532,15.5700,16.4100,15.5000,16.1800,15.3300,7467734,119879357.0000,3,2.174118,1,5.544700,154.899990,35.476564,298.696595,8.049892,0
2016-02-17,sz.000532,16.3000,16.8500,16.1600,16.7500,16.1800,12106921,200149402.0000,3,3.524747,1,3.522900,160.356911,36.726356,309.219281,8.333479,0
2016-02-18,sz.000532,16.9000,17.4000,16.2200,16.6900,16.7500,16717687,280978880.0000,3,4.867101,1,-0.358200,159.782498,36.594799,308.111629,8.303628,0
2016-02-19,sz.000532,16.3200,17.2700,16.2700,16.8000,16.6900,11912925,198914123.0000,3,3.468268,1,0.659100,160.835589,36.835987,310.142323,8.358355,0
2016-02-22,sz.000532,16.9500,17.2300,16.7500,17.0300,16.8000,11895716,202183743.0000,3,3.463257,1,1.369100,163.037504,37.340289,314.388319,8.472785,0
2016-02-23,sz.000532,17.0000,17.1400,16.4200,16.7400,17.0300,9335797,156216715.0000,3,2.717976,1,-1.702900,160.261176,36.704430,309.034672,8.328504,0
2016-02-24,sz.000532,16.5800,16.9500,16.2800,16.8900,16.7400,8596539,143241194.0000,3,2.502752,1,0.896100,161.697208,37.033323,311.803800,8.403132,0
2016-02-25,sz.000532,16.8600,17.8000,16.0000,17.2700,16.8900,31427649,537575456.0000,3,9.149684,1,2.249900,165.335156,37.866518,318.818924,8.592190,0
2016-02-26,sz.000532,16.8000,18.7900,16.5200,18.1100,17.2700,33913507,600549184.0000,3,9.873404,1,4.863900,173.376935,39.708317,334.326040,9.010108,0
2016-02-29,sz.000532,17.4000,17.7100,16.3000,16.3000,18.1100,18575492,307609744.0000,3,5.407973,1,-9.994500,156.048815,35.739678,300.911897,8.109594,0
2016-03-01,sz.000532,15.8800,16.2600,14.6700,15.5000,16.3000,17753553,272266208.0000,3,5.168678,1,-4.908000,148.389978,33.985583,286.143215,7.711578,0
2016-03-02,sz.000532,15.2600,16.2700,15.1400,16.1600,15.5000,15662697,246226720.0000,3,4.559957,1,4.258100,154.708519,35.432711,298.327378,8.039941,0
2016-03-03,sz.000532,16.0500,17.2000,15.9100,16.6200,16.1600,18747805,313086096.0000,3,5.458139,1,2.846500,159.112350,36.441316,306.819370,8.268801,0
2016-03-04,sz.000532,16.4800,16.6400,15.2000,15.3400,16.6200,13997719,221752258.0000,3,4.075224,1,-7.701600,146.858210,33.634764,283.189479,7.631974,0
2016-03-07,sz.000532,15.3300,15.9000,15.2200,15.4700,15.3400,7031954,109550704.0000,3,2.047247,1,0.847500,148.102771,33.919805,285.589389,7.696652,0
2016-03-08,sz.000532,15.4800,15.5700,14.5800,15.4500,15.4700,7741109,116929876.0000,3,2.253707,1,-0.129300,147.911300,33.875952,285.220172,7.686701,0
2016-03-09,sz.000532,15.0000,15.2800,14.7900,15.0000,15.4500,5669994,85062092.0000,3,1.650733,1,-2.912600,143.603204,32.889274,276.912789,7.462817,0
2016-03-10,sz.000532,15.1000,15.1500,14.5400,14.5800,15.0000,5676410,84208566.0000,3,1.652601,1,-2.800000,139.582314,31.968374,269.159231,7.253858,0
2016-03-11,sz.000532,14.4500,14.5100,14.0900,14.3500,14.5800,4581654,65573646.0000,3,1.333879,1,-1.577500,137.380399,31.464072,264.913234,7.139428,0
2016-03-14,sz.000532,14.5800,15.2000,14.5800,15.0400,14.3500,6900003,103377402.0000,3,2.008831,1,4.808400,143.986146,32.976979,277.651223,7.482718,0
2016-03-15,sz.000532,15.0500,15.2300,14.8500,14.9000,15.0400,5339710,80246226.0000,3,1.554576,1,-0.930900,142.645849,32.670012,275.066703,7.413065,0
2016-03-16,sz.000532,15.0600,15.1500,14.4700,14.6900,14.9000,4998088,73834300.0000,3,1.455118,1,-1.409400,140.635405,32.209563,271.189924,7.308585,0
2016-03-17,sz.000532,14.7500,15.3600,14.6800,15.2900,14.6900,8624681,130247726.0000,3,2.510945,1,4.084400,146.379533,33.525133,282.266436,7.607098,0
2016-03-18,sz.000532,15.3000,16.2500,15.2400,16.1200,15.2900,14100451,224021699.0000,3,4.105133,1,5.428400,154.325577,35.345007,297.588944,8.020041,0
2016-03-21,sz.000532,16.7600,16.7800,16.2100,16.6500,16.1200,15603780,257837005.0000,3,4.542804,1,3.287800,159.399557,36.507094,307.373195,8.283727,0
2016-03-22,sz.000532,16.5000,17.1400,16.2300,16.6000,16.6500,10224430,171357267.0000,3,2.976688,1,-0.300300,158.920879,36.397463,306.450153,8.258851,0
2016-03-23,sz.000532,16.5800,16.7700,16.4200,16.7500,16.6000,7352042,122084395.0000,3,2.140436,1,0.903600,160.356911,36.726356,309.219281,8.333479,0
2016-03-24,sz.000532,16.5000,16.5700,16.0000,16.0000,16.7500,9751535,159176124.0000,3,2.839012,1,-4.477600,153.176751,35.081892,295.373641,7.960338,0
2016-03-25,sz.000532,15.9000,16.3600,15.8000,16.3000,16.0000,6585950,106682385.0000,3,1.917400,1,1.875000,156.048815,35.739678,300.911897,8.109594,0
2016-03-28,sz.000532,16.4300,16.7000,15.9000,15.9200,16.3000,10014159,163061758.0000,3,2.915471,1,-2.331300,152.410867,34.906483,293.896773,7.920536,0
2016-03-29,sz.000532,16.0300,16.6500,15.9600,16.1400,15.9200,12513116,204068914.0000,3,3.643004,1,1.381900,147.174564,26.210251,-63.244354,8.121996,0
2016-03-30,sz.000532,16.3400,16.9700,16.1500,16.8900,16.1400,14247576,235784343.0000,3,4.147966,1,4.646800,154.013531,27.428200,-66.183218,8.499412,0
2016-03-31,sz.000532,16.9700,16.9700,16.4400,16.5900,16.8900,13144356,218622204.0000,3,3.826780,1,-1.776200,151.277944,26.941020,-65.007672,8.348446,0
2016-04-01,sz.000532,16.5200,16.6200,15.7600,16.1600,16.5900,11664826,187175193.0000,3,3.396037,1,-2.591900,147.356937,26.242730,-63.322724,8.132060,0
2016-04-05,sz.000532,16.2200,17.0000,16.1100,16.9700,16.1600,14802190,246946555.0000,3,4.309433,1,5.012400,154.743021,27.558114,-66.496697,8.539670,0
2016-04-06,sz.000532,16.8800,17.2800,16.6800,16.9800,16.9700,13075018,221682424.0000,3,3.806593,1,0.058900,154.834207,27.574353,-66.535882,8.544702,0
2016-04-07,sz.000532,17.1600,17.1700,16.2900,16.4700,16.9800,14366732,238991605.0000,3,4.182656,1,-3.003500,150.183710,26.746148,-64.537454,8.288059,0
2016-04-08,sz.000532,16.2500,16.4800,16.0300,16.3700,16.4700,8241630,133691792.0000,3,2.399426,1,-0.607200,149.271848,26.583755,-64.145605,8.237737,0
2016-04-11,sz.000532,16.5100,16.9800,16.4900,16.7500,16.3700,9681851,162168263.0000,3,2.818724,1,2.321300,152.736924,27.200849,-65.634630,8.428961,0
2016-04-12,sz.000532,16.7300,16.7600,16.3000,16.5400,16.7500,7087817,116880669.0000,3,2.063511,1,-1.253700,150.822013,26.859824,-64.811748,8.323284,0
2016-04-13,sz.000532,16.7000,17.4900,16.7000,17.1100,16.5400,16568484,284109648.0000,3,4.823663,1,3.446200,156.019628,27.785464,-67.045285,8.610121,0
2016-04-14,sz.000532,17.2100,17.9400,16.9600,17.8700,17.1100,16962927,297384288.0000,3,4.938499,1,4.441800,162.949781,29.019652,-70.023333,8.992569,0
2016-04-15,sz.000532,17.6600,17.8900,17.4300,17.5300,17.8700,10777107,189680377.0000,3,3.137591,1,-1.902600,159.849449,28.467516,-68.691048,8.821474,0
2016-04-18,sz.000532,17.3500,17.3500,16.9500,17.0400,17.5300,8432160,144034857.0000,3,2.454896,1,-2.795200,155.381325,27.671789,-66.770991,8.574895,0
2016-04-19,sz.000532,17.2500,17.2900,16.8300,17.0600,17.0400,6847705,116665836.0000,3,1.993606,1,0.117400,155.563697,27.704268,-66.849360,8.584960,0
2016-04-20,sz.000532,17.1500,17.2200,15.3500,15.6000,17.0600,13161449,211760264.0000,3,3.831756,1,-8.558000,142.250508,25.333328,-61.128372,7.850256,0
2016-04-21,sz.000532,15.6000,15.7000,15.2800,15.3100,15.6000,8335598,129679821.0000,3,2.426783,1,-1.859000,139.606108,24.862388,-59.992011,7.704322,0
2016-04-22,sz.000532,15.2700,15.5000,14.9500,15.5000,15.3100,7382770,112283573.0000,3,2.149382,1,1.241000,141.338646,25.170935,-60.736523,7.799934,0
2016-04-25,sz.000532,15.3400,15.4100,15.0500,15.3000,15.5000,4262877,64842756.0000,3,1.241072,1,-1.290300,139.514922,24.846149,-59.952826,7.699290,0
2016-04-26,sz.000532,15.3700,15.6800,15.2900,15.6300,15.3000,4468127,68964542.0000,3,1.300827,1,2.156900,142.524067,25.382046,-61.245926,7.865353,0
2016-04-27,sz.000532,15.6300,15.8500,15.4800,15.5300,15.6300,4572472,71587918.0000,3,1.331206,1,-0.639800,141.612205,25.219653,-60.854078,7.815031,0
2016-04-28,sz.000532,15.6000,15.6500,15.0700,15.5000,15.5300,4471498,68733003.0000,3,1.301809,1,-0.193200,141.338646,25.170935,-60.736523,7.799934,0
2016-04-29,sz.000532,15.2900,15.5800,15.1600,15.3900,15.5000,3243676,50032018.0000,3,0.944347,1,-0.709700,140.335598,24.992303,-60.305490,7.744580,0
2016-05-03,sz.000532,15.3900,15.9400,15.2800,15.9300,15.3900,5413081,85331129.0000,3,1.575937,1,3.508800,138.605280,23.894397,-45.638904,7.990460,0
2016-05-04,sz.000532,15.9100,16.2200,15.7100,15.9400,15.9300,6223664,99448559.0000,3,1.811925,1,0.062800,138.692289,23.909397,-45.667554,7.995476,0
2016-05-05,sz.000532,15.9900,16.2600,15.8400,16.1200,15.9400,4935777,79318439.0000,3,1.436977,1,1.129200,140.258450,24.179390,-46.183248,8.085764,0
2016-05-06,sz.000532,16.1700,16.2500,15.2500,15.2800,16.1200,7971617,124256157.0000,3,2.320815,1,-5.210900,132.949697,22.919422,-43.776676,7.664421,0
2016-05-09,sz.000532,15.1000,15.1000,14.0100,14.2500,15.2800,7660739,111490771.0000,3,2.230308,1,-6.740800,123.987774,21.374461,-40.825762,7.147775,0
2016-05-10,sz.000532,14.2200,14.4100,14.1800,14.3700,14.2500,3002043,43006352.0000,3,0.873999,1,0.842100,125.031882,21.554456,-41.169558,7.207967,0
2016-05-11,sz.000532,14.5000,14.5700,14.2200,14.3100,14.3700,2988748,43071030.0000,3,0.870129,1,-0.417500,124.509828,21.464459,-40.997660,7.177871,0
2016-05-12,sz.000532,14.0800,14.2900,13.6800,14.2300,14.3100,3209039,45083131.0000,3,0.934263,1,-0.559100,123.813756,21.344462,-40.768462,7.137743,0
2016-05-13,sz.000532,14.2500,14.4900,14.1400,14.2700,14.2300,2950006,42267520.0000,3,0.858850,1,0.281100,124.161792,21.404460,-40.883061,7.157807,0
2016-05-16,sz.000532,14.2100,14.5600,14.2000,14.5300,14.2700,2530205,36457722.0000,3,0.736631,1,1.822000,126.424025,21.794450,-41.627952,7.288223,0
2016-05-17,sz.000532,14.5500,14.8000,14.4000,14.5700,14.5300,3419011,49867367.0000,3,0.995393,1,0.275300,126.772061,21.854449,-41.742551,7.308287,0
2016-05-18,sz.000532,14.4100,14.4100,13.7700,13.9100,14.5700,4378516,61485309.0000,3,1.274739,1,-4.529900,121.029469,20.864474,-39.851673,6.977232,0
2016-05-19,sz.000532,13.9300,14.2900,13.9300,13.9800,13.9100,3757253,53104793.0000,3,1.093867,1,0.503200,121.638532,20.969471,-40.052221,7.012344,0
2016-05-20,sz.000532,13.8900,14.1700,13.7100,14.1100,13.9800,3165002,44323561.0000,3,0.921442,1,0.929900,122.769649,21.164466,-40.424667,7.077551,0
2016-05-23,sz.000532,14.1800,14.3500,14.1000,14.2900,14.1100,3311915,47245555.0000,3,0.964214,1,1.275700,124.335810,21.434459,-40.940360,7.167839,0
2016-05-24,sz.000532,14.2700,14.8000,14.1600,14.4700,14.2900,5489516,79626008.0000,3,1.598189,1,1.259600,125.901971,21.704452,-41.456054,7.258127,0
2016-05-25,sz.000532,14.5000,14.6700,14.2000,14.3200,14.4700,3927162,56726879.0000,3,1.143334,1,-1.036600,124.596837,21.479458,-41.026309,7.182887,0
2016-05-26,sz.000532,14.3100,14.4000,13.8300,14.2600,14.3200,3590109,50513344.0000,3,1.045206,1,-0.419000,124.074783,21.389460,-40.854411,7.152791,0
2016-05-27,sz.000532,14.2500,14.5500,14.1000,14.5000,14.2600,4900506,70348915.0000,3,1.426708,1,1.683000,126.162998,21.749451,-41.542003,7.273175,0
2016-05-30,sz.000532,14.4200,14.5000,14.1800,14.2700,14.5000,3093605,44299050.0000,3,0.900656,1,-1.586200,124.161792,21.404460,-40.883061,7.157807,0
2016-05-31,sz.000532,14.2700,14.8600,14.2600,14.8600,14.2700,7458832,109391245.0000,3,2.171526,1,4.134500,129.295321,22.289438,-42.573391,7.453750,0
2016-06-01,sz.000532,14.9000,15.3800,14.8500,15.1500,14.8600,8674145,131206306.0000,3,2.525346,1,1.951500,131.818581,22.724427,-43.404231,7.599214,0
2016-06-02,sz.000532,15.0800,15.4600,15.0300,15.3100,15.1500,7400180,113077414.0000,3,2.154450,1,1.056100,133.210724,22.964421,-43.862625,7.679469,0
2016-06-03,sz.000532,15.3600,15.4600,15.1000,15.2200,15.3100,6029166,91878563.0000,3,1.755300,1,-0.587900,132.427644,22.829424,-43.604778,7.634325,0
2016-06-06,sz.000532,15.3000,15.3500,15.1200,15.2300,15.2200,4338177,65980197.0000,3,1.262994,1,0.065700,132.514653,22.844424,-43.633428,7.639341,0
2016-06-07,sz.000532,15.2000,15.2700,15.0400,15.0600,15.2300,4077763,61573644.0000,3,1.187179,1,-1.116200,131.035500,22.589430,-43.146384,7.554070,0
2016-06-08,sz.000532,15.1300,15.2000,14.8900,15.0700,15.0600,6583247,98702812.0000,3,1.916613,1,0.066400,131.122509,22.604430,-43.175034,7.559086,0
2016-06-13,sz.000532,14.8100,14.8600,13.9700,13.9700,15.0700,8330776,120914390.0000,3,2.425379,1,-7.299300,121.551523,20.954471,-40.023571,7.007328,0
2016-06-14,sz.000532,13.9000,14.1000,13.8000,14.0200,13.9700,3957009,55262301.0000,3,1.152023,1,0.357900,121.986568,21.029470,-40.166820,7.032408,0
2016-06-15,sz.000532,13.8000,14.7500,13.8000,14.7200,14.0200,6821658,98692908.0000,3,1.986022,1,4.992900,128.077195,22.079443,-42.172296,7.383526,0
2016-06-16,sz.000532,14.8000,16.1900,14.6600,16.1900,14.7200,21789578,344059664.0000,3,6.343705,1,9.986400,140.867513,24.284387,-46.383795,8.120876,0
2016-06-17,sz.000532,16.8000,17.8000,16.5800,17.5700,16.1900,40215341,697110864.0000,3,11.708087,1,8.523800,152.874750,26.354335,-50.337448,8.813081,0
2016-06-20,sz.000532,18.3100,19.3300,18.0600,18.2600,17.5700,34519005,646938640.0000,3,10.049685,1,3.927200,158.878369,27.389309,-52.314274,9.159184,0
2016-06-21,sz.000532,18.7000,19.6500,18.1700,18.7100,18.2300,33818131,637489040.0000,3,9.845636,1,2.633000,162.793772,28.064292,-53.603509,9.384903,0
2016-06-22,sz.000532,18.2300,19.1400,17.7700,18.7600,18.7100,24979326,457843920.0000,3,7.272352,1,0.267200,163.228817,28.139290,-53.746757,9.409983,0
2016-06-23,sz.000532,18.4000,18.6900,18.0000,18.3500,18.7600,17692484,323563888.0000,3,5.150899,1,-2.185500,159.661449,27.524306,-52.572121,9.204328,0
2016-06-24,sz.000532,18.1000,18.6400,17.3100,18.0900,18.3500,15553632,281131232.0000,3,4.528204,1,-1.416900,157.399216,27.134316,-51.827230,9.073912,0
2016-06-27,sz.000532,18.1300,19.7900,18.1300,19.2200,18.0900,24961174,474770400.0000,3,7.267068,1,6.246500,167.231229,28.829273,-55.064641,9.640718,0
2016-06-28,sz.000532,18.8000,18.9800,18.2800,18.5700,19.2200,17641734,327234576.0000,3,5.136124,1,-3.381900,161.575647,27.854297,-53.202414,9.314680,0
2016-06-29,sz.000532,18.6500,18.9100,18.0000,18.8800,18.5700,15248258,281653760.0000,3,4.439299,1,1.669400,164.272925,28.319286,-54.090553,9.470175,0
2016-06-30,sz.000532,18.6500,18.7900,18.0100,18.1600,18.8800,13484661,247926808.0000,3,3.925855,1,-3.813600,158.008279,27.239313,-52.027778,9.109024,0
2016-07-01,sz.000532,18.2600,18.3900,17.7600,17.7800,18.1600,11925759,214238524.0000,3,3.472004,1,-2.092500,154.701939,26.669327,-50.939091,8.918417,0
2016-07-04,sz.000532,17.7800,18.5500,17.7000,18.5100,17.7800,14631700,265647362.0000,3,4.259798,1,4.105700,161.053593,27.764300,-53.030516,9.284584,0
2016-07-05,sz.000532,18.8800,19.0600,18.2000,18.6200,18.5100,16104859,299661344.0000,3,4.688686,1,0.594300,162.010692,27.929295,-53.345662,9.339760,0
2016-07-06,sz.000532,18.4900,18.9000,18.3200,18.4900,18.6200,12078996,224723617.0000,3,3.516617,1,-0.698200,160.879575,27.734300,-52.973216,9.274552,0
2016-07-07,sz.000532,18.3000,18.8000,17.9000,18.8000,18.4900,15097582,276757360.0000,3,4.395432,1,1.676600,163.576853,28.199289,-53.861356,9.430047,0
2016-07-08,sz.000532,18.6500,18.8500,18.2300,18.2500,18.8000,11873071,219929118.0000,3,3.456665,1,-2.925500,158.791360,27.374309,-52.285625,9.154168,0
2016-07-11,sz.000532,18.2700,18.5900,18.0300,18.1100,18.2500,10518553,192361510.0000,3,3.062317,1,-0.767100,157.573234,27.164315,-51.884529,9.083944,0
2016-07-12,sz.000532,18.1800,18.5700,18.0000,18.5500,18.1100,11374574,208747439.0000,3,3.311535,1,2.429600,161.401629,27.824298,-53.145114,9.304648,0
2016-07-13,sz.000532,18.7600,18.8200,18.2000,18.3000,18.5500,11470760,211455670.0000,3,3.339538,1,-1.347700,159.226405,27.449308,-52.428873,9.179248,0
2016-07-14,sz.000532,18.1000,18.2600,17.7700,18.1100,18.3000,11998835,215377490.0000,3,3.493279,1,-1.038200,157.573234,27.164315,-51.884529,9.083944,0
2016-07-15,sz.000532,18.0800,18.1100,17.6800,17.7100,18.1100,7761851,138146804.0000,3,2.259745,1,-2.208700,154.092876,26.564330,-50.738543,8.883305,0
2016-07-18,sz.000532,17.6200,17.9200,17.4400,17.7800,17.7100,6106043,107901631.0000,3,1.777682,1,0.395300,154.701939,26.669327,-50.939091,8.918417,0
2016-07-19,sz.000532,17.6900,17.8700,17.5200,17.8500,17.7800,5979866,106059653.0000,3,1.740947,1,0.393700,155.311001,26.774325,-51.139638,8.953529,0
2016-07-20,sz.000532,17.9000,18.3500,17.7000,18.2600,17.8500,11009409,199391907.0000,3,3.205223,1,2.296900,158.878369,27.389309,-52.314274,9.159184,0
2016-07-21,sz.000532,18.1400,18.3400,17.9500,17.9700,18.2600,8087537,146295890.0000,3,2.354564,1,-1.588200,156.355109,26.954320,-51.483434,9.013721,0
2016-07-22,sz.000532,17.9000,19.1000,17.6600,18.7000,17.9700,21225462,391639488.0000,3,6.179472,1,4.062300,162.706763,28.049292,-53.574859,9.379887,0
2016-07-25,sz.000532,18.5000,20.5000,18.3500,20.0400,18.7000,30475158,597040256.0000,3,8.872380,1,7.165800,174.365964,30.059242,-57.413913,10.052029,0
2016-07-26,sz.000532,19.7000,19.8000,19.1200,19.4200,20.0400,23561182,458199792.0000,3,6.859481,1,-3.093800,168.971409,29.129265,-55.637635,9.741038,0
2016-07-27,sz.000532,19.2800,19.4000,17.4800,17.4800,19.4200,23946423,439061296.0000,3,6.971638,1,-9.989700,152.091670,26.219339,-50.079601,8.767938,0
2016-07-28,sz.000532,17.0000,17.1900,16.1800,16.6800,17.4800,19289483,321876272.0000,3,5.615841,1,-4.576700,145.130952,25.019369,-47.787628,8.366659,0
2016-07-29,sz.000532,16.6900,16.7200,16.0100,16.1800,16.6800,9847326,160466047.0000,3,2.866900,1,-2.997600,140.780504,24.269388,-46.355146,8.115860,0
2016-08-01,sz.000532,16.3000,16.3000,15.5200,15.8000,16.1800,8216720,129702811.0000,3,2.392174,1,-2.348600,137.474164,23.699402,-45.266459,7.925252,0
2016-08-02,sz.000532,15.7700,16.0600,15.7700,16.0100,15.8000,7155285,114125148.0000,3,2.083153,1,1.329100,139.301352,24.014394,-45.868101,8.030588,0
2016-08-03,sz.000532,15.9600,16.4400,15.8800,16.3300,16.0100,11783256,190319780.0000,3,3.430516,1,1.998700,142.085639,24.494382,-46.784890,8.191100,0
2016-08-04,sz.000532,16.1800,16.5400,16.0200,16.2300,16.3300,9325862,151459571.0000,3,2.715083,1,-0.612400,141.215549,24.344386,-46.498394,8.140940,0
2016-08-05,sz.000532,16.2700,16.5500,16.1000,16.2500,16.2300,10329593,168602064.0000,3,3.007304,1,0.123200,141.389567,24.374385,-46.555693,8.150972,0
2016-08-08,sz.000532,16.1000,16.1000,15.6500,16.0500,16.2500,8564171,136030563.0000,3,2.493329,1,-1.230800,139.649388,24.074393,-45.982700,8.050652,0
2016-08-09,sz.000532,16.0300,16.8000,15.9300,16.6400,16.0500,14210895,234393888.0000,3,4.137287,1,3.676000,144.782917,24.959370,-47.673030,8.346595,0
2016-08-10,sz.000532,16.6400,16.6400,16.3200,16.3700,16.6400,8451907,138743995.0000,3,2.460645,1,-1.622600,142.433675,24.554381,-46.899489,8.211163,0
2016-08-11,sz.000532,16.2900,16.8500,15.9500,16.3100,16.3700,11863196,195049783.0000,3,3.453790,1,-0.366500,141.911621,24.464383,-46.727591,8.181068,0
2016-08-12,sz.000532,16.1200,16.3000,16.0000,16.2500,16.3100,7268758,117403488.0000,3,2.116189,1,-0.367900,141.389567,24.374385,-46.555693,8.150972,0
2016-08-15,sz.000532,16.2600,16.7700,16.1000,16.6200,16.2500,12166163,201027064.0000,3,3.541994,1,2.276900,144.608899,24.929371,-47.615731,8.336563,0
2016-08-16,sz.000532,16.6100,16.9600,16.6000,16.6400,16.6200,11716222,196111317.0000,3,3.411000,1,0.120300,144.782917,24.959370,-47.673030,8.346595,0
2016-08-17,sz.000532,16.6500,16.8800,16.5200,16.7200,16.6400,8069026,134817388.0000,3,2.349175,1,0.480800,145.478988,25.079367,-47.902227,8.386723,0
2016-08-18,sz.000532,16.7300,16.8200,16.5500,16.6800,16.7200,7917428,132289025.0000,3,2.305039,1,-0.239200,145.130952,25.019369,-47.787628,8.366659,0
2016-08-19,sz.000532,16.7000,17.1800,16.5500,17.0500,16.6800,12415957,210054120.0000,3,3.614718,1,2.218200,148.350284,25.574355,-48.847666,8.552250,0
2016-08-22,sz.000532,16.9300,16.9700,16.5100,16.5100,17.0500,7794548,130320459.0000,3,2.269265,1,-3.167100,143.651800,24.764375,-47.300584,8.281387,0
2016-08-23,sz.000532,16.3900,16.5800,16.3000,16.4400,16.5100,4625842,75927875.0000,3,1.346744,1,-0.424000,143.042737,24.659378,-47.100037,8.246275,0
2016-08-24,sz.000532,16.4400,16.6600,16.4100,16.5000,16.4400,4163589,68907153.0000,3,1.212166,1,0.365000,143.564791,24.749376,-47.271935,8.276371,0
2016-08-25,sz.000532,16.4400,16.4400,16.0300,16.2200,16.5000,4396497,71119887.0000,3,1.279973,1,-1.697000,141.128540,24.329386,-46.469744,8.135924,0
2016-08-26,sz.000532,16.2300,16.4800,16.2200,16.3000,16.2200,3623611,59273513.0000,3,1.054959,1,0.493200,141.824612,24.449383,-46.698941,8.176052,0
2016-08-29,sz.000532,16.2300,16.4500,16.2000,16.2900,16.3000,2865753,46782648.0000,3,0.834321,1,-0.061300,141.737603,24.434384,-46.670292,8.171036,0
2016-08-30,sz.000532,16.4000,16.8800,16.3700,16.6500,16.2900,9475798,158222013.0000,3,2.758735,1,2.209900,130.831105,22.614526,33.356678,8.273220,0
2016-08-31,sz.000532,16.7600,16.8000,16.5200,16.7100,16.6500,5388340,89763373.0000,3,1.568734,1,0.360400,131.302569,22.696019,33.476882,8.303034,0
2016-09-01,sz.000532,16.7600,16.9700,16.6000,16.7000,16.7100,8361344,140704085.0000,3,2.434279,1,-0.059800,131.223992,22.682437,33.456848,8.298065,0
2016-09-02,sz.000532,16.6800,16.9000,16.4000,16.7800,16.7000,5767592,96222332.0000,3,1.679147,1,0.479000,131.852609,22.791096,33.617120,8.337816,0
2016-09-05,sz.000532,16.8000,17.0900,16.7100,17.0000,16.7800,8431652,142653880.0000,3,2.454748,1,1.311080,133.581309,23.089906,34.057869,8.447132,0
2016-09-06,sz.000532,17.0100,17.0100,16.5500,16.9400,17.0000,8379999,140780038.0000,3,2.439710,1,-0.352938,133.109845,23.008412,33.937665,8.417318,0
2016-09-07,sz.000532,16.9000,17.0100,16.6600,16.7300,16.9400,8348261,140938299.0000,3,2.430470,1,-1.239675,131.459723,22.723184,33.516950,8.312971,0
2016-09-08,sz.000532,16.6800,16.8300,16.6300,16.8100,16.7300,4608399,77064268.0000,3,1.341666,1,0.478183,132.088341,22.831842,33.677222,8.352723,0
2016-09-09,sz.000532,16.7500,17.2000,16.7400,16.9600,16.8100,11422889,194243416.0000,3,3.325601,1,0.892324,133.267000,23.035577,33.977733,8.427256,0
2016-09-12,sz.000532,16.6500,16.6500,15.6300,15.6800,16.9600,11145899,179811240.0000,3,3.244960,1,-7.547163,123.209113,21.297043,31.413376,7.791237,0
2016-09-13,sz.000532,15.7800,16.3700,15.7800,16.3700,15.6800,8641101,138885659.0000,3,2.515726,1,4.400514,128.630943,22.234221,32.795725,8.134091,0
2016-09-14,sz.000532,16.1000,17.4500,16.1000,16.7400,16.3700,15925493,268564496.0000,3,4.636466,1,2.260226,131.538300,22.736766,33.536984,8.317940,0
2016-09-19,sz.000532,16.7700,17.1400,16.5000,16.9500,16.7400,11196273,188185736.0000,3,3.259625,1,1.254486,133.188423,23.021995,33.957699,8.422287,0
2016-09-20,sz.000532,16.8300,16.9800,16.5400,16.6100,16.9500,7165847,119647214.0000,3,2.086228,1,-2.005900,130.516796,22.560196,33.276542,8.253345,0
2016-09-21,sz.000532,16.6100,16.9700,16.6000,16.6600,16.6100,6262581,105314520.0000,3,1.823256,1,0.301019,130.909683,22.628108,33.376712,8.278189,0
2016-09-22,sz.000532,16.8000,16.9600,16.7200,16.9600,16.6600,8494477,143371602.0000,3,2.473038,1,1.800716,133.267000,23.035577,33.977733,8.427256,0
2016-09-23,sz.000532,16.9900,16.9900,16.6300,16.6500,16.9600,6561066,109723991.0000,3,1.910155,1,-1.827827,130.831105,22.614526,33.356678,8.273220,0
2016-09-26,sz.000532,16.4800,16.6000,15.9100,15.9100,16.6500,7488344,121231329.0000,3,2.180118,1,-4.444443,125.016390,21.609436,31.874159,7.905521,0
2016-09-27,sz.000532,15.8800,16.1200,15.8000,16.1000,15.9100,4335987,69322207.0000,3,1.262357,1,1.194221,126.509357,21.867499,32.254805,7.999931,0
2016-09-28,sz.000532,16.1700,16.1900,15.9400,15.9600,16.1000,2559793,41017738.0000,3,0.745245,1,-0.869567,125.409276,21.677347,31.974329,7.930366,0
2016-09-29,sz.000532,16.0000,16.1200,15.9500,16.1000,15.9600,3404579,54622635.0000,3,0.991192,1,0.877195,126.509357,21.867499,32.254805,7.999931,0
2016-09-30,sz.000532,16.0600,16.2500,16.0100,16.1900,16.1000,2632655,42439374.0000,3,0.766458,1,0.559007,127.216552,21.989740,32.435112,8.044651,0
2016-10-10,sz.000532,16.2000,16.6900,16.1900,16.5900,16.1900,5132790,84496708.0000,3,1.494334,1,2.470659,130.359642,22.533032,33.236473,8.243407,0
2016-10-11,sz.000532,16.6100,16.7500,16.5100,16.7200,16.5900,5718217,95022466.0000,3,1.664772,1,0.783600,131.381146,22.709602,33.496916,8.308002,0
2016-10-12,sz.000532,16.6500,18.3900,16.6100,18.3900,16.7200,37558764,675892144.0000,3,10.934665,1,9.988039,144.503545,24.977845,36.842601,9.137809,0
2016-10-13,sz.000532,18.4000,20.2000,18.2400,19.3600,18.3900,47974559,916167360.0000,3,13.967066,1,5.274612,152.125537,26.295328,38.785903,9.619792,0
2016-10-14,sz.000532,19.3800,20.4600,19.2000,19.4600,19.3600,34344719,680235232.0000,3,9.998944,1,0.516521,152.911310,26.431151,38.986243,9.669481,0
2016-10-17,sz.000532,19.2300,19.8000,19.1300,19.2000,19.4600,20884574,404889152.0000,3,6.080227,1,-1.336065,150.868302,26.078012,38.465358,9.540290,0
2016-10-18,sz.000532,19.1900,19.5500,18.8600,19.4800,19.2000,19386935,372383776.0000,3,5.644212,1,1.458327,153.068464,26.458316,39.026311,9.679419,0
2016-10-19,sz.000532,19.2800,19.9300,19.0100,19.7900,19.4800,23213344,453081504.0000,3,6.758213,1,1.591383,155.504359,26.879367,39.647366,9.833455,0
2016-10-20,sz.000532,19.6500,20.1000,19.2000,19.8200,19.7900,18041896,355834736.0000,3,5.252625,1,0.151586,155.740091,26.920114,39.707469,9.848362,0
2016-10-21,sz.000532,19.6900,20.9400,19.5000,20.2200,19.8200,21629290,439833664.0000,3,6.297040,1,2.018162,158.883180,27.463406,40.508830,10.047118,0
2016-10-24,sz.000532,20.2300,20.2300,19.6000,19.9600,20.2200,12721815,252453265.0000,3,3.703764,1,-1.285857,156.840172,27.110266,39.987945,9.917926,0
2016-10-25,sz.000532,19.8000,21.9100,19.5500,21.2000,19.9600,23101041,476888672.0000,3,6.725518,1,6.212433,166.583750,28.794471,42.472166,10.534070,0
2016-10-26,sz.000532,20.9200,21.4500,20.5300,20.9300,21.2000,13927853,291990944.0000,3,4.054883,1,-1.273587,164.462164,28.427749,41.931247,10.399910,0
2016-10-27,sz.000532,20.6000,21.2000,20.2000,20.9800,20.9300,10605635,219235150.0000,3,3.087670,1,0.238888,164.855050,28.495661,42.031417,10.424754,0
2016-10-28,sz.000532,20.7600,20.8200,19.5000,19.6800,20.9800,13506697,272273296.0000,3,3.932270,1,-6.196374,159.216313,24.190888,-81.505052,9.695001,0
2016-10-31,sz.000532,19.6800,21.6500,19.3100,21.6500,19.6800,17836446,367308128.0000,3,5.192811,1,10.010160,175.154125,26.612435,-89.663841,10.665487,0
2016-11-01,sz.000532,21.8900,22.3000,21.6000,21.6900,21.6500,21602969,473549936.0000,3,6.289377,1,0.184762,175.477736,26.661604,-89.829501,10.685192,0
2016-11-02,sz.000532,21.6900,22.5800,21.3400,21.8500,21.6900,16606377,365236528.0000,3,4.834695,1,0.737666,176.772177,26.858278,-90.492144,10.764013,0
2016-11-03,sz.000532,21.5800,22.1000,21.2700,21.4600,21.8500,14362126,310315584.0000,3,4.181315,1,-1.784903,173.616976,26.378885,-88.876952,10.571887,0
2016-11-04,sz.000532,21.3000,22.7600,21.2500,22.3800,21.4600,18175173,402438048.0000,3,5.291426,1,4.287046,181.060015,27.509760,-92.687148,11.025108,0
2016-11-07,sz.000532,22.1600,24.2600,21.6600,23.4400,22.3800,19522827,447566496.0000,3,5.683775,1,4.736378,189.635690,28.812724,-97.077156,11.547298,0
2016-11-08,sz.000532,23.1600,23.7500,22.9000,23.3000,23.4400,12129624,281938208.0000,3,3.531356,1,-0.597275,188.503054,28.640635,-96.497343,11.478330,0
2016-11-09,sz.000532,23.2900,23.2900,21.3000,22.4600,23.3000,24546269,546711184.0000,3,7.146274,1,-3.605151,181.707236,27.608097,-93.018469,11.064519,0
2016-11-10,sz.000532,22.4600,23.3800,22.1500,22.4700,22.4600,15222747,346717616.0000,3,4.431872,1,0.044525,181.788138,27.620389,-93.059884,11.069445,0
2016-11-11,sz.000532,22.4700,22.7300,21.6500,22.2200,22.4700,12285912,272246784.0000,3,3.576857,1,-1.112595,179.765573,27.313086,-92.024505,10.946287,0
2016-11-14,sz.000532,22.2200,23.2000,22.1200,22.4100,22.2200,10648569,242025241.0000,3,3.100169,1,0.855088,181.302723,27.546636,-92.811393,11.039887,0
2016-11-15,sz.000532,22.2600,23.2400,22.1600,22.8800,22.4100,9977677,226886388.0000,3,2.904849,1,2.097275,185.105145,28.124366,-94.757906,11.271424,0
2016-11-16,sz.000532,23.0000,23.3000,22.6000,22.7000,22.8800,6591137,150706379.0000,3,1.918910,1,-0.786706,183.648898,27.903108,-94.012433,11.182751,0
2016-11-17,sz.000532,22.5200,22.7300,22.0000,22.1300,22.7000,7134417,159367253.0000,3,2.077077,1,-2.511020,179.037450,27.202457,-91.651769,10.901950,0
2016-11-18,sz.000532,22.1300,22.5700,21.2500,22.0000,22.1300,6002745,132714467.0000,3,1.747608,1,-0.587434,177.985716,27.042659,-91.113371,10.837908,0
2016-11-21,sz.000532,21.9500,24.0000,21.9500,23.8700,22.0000,16270204,378546736.0000,3,4.736823,1,8.500004,193.114502,29.341285,-98.858008,11.759130,0
2016-11-22,sz.000532,23.8000,24.1000,23.5200,23.7800,23.8700,9159951,217436221.0000,3,2.666781,1,-0.377043,192.386379,29.230656,-98.485272,11.714793,0
2016-11-23,sz.000532,23.7900,25.4000,23.7000,24.5000,23.7800,13461407,330444800.0000,3,3.919085,1,3.027751,198.211366,30.115689,-101.467164,12.069488,0
2016-11-24,sz.000532,24.5800,24.6100,23.7900,23.9600,24.5000,6744648,162726838.0000,3,1.963602,1,-2.204085,193.842625,29.451914,-99.230745,11.803467,0
2016-11-25,sz.000532,23.9000,25.2700,23.7500,24.4000,23.9600,9723850,239851205.0000,3,2.830952,1,1.836396,197.402340,29.992768,-101.053012,12.020225,0
2016-11-28,sz.000532,24.4200,25.1900,24.0000,24.2300,24.4000,6924552,170383978.0000,3,2.015978,1,-0.696722,196.026996,29.783802,-100.348954,11.936478,0
2016-11-29,sz.000532,24.2200,24.9900,23.3300,23.5000,24.2300,8043680,192092949.0000,3,2.341796,1,-3.012792,190.121106,28.886477,-97.325647,11.576856,0
2016-11-30,sz.000532,23.5700,24.0900,23.0300,23.7000,23.5000,5746462,135972685.0000,3,1.672995,1,0.851067,191.739158,29.132319,-98.153950,11.675383,0
2016-12-01,sz.000532,23.5900,24.5900,23.5200,24.0900,23.7000,6395032,154109854.0000,3,1.861817,1,1.645567,194.894359,29.611712,-99.769142,11.867509,0
2016-12-02,sz.000532,24.2000,24.3800,23.8000,23.9500,24.0900,5022046,120492572.0000,3,1.462093,1,-0.581152,193.761723,29.439622,-99.189329,11.798541,0
2016-12-05,sz.000532,23.6500,24.1200,23.3200,23.7100,23.9500,3930289,93216180.0000,3,1.144244,1,-1.002095,191.820061,29.144611,-98.195365,11.680309,0
2016-12-06,sz.000532,23.6800,24.0800,23.4500,23.7200,23.7100,3758431,89194751.0000,3,1.094210,1,0.042177,191.900963,29.156904,-98.236781,11.685235,0
2016-12-07,sz.000532,23.5700,23.6800,23.0300,23.6000,23.7200,4487349,104679597.0000,3,1.306424,1,-0.505898,190.930132,29.009398,-97.739798,11.626120,0
2016-12-08,sz.000532,23.6500,23.9500,22.8000,22.8300,23.6000,5624501,131321727.0000,3,1.637488,1,-3.262714,184.700632,28.062905,-94.550830,11.246793,0
2016-12-09,sz.000532,22.9000,23.1000,20.7800,21.6100,22.8300,13536633,292118032.0000,3,3.940986,1,-5.343843,174.830515,26.563267,-89.498180,10.645781,0
2016-12-12,sz.000532,21.5000,22.0700,20.5600,20.8900,21.6100,9836293,211636493.0000,3,2.863688,1,-3.331796,169.005528,25.678234,-86.516288,10.291086,0
2016-12-13,sz.000532,20.9000,20.9900,20.0500,20.7700,20.8900,8160748,168097041.0000,3,2.375878,1,-0.574432,168.034697,25.530729,-86.019306,10.231970,0
2016-12-14,sz.000532,20.7600,21.0200,20.3200,20.8100,20.7700,5627387,116597694.0000,3,1.638328,1,0.192581,168.358307,25.579897,-86.184966,10.251676,0
2016-12-15,sz.000532,20.6800,21.9500,20.5000,21.7100,20.8100,8979318,191523017.0000,3,2.614192,1,4.324842,175.639541,26.686188,-89.912332,10.695045,0
2016-12-16,sz.000532,21.6500,22.6000,21.5300,21.7500,21.7100,6423313,142355169.0000,3,1.870050,1,0.184251,175.963151,26.735356,-90.077992,10.714750,0
2016-12-19,sz.000532,21.4600,22.1500,21.3800,21.5600,21.7500,3439403,74502640.0000,3,1.001330,1,-0.873566,174.426002,26.501806,-89.291104,10.621150,0
2016-12-20,sz.000532,21.4600,22.0700,21.4600,21.8000,21.5600,3935528,85800146.0000,3,1.145769,1,1.113171,176.367664,26.796817,-90.285068,10.739382,0
2016-12-21,sz.000532,21.8700,22.3700,21.8200,21.9000,21.8000,4025508,88961979.0000,3,1.171966,1,0.458717,177.176690,26.919738,-90.699220,10.788645,0
2016-12-22,sz.000532,22.0800,22.0800,21.3000,21.5000,21.9000,3630640,78181955.0000,3,1.057006,1,-1.826482,173.940586,26.428053,-89.042613,10.591592,0
2016-12-23,sz.000532,21.5000,21.5300,19.8000,20.1300,21.5000,8314232,170033137.0000,3,2.420563,1,-6.372097,162.856930,24.744033,-83.368735,9.916686,0
2016-12-26,sz.000532,19.8000,19.8000,18.4100,18.9900,20.1300,12404228,234244860.0000,3,3.611303,1,-5.663186,153.634034,23.342732,-78.647406,9.355085,0
2016-12-27,sz.000532,19.0200,19.2200,18.5800,18.8500,18.9900,8754460,164749146.0000,3,2.548728,1,-0.737227,152.501398,23.170642,-78.067593,9.286117,0
2016-12-28,sz.000532,18.8600,19.2000,18.6500,18.8100,18.8500,8481624,160443226.0000,3,2.469296,1,-0.212206,152.177787,23.121474,-77.901933,9.266411,0
2016-12-29,sz.000532,18.8100,18.9100,18.4000,18.4100,18.8100,6119483,114345677.0000,3,1.781595,1,-2.126526,148.941683,22.629789,-76.245326,9.069358,0
2016-12-30,sz.000532,18.4800,18.8500,18.3000,18.6800,18.4100,5549313,103029742.0000,3,1.615598,1,1.466597,151.126054,22.961676,-77.363535,9.202369,0
2017-01-03,sz.000532,18.7100,19.0600,18.6800,18.8200,18.6800,4062943,76546582.0000,3,1.182864,1,0.749461,152.258690,23.133766,-77.943348,9.271338,0
2017-01-04,sz.000532,18.8200,18.8900,18.4100,18.8900,18.8200,6186054,115488679.0000,3,1.800976,1,0.371943,152.825008,23.219811,-78.233254,9.305822,0
2017-01-05,sz.000532,18.9500,19.0800,18.7100,18.7400,18.8900,6233721,117699511.0000,3,1.814853,1,-0.794069,151.611469,23.035429,-77.612026,9.231927,0
2017-01-06,sz.000532,18.7400,18.8100,18.2100,18.4000,18.7400,5915783,109084387.0000,3,1.722291,1,-1.814302,148.860781,22.617497,-76.203911,9.064432,0
2017-01-09,sz.000532,18.4000,18.6300,18.0700,18.6000,18.4000,4427458,81518127.0000,3,1.288987,1,1.086961,150.478833,22.863339,-77.032214,9.162959,0
2017-01-10,sz.000532,18.4900,19.1900,18.4000,18.8400,18.6000,8026463,151691233.0000,3,2.336783,1,1.290321,152.420495,23.158350,-78.026178,9.281190,0
2017-01-11,sz.000532,18.7000,18.8700,18.3900,18.5000,18.8400,4663202,86681975.0000,3,1.357621,1,-1.804672,149.669807,22.740418,-76.618062,9.113695,0
2017-01-12,sz.000532,18.4900,18.7000,18.1900,18.6000,18.5000,4503174,83211557.0000,3,1.311031,1,0.540543,150.478833,22.863339,-77.032214,9.162959,0
2017-01-13,sz.000532,18.6100,18.6100,17.7700,17.8900,18.6000,4441850,80758114.0000,3,1.293177,1,-3.817210,144.734748,21.990599,-74.091737,8.813190,0
2017-01-16,sz.000532,17.8800,17.8800,16.1100,16.5500,17.8900,9377491,157290899.0000,3,2.730114,1,-7.490219,133.893800,20.343455,-68.542104,8.153063,0
2017-01-17,sz.000532,16.5800,17.1200,16.3000,17.0400,16.5500,3949491,66154382.0000,3,1.149834,1,2.960735,137.858027,20.945769,-70.571448,8.394452,0
2017-01-18,sz.000532,17.1000,17.1000,16.8000,16.8300,17.0400,2209300,37393055.0000,3,0.643204,1,-1.232400,136.159073,20.687634,-69.701729,8.291000,0
2017-01-19,sz.000532,16.8500,17.6900,16.7000,17.1500,16.8300,4163087,71859879.0000,3,1.212020,1,1.901365,138.747956,21.080982,-71.027015,8.448642,0
2017-01-20,sz.000532,17.0000,17.4600,16.9100,17.3500,17.1500,3036194,52622404.0000,3,0.883942,1,1.166185,140.366008,21.326824,-71.855318,8.547168,0
2017-01-23,sz.000532,17.4400,17.6300,17.3800,17.4300,17.3500,2483929,43437723.0000,3,0.723158,1,0.461095,141.013229,21.425161,-72.186639,8.586579,0
2017-01-24,sz.000532,17.4100,17.5500,17.3600,17.3800,17.4300,1622450,28302860.0000,3,0.472352,1,-0.286868,140.608716,21.363701,-71.979563,8.561947,0
2017-01-25,sz.000532,17.7500,17.8800,17.5600,17.5900,17.3800,3027310,53565295.0000,3,0.881355,1,1.208291,142.307670,21.621835,-72.849282,8.665400,0
2017-01-26,sz.000532,17.6800,17.7000,17.5000,17.5700,17.5900,2092891,36825415.0000,3,0.609313,1,-0.113704,142.145865,21.597251,-72.766452,8.655547,0
2017-02-03,sz.000532,17.6600,17.7000,17.3600,17.6000,17.5700,1324777,23182550.0000,3,0.385689,1,0.170749,142.388573,21.634127,-72.890697,8.670326,0
2017-02-06,sz.000532,17.6800,17.9400,17.5300,17.8300,17.6000,2483738,44145456.0000,3,0.723103,1,1.306816,144.249333,21.916846,-73.843246,8.783632,0
2017-02-07,sz.000532,17.8700,18.0500,17.6300,17.7000,17.8300,3143471,56024229.0000,3,0.915174,1,-0.729104,143.197599,21.757049,-73.304849,8.719590,0
2017-02-08,sz.000532,17.7900,17.8000,17.3600,17.7300,17.7000,2784647,49116133.0000,3,0.810708,1,0.169485,143.440307,21.793925,-73.429094,8.734369,0
2017-02-09,sz.000532,17.8000,18.1200,17.5500,17.9400,17.7300,4142564,74038761.0000,3,1.206045,1,1.184439,145.139261,22.052059,-74.298813,8.837821,0
2017-02-10,sz.000532,17.8800,17.9200,17.6500,17.7500,17.9400,3566452,63412493.0000,3,1.038318,1,-1.059089,143.602112,21.818509,-73.511925,8.744221,0
2017-02-13,sz.000532,17.8300,17.8300,17.5000,17.5900,17.7500,4981871,87783695.0000,3,1.450396,1,-0.901408,142.307670,21.621835,-72.849282,8.665400,0
2017-02-14,sz.000532,17.7400,17.7900,17.4400,17.6600,17.5900,3479545,61258683.0000,3,1.013017,1,0.397952,142.873989,21.707880,-73.139188,8.699884,0
2017-02-15,sz.000532,17.6100,17.6700,17.3000,17.3400,17.6600,3532001,61767103.0000,3,1.028289,1,-1.812003,140.285105,21.314532,-71.813903,8.542242,0
2017-02-16,sz.000532,17.2700,17.5500,17.2700,17.4600,17.3400,2790169,48706076.0000,3,0.812315,1,0.692035,141.255937,21.462038,-72.310885,8.601358,0
2017-02-17,sz.000532,17.5400,17.5400,16.8300,16.9100,17.4600,6053270,103817687.0000,3,1.762318,1,-3.150053,136.806294,20.785971,-70.033051,8.330410,0
2017-02-20,sz.000532,16.9600,17.1900,16.8800,17.1500,16.9100,3232800,55043059.0000,3,0.941181,1,1.419277,138.747956,21.080982,-71.027015,8.448642,0
2017-02-21,sz.000532,17.1600,17.3500,17.0600,17.2500,17.1500,3523770,60719820.0000,3,1.025892,1,0.583093,139.556982,21.203903,-71.441166,8.497905,0
2017-02-22,sz.000532,17.2900,17.3800,17.1000,17.3700,17.2500,3860586,66559457.0000,3,1.123951,1,0.695657,140.527813,21.351409,-71.938148,8.557021,0
2017-02-23,sz.000532,17.3700,18.6100,17.3000,18.3900,17.3700,15512304,280140752.0000,3,4.516172,1,5.872185,148.779878,22.605205,-76.162496,9.059506,0
2017-02-24,sz.000532,18.3700,18.4600,18.0000,18.3000,18.3900,7326228,133336714.0000,3,2.132920,1,-0.489397,148.051755,22.494576,-75.789759,9.015169,0
2017-02-27,sz.000532,18.2900,18.7800,18.1200,18.3000,18.3000,6820224,125758834.0000,3,1.985605,1,0.000000,148.051755,22.494576,-75.789759,9.015169,0
2017-02-28,sz.000532,18.2700,18.4700,18.1300,18.3500,18.3000,5098570,93291287.0000,3,1.484371,1,0.273230,148.456268,22.556036,-75.996835,9.039801,0
2017-03-01,sz.000532,18.4300,18.6700,18.2000,18.4900,18.3500,7159967,132007499.0000,3,2.084516,1,0.762939,149.588904,22.728126,-76.576647,9.108769,0
2017-03-02,sz.000532,18.4000,18.4800,18.1400,18.1500,18.4900,5578084,101939921.0000,3,1.623975,1,-1.838833,146.838216,22.310194,-75.168531,8.941274,0
2017-03-03,sz.000532,18.1300,18.4000,17.9100,18.3800,18.1500,5868084,106824632.0000,3,1.708404,1,1.267215,148.698976,22.592913,-76.121080,9.054580,0
2017-03-06,sz.000532,18.3800,18.7500,18.3000,18.4800,18.3800,5322776,98689526.0000,3,1.549646,1,0.544072,149.508002,22.715834,-76.535232,9.103843,0
2017-03-07,sz.000532,18.3800,19.1000,18.3800,19.0900,18.4800,10480321,197318612.0000,3,3.051187,1,3.300869,154.443060,23.465653,-79.061557,9.404348,0
2017-03-08,sz.000532,19.0000,19.0600,18.5800,18.7000,19.0900,6707720,125971001.0000,3,1.952851,1,-2.042951,151.287859,22.986260,-77.446366,9.212222,0
2017-03-09,sz.000532,18.6300,18.6300,18.1500,18.2300,18.7000,5545198,101404254.0000,3,1.614400,1,-2.513375,147.485437,22.408531,-75.499853,8.980685,0
2017-03-10,sz.000532,18.1600,18.3800,18.1600,18.2200,18.2300,3551304,64825210.0000,3,1.033908,1,-0.054856,147.404534,22.396239,-75.458438,8.975758,0
2017-03-13,sz.000532,18.2100,18.3000,17.8100,18.2900,18.2200,4005409,72338855.0000,3,1.166114,1,0.384202,147.970852,22.482284,-75.748344,9.010243,0
2017-03-14,sz.000532,18.2800,18.2800,18.0500,18.1700,18.2900,2973052,53947107.0000,3,0.865559,1,-0.656101,147.000021,22.334778,-75.251362,8.951127,0
2017-03-15,sz.000532,18.1000,18.2800,18.0100,18.1500,18.1700,3225080,58536309.0000,3,0.938933,1,-0.110074,146.838216,22.310194,-75.168531,8.941274,0
2017-03-16,sz.000532,18.1400,18.3800,18.1400,18.3300,18.1500,6797021,124127597.0000,3,1.978850,1,0.991737,148.294463,22.531452,-75.914005,9.029948,0
2017-03-17,sz.000532,18.3800,18.3800,17.9500,18.0300,18.3300,5453756,99229523.0000,3,1.587778,1,-1.636657,145.867385,22.162689,-74.671549,8.882158,0
2017-03-20,sz.000532,18.0100,18.1200,17.6800,17.9300,18.0300,3545822,63435722.0000,3,1.032312,1,-0.554633,145.058359,22.039767,-74.257398,8.832895,0
2017-03-21,sz.000532,17.9000,17.9300,17.6500,17.7500,17.9300,3743504,66470169.0000,3,1.089864,1,-1.003906,143.602112,21.818509,-73.511925,8.744221,0
2017-03-22,sz.000532,17.6800,17.6800,17.2200,17.4100,17.7500,4581529,79782659.0000,3,1.333843,1,-1.915494,140.851424,21.400577,-72.103809,8.576726,0
2017-03-23,sz.000532,17.4900,17.5800,17.0300,17.3500,17.4100,3543699,61365830.0000,3,1.031694,1,-0.344627,140.366008,21.326824,-71.855318,8.547168,0
2017-03-24,sz.000532,17.3100,17.8400,17.2100,17.7000,17.3500,4775739,83939994.0000,3,1.390384,1,2.017293,143.197599,21.757049,-73.304849,8.719590,0
2017-03-27,sz.000532,17.6500,17.7700,17.4400,17.4700,17.7000,2867822,50323612.0000,3,0.834923,1,-1.299443,141.336839,21.474330,-72.352300,8.606284,0
2017-03-28,sz.000532,17.4700,18.3600,17.4100,18.0500,17.4700,6572967,118197669.0000,3,1.913620,1,3.319977,146.029190,22.187273,-74.754380,8.892011,0
2017-03-29,sz.000532,17.9400,18.2900,17.8000,18.1300,18.0500,7021802,127107597.0000,3,2.044291,1,0.443213,146.676411,22.285610,-75.085701,8.931421,0
2017-03-30,sz.000532,18.1300,18.1300,17.2300,17.3100,18.1300,6425786,112634110.0000,3,1.870770,1,-4.522889,140.042398,21.277656,-71.689657,8.527463,0
2017-03-31,sz.000532,17.3800,17.5000,17.1300,17.2400,17.3100,3391118,58645942.0000,3,0.987273,1,-0.404389,139.476079,21.191611,-71.399751,8.492979,0
2017-04-05,sz.000532,16.8300,17.4400,16.8300,17.4400,17.2400,3245972,56181065.0000,3,0.945016,1,1.160097,141.094131,21.437454,-72.228054,8.591505,0
2017-04-06,sz.000532,17.4800,17.7500,17.3300,17.6500,17.4400,3254810,56746995.0000,3,0.947589,1,1.204123,142.793086,21.695588,-73.097773,8.694958,0
2017-04-07,sz.000532,17.6600,17.8500,17.5000,17.7400,17.6500,3568895,63117769.0000,3,1.039030,1,0.509916,143.521209,21.806217,-73.470510,8.739295,0
2017-04-10,sz.000532,17.7300,17.7300,17.1500,17.1600,17.7400,3449086,59785765.0000,3,1.004149,1,-3.269447,138.828859,21.093274,-71.068430,8.453568,0
2017-04-11,sz.000532,17.1000,18.1800,16.6500,18.0100,17.1600,10496941,182723161.0000,3,3.056025,1,4.953382,145.705579,22.138104,-74.588719,8.872306,0
2017-04-12,sz.000532,18.3500,19.8000,18.2600,18.7500,18.0100,25484194,479097856.0000,3,7.419337,1,4.108827,151.692372,23.047721,-77.653442,9.236853,0
2017-04-13,sz.000532,18.6500,19.5000,18.0000,19.2000,18.7500,20618362,388257216.0000,3,6.002724,1,2.400004,162.028248,21.347428,219.478086,9.258973,0
2017-04-14,sz.000532,19.0000,19.0800,18.3700,18.3700,19.2000,11953082,222882077.0000,3,3.479959,1,-4.322916,155.023902,20.424596,209.990231,8.858715,0
2017-04-17,sz.000532,18.3100,18.8000,18.1200,18.7400,18.3700,9923069,184550018.0000,3,2.888951,1,2.014148,158.146321,20.835979,214.219757,9.037143,0
2017-04-18,sz.000532,18.6300,18.6500,16.9800,17.0900,18.7400,10812052,195023256.0000,3,3.147765,1,-8.804694,144.222018,19.001435,195.358359,8.241450,0
2017-04-19,sz.000532,16.8000,16.9000,15.3800,16.0500,17.0900,12613017,202701624.0000,3,3.672089,1,-6.085435,135.445488,17.845116,183.469963,7.739923,0
2017-04-20,sz.000532,15.9800,16.5700,15.9500,16.1000,16.0500,6005371,97564955.0000,3,1.748373,1,0.311534,135.867437,17.900708,184.041520,7.764034,0
2017-04-21,sz.000532,16.1900,16.4600,16.0500,16.0900,16.1000,3356506,54458137.0000,3,0.977196,1,-0.062113,135.783047,17.889589,183.927209,7.759212,0
2017-04-24,sz.000532,16.0200,16.1400,15.4300,15.5000,16.0900,4505419,70481068.0000,3,1.311684,1,-3.666875,130.804054,17.233601,177.182830,7.474692,0
2017-04-25,sz.000532,15.5700,15.7800,15.4500,15.5100,15.5000,2869791,44891333.0000,3,0.835496,1,0.064518,130.888444,17.244719,177.297141,7.479514,0
2017-04-26,sz.000532,15.5700,15.7100,15.3200,15.5800,15.5100,2800386,43605757.0000,3,0.815290,1,0.451320,131.479172,17.322548,178.097322,7.513271,0
2017-04-27,sz.000532,15.5400,15.5500,15.0200,15.5000,15.5800,4537917,69424187.0000,3,1.321146,1,-0.513478,130.804054,17.233601,177.182830,7.474692,0
2017-04-28,sz.000532,15.5100,15.9700,15.4000,15.8100,15.5000,3557395,55933042.0000,3,1.035682,1,2.000003,133.420135,17.578273,180.726487,7.624185,0
2017-05-02,sz.000532,15.7000,15.9400,15.6100,15.8600,15.8100,2432407,38376196.0000,3,0.708158,1,0.316251,143.449120,16.059161,380.560535,7.610228,0
2017-05-03,sz.000532,15.8600,16.0800,15.7000,15.8300,15.8600,2315981,36748784.0000,3,0.674263,1,-0.189153,143.177779,16.028784,379.840685,7.595833,0
2017-05-04,sz.000532,15.9700,15.9700,15.6200,15.6600,15.8300,2588741,40978342.0000,3,0.753673,1,-1.073911,141.640178,15.856650,375.761537,7.514261,0
2017-05-05,sz.000532,15.4200,15.8300,15.4000,15.4500,15.6600,2807480,43682800.0000,3,0.817355,1,-1.340996,139.740788,15.644013,370.722589,7.413495,0
2017-05-08,sz.000532,15.3500,15.5400,15.0400,15.1500,15.4500,2466152,37708501.0000,3,0.717983,1,-1.941749,137.027375,15.340245,363.524092,7.269543,0
2017-05-09,sz.000532,15.2000,15.2000,14.6200,14.9800,15.1500,3576004,53428998.0000,3,1.041099,1,-1.122113,135.489774,15.168111,359.444944,7.187971,0
2017-05-10,sz.000532,15.0100,15.1500,14.0900,14.0900,14.9800,4798218,70180141.0000,3,1.396928,1,-5.941251,127.439981,14.266934,338.089403,6.760915,0
2017-05-11,sz.000532,14.0400,14.2100,13.3800,13.8700,14.0900,4169917,57670272.0000,3,1.214008,1,-1.561393,125.450145,14.044172,332.810506,6.655351,0
2017-05-12,sz.000532,13.8700,14.5800,13.7800,14.3100,13.8700,4405261,62692812.0000,3,1.282525,1,3.172318,129.429817,14.489697,343.368301,6.866479,0
2017-05-15,sz.000532,14.4100,14.5200,14.1700,14.2100,14.3100,2606965,37250454.0000,3,0.758978,1,-0.698815,128.525346,14.388441,340.968802,6.818496,0
2017-05-16,sz.000532,14.2600,14.4700,13.9100,14.4700,14.2100,2960870,42028338.0000,3,0.862012,1,1.829699,130.876971,14.651706,347.207500,6.943254,0
2017-05-17,sz.000532,14.4400,14.7400,14.2000,14.4700,14.4700,2570404,37361297.0000,3,0.748334,1,0.000000,130.876971,14.651706,347.207500,6.943254,0
2017-05-18,sz.000532,14.3500,14.4500,14.0000,14.0300,14.4700,2982500,42270270.0000,3,0.868310,1,-3.040778,126.897298,14.206181,336.649704,6.732125,0
2017-05-19,sz.000532,14.1000,14.3400,14.0100,14.3000,14.0300,1979720,28019785.0000,3,0.576365,1,1.924451,129.339370,14.479572,343.128351,6.861681,0
2017-05-22,sz.000532,14.4000,14.4500,13.8100,13.8600,14.3000,2782950,39371291.0000,3,0.810214,1,-3.076927,125.359697,14.034046,332.570556,6.650552,0
2017-05-23,sz.000532,13.8600,13.9900,13.3000,13.3600,13.8600,2766801,37721894.0000,3,0.805512,1,-3.607504,120.837342,13.527768,320.573061,6.410634,0
2017-05-24,sz.000532,13.3000,13.9500,13.0600,13.9400,13.3600,2828475,38200193.0000,3,0.823468,1,4.341317,126.083274,14.115051,334.490155,6.688939,0
2017-05-25,sz.000532,13.8300,13.9800,13.5300,13.8400,13.9400,2691764,37070453.0000,3,0.783666,1,-0.717356,125.178803,14.013795,332.090656,6.640956,0
2017-05-26,sz.000532,13.8500,13.9900,13.5900,13.6200,13.8400,2116101,29091557.0000,3,0.616071,1,-1.589597,123.188967,13.791032,326.811758,6.535391,0
2017-05-31,sz.000532,13.6900,13.9900,13.6800,13.8400,13.6200,2436852,33754920.0000,3,0.709453,1,1.615274,125.178803,14.013795,332.090656,6.640956,0
2017-06-01,sz.000532,13.9000,13.9000,13.0000,13.2000,13.8400,2510901,33900652.0000,3,0.731011,1,-4.624280,119.390188,13.365758,316.733863,6.333859,0
2017-06-02,sz.000532,13.2000,13.5000,12.6800,13.4700,13.2000,2566728,33721815.0000,3,0.747264,1,2.045458,121.832260,13.639149,323.212510,6.463416,0
2017-06-05,sz.000532,13.5900,13.7100,13.3900,13.4600,13.4700,2875836,38932596.0000,3,0.837256,1,-0.074241,121.741813,13.629023,322.972560,6.458617,0
2017-06-06,sz.000532,13.3500,13.6600,13.3500,13.6100,13.4600,2087988,28339736.0000,3,0.607886,1,1.114410,123.098520,13.780907,326.571808,6.530593,0
2017-06-07,sz.000532,13.6100,13.9500,13.6000,13.8800,13.6100,2811267,38775644.0000,3,0.818458,1,1.983839,125.540592,14.054297,333.050456,6.660149,0
2017-06-08,sz.000532,13.8500,15.2700,13.8000,14.7000,13.8800,10753439,158720254.0000,3,3.130701,1,5.907779,132.957255,14.884594,352.726347,7.053616,0
2017-06-09,sz.000532,14.6400,14.8100,14.2300,14.4200,14.7000,5773540,83830545.0000,3,1.680879,1,-1.904760,130.424736,14.601078,346.007750,6.919262,0
2017-06-12,sz.000532,14.1500,14.7700,14.1000,14.1000,14.4200,4482011,64746066.0000,3,1.304870,1,-2.219138,127.530428,14.277060,338.329353,6.765714,0
2017-06-13,sz.000532,14.1000,14.6000,14.0900,14.5300,14.1000,3170826,45606181.0000,3,0.923138,1,3.049641,131.419654,14.712460,348.647199,6.972044,0
2017-06-14,sz.000532,14.5300,14.6000,14.2800,14.4300,14.5300,2498527,36002033.0000,3,0.727408,1,-0.688227,130.515183,14.611204,346.247700,6.924060,0
2017-06-15,sz.000532,14.4200,14.7300,14.3200,14.6000,14.4300,3598042,52533662.0000,3,1.047515,1,1.178102,132.052784,14.783339,350.326848,7.005632,0
2017-06-16,sz.000532,14.5700,14.8500,14.5200,14.5600,14.6000,3120011,45804430.0000,3,0.908344,1,-0.273972,131.690995,14.742836,349.367049,6.986439,0
2017-06-19,sz.000532,14.6300,15.2500,14.6300,14.8200,14.5600,3105705,46337169.0000,3,0.904179,1,1.785709,134.042620,15.006101,355.605746,7.111197,0
2017-06-20,sz.000532,14.7700,14.9600,14.5500,14.6100,14.8200,3187402,46714060.0000,3,0.927964,1,-1.417004,132.143231,14.793464,350.566798,7.010431,0
2017-06-21,sz.000532,14.5500,14.6100,14.3300,14.5000,14.6100,2833912,40943516.0000,3,0.825051,1,-0.752907,131.148313,14.682083,347.927349,6.957649,0
2017-06-22,sz.000532,14.4000,14.5800,14.2500,14.2500,14.5000,2342509,33829045.0000,3,0.681986,1,-1.724138,128.887135,14.428944,341.928602,6.837689,0
2017-06-23,sz.000532,14.2000,14.6500,14.2000,14.4700,14.2500,2566807,36982935.0000,3,0.747287,1,1.543862,130.876971,14.651706,347.207500,6.943254,0
2017-06-26,sz.000532,14.4500,14.8200,14.3200,14.7800,14.4700,4432177,64963922.0000,3,1.290361,1,2.142360,133.680832,14.965599,354.645946,7.092003,0
2017-06-27,sz.000532,14.8200,15.0700,14.5500,14.6900,14.7800,4093258,60596034.0000,3,1.191690,1,-0.608932,132.866808,14.874469,352.486397,7.048818,0
2017-06-28,sz.000532,14.6000,14.7900,14.4700,14.5200,14.6900,2207960,32244450.0000,3,0.642814,1,-1.157244,131.329207,14.702334,348.407249,6.967245,0
2017-06-29,sz.000532,14.6200,14.6500,14.3800,14.4500,14.5200,2397401,34762055.0000,3,0.697967,1,-0.482098,130.696077,14.631455,346.727600,6.933657,0
2017-06-30,sz.000532,14.4000,14.5400,14.3100,14.4300,14.4500,2113608,30480269.0000,3,0.615345,1,-0.138405,130.515183,14.611204,346.247700,6.924060,0
2017-07-03,sz.000532,14.4300,14.4800,14.2300,14.3300,14.3700,2436760,34896468.0000,3,0.709426,1,-0.278357,129.610712,14.509948,343.848201,6.876076,0
2017-07-04,sz.000532,14.3300,14.3700,14.1300,14.1700,14.3300,2498155,35513304.0000,3,0.727300,1,-1.116538,128.163558,14.347939,340.009003,6.799302,0
2017-07-05,sz.000532,14.1700,14.3700,14.1300,14.3100,14.1700,2493673,35582687.0000,3,0.725995,1,0.988005,129.429817,14.489697,343.368301,6.866479,0
2017-07-06,sz.000532,14.3400,14.6600,14.2900,14.5100,14.3100,4225821,61053475.0000,3,1.230284,1,1.397623,131.238760,14.692209,348.167299,6.962447,0
2017-07-07,sz.000532,14.5100,14.7200,14.3500,14.5000,14.5100,3262402,47380710.0000,3,0.949799,1,-0.068920,131.148313,14.682083,347.927349,6.957649,0
2017-07-10,sz.000532,14.4800,14.6400,14.2000,14.2600,14.5000,3626301,52052910.0000,3,1.055743,1,-1.655171,128.977582,14.439069,342.168552,6.842488,0
2017-07-11,sz.000532,14.3500,14.4600,14.1700,14.1800,14.2600,3222702,46186722.0000,3,0.938241,1,-0.561009,128.254005,14.358065,340.248953,6.804101,0
2017-07-12,sz.000532,14.1000,14.1100,13.2400,13.5100,14.1800,6587751,89706939.0000,3,1.917924,1,-4.724965,122.194049,13.679651,324.172309,6.482609,0
2017-07-13,sz.000532,13.5200,13.5900,13.2800,13.3800,13.5100,2694338,36198416.0000,3,0.784416,1,-0.962251,121.018236,13.548019,321.052961,6.420230,0
2017-07-14,sz.000532,13.3600,13.4900,13.1600,13.2500,13.3800,2440853,32541071.0000,3,0.710617,1,-0.971600,119.842424,13.416386,317.933612,6.357851,0
2017-07-17,sz.000532,13.2800,13.3900,11.9300,12.2000,13.2500,4166022,52044931.0000,3,1.212874,1,-7.924530,110.345477,12.353201,292.738873,5.854022,0
2017-07-18,sz.000532,12.1500,12.4600,12.0100,12.3300,12.2000,2492581,30489615.0000,3,0.725677,1,1.065575,111.521289,12.484833,295.858222,5.916401,0
2017-07-19,sz.000532,12.2400,12.3900,12.0500,12.3300,12.3300,3141898,38400630.0000,3,0.914716,1,0.000000,111.521289,12.484833,295.858222,5.916401,0
2017-07-20,sz.000532,12.2600,12.9300,12.1800,12.5800,12.3300,6723962,83902091.0000,3,1.957580,1,2.027575,113.782467,12.737973,301.856969,6.036360,0
2017-07-21,sz.000532,12.4500,12.5600,12.3400,12.5000,12.5800,3753700,46702478.0000,3,1.092833,1,-0.635930,113.058890,12.656968,299.937370,5.997973,0
2017-07-24,sz.000532,12.3500,12.7600,12.3100,12.6900,12.5000,4770908,60139468.0000,3,1.388978,1,1.519997,114.777385,12.849354,304.496418,6.089142,0
2017-07-25,sz.000532,12.6900,12.7400,12.4000,12.4800,12.6900,3511272,44060427.0000,3,1.022254,1,-1.654847,112.877996,12.636717,299.457470,5.988376,0
2017-07-26,sz.000532,12.5400,12.5500,12.3100,12.3600,12.4800,2457658,30475960.0000,3,0.715510,1,-0.961538,111.792631,12.515210,296.578071,5.930796,0
2017-07-27,sz.000532,12.3300,12.5900,12.2300,12.5400,12.3600,3852072,47941247.0000,3,1.121472,1,1.456313,113.420679,12.697470,300.897170,6.017166,0
2017-07-28,sz.000532,12.5300,12.9700,12.4100,12.9100,12.5400,5812438,74385557.0000,3,1.692203,1,2.950557,116.767222,13.072117,309.775316,6.194706,0
2017-07-31,sz.000532,12.8800,12.9600,12.6500,12.7300,12.9100,3928177,50078130.0000,3,1.143629,1,-1.394270,115.139174,12.889856,305.456218,6.108336,0
2017-08-01,sz.000532,12.8000,12.8100,12.6700,12.7400,12.7300,2769701,35237160.0000,3,0.806356,1,0.078556,115.229621,12.899982,305.696168,6.113134,0
2017-08-02,sz.000532,12.7200,12.7600,12.3400,12.3600,12.7400,3738400,46923372.0000,3,1.088379,1,-2.982733,111.792631,12.515210,296.578071,5.930796,0
2017-08-03,sz.000532,12.3500,12.5800,12.3200,12.4600,12.3600,2246110,27991445.0000,3,0.653921,1,0.809065,112.697102,12.616466,298.977570,5.978779,0
2017-08-04,sz.000532,12.4600,12.5000,12.3000,12.3300,12.4600,2473661,30646019.0000,3,0.720169,1,-1.043340,111.521289,12.484833,295.858222,5.916401,0
2017-08-07,sz.000532,12.3300,12.4700,12.2200,12.3400,12.3300,1965800,24267319.0000,3,0.572313,1,0.081105,111.611736,12.494959,296.098172,5.921199,0
2017-08-08,sz.000532,12.3000,12.5400,12.2800,12.4400,12.3400,2574707,32001616.0000,3,0.749587,1,0.810368,112.516208,12.596215,298.497671,5.969183,0
2017-08-09,sz.000532,12.4500,12.5800,12.3600,12.4700,12.4400,2055301,25632029.0000,3,0.598370,1,0.241163,112.787549,12.626591,299.217520,5.983578,0
2017-08-10,sz.000532,12.4700,12.8300,12.3800,12.6300,12.4700,4012681,50697080.0000,3,1.168231,1,1.283078,114.234703,12.788601,303.056719,6.060352,0
2017-08-11,sz.000532,12.5000,12.7800,12.3800,12.4100,12.6300,3394774,42823908.0000,3,0.988337,1,-1.741886,112.244866,12.565838,297.777821,5.954788,0
2017-08-14,sz.000532,12.3500,12.7800,12.3000,12.7000,12.4100,2727019,34440498.0000,3,0.793930,1,2.336825,114.867832,12.859480,304.736368,6.093941,0
2017-08-15,sz.000532,12.7100,13.1700,12.6300,13.0200,12.7000,5156534,66582809.0000,3,1.501247,1,2.519690,117.762140,13.183498,312.414765,6.247489,0
2017-08-16,sz.000532,13.0000,13.2800,12.7900,13.0100,13.0200,4323199,56298647.0000,3,1.258634,1,-0.076807,117.671693,13.173372,312.174815,6.242690,0
2017-08-17,sz.000532,13.0000,13.2000,12.9800,13.0500,13.0100,3203103,41823610.0000,3,0.932535,1,0.307455,118.033481,13.213875,313.134614,6.261884,0
2017-08-18,sz.000532,13.0500,13.1100,12.8200,12.8300,13.0500,2567803,33258657.0000,3,0.747577,1,-1.685826,116.043645,12.991112,307.855717,6.156319,0
2017-08-21,sz.000532,12.8300,13.0000,12.8200,12.9700,12.8300,2235940,28891997.0000,3,0.650960,1,1.091195,117.309904,13.132870,311.215015,6.223497,0
2017-08-22,sz.000532,12.8600,13.1800,12.8600,12.9800,12.9700,3134502,40735322.0000,3,0.912563,1,0.077095,117.400352,13.142996,311.454965,6.228295,0
2017-08-23,sz.000532,12.9900,13.1200,12.8700,13.1200,12.9800,2377451,30946940.0000,3,0.692159,1,1.078585,118.666611,13.284754,314.814264,6.295472,0
2017-08-24,sz.000532,13.1000,13.1200,12.8000,12.8200,13.1200,2502700,32343867.0000,3,0.728623,1,-2.286587,115.953198,12.980986,307.615767,6.151521,0
2017-08-25,sz.000532,12.8200,12.9900,12.8000,12.9100,12.8200,2158501,27827742.0000,3,0.628415,1,0.702029,116.767222,13.072117,309.775316,6.194706,0
2017-08-28,sz.000532,12.8500,13.0900,12.8100,13.0700,12.9100,3890903,50501195.0000,3,1.132777,1,1.239348,118.214376,13.234126,313.614514,6.271481,0
2017-08-29,sz.000532,13.0100,13.1800,13.0100,13.0400,13.0700,2702723,35392934.0000,3,0.786857,1,-0.229531,117.943034,13.203749,312.894664,6.257085,0
2017-08-30,sz.000532,13.0500,13.6300,13.0200,13.4700,13.0400,7071851,94406705.0000,3,2.058862,1,3.297548,121.832260,13.639149,323.212510,6.463416,0
2017-08-31,sz.000532,13.4000,13.5000,13.2400,13.4200,13.4700,3792928,50767030.0000,3,1.104254,1,-0.371197,139.761763,12.552715,-20.795217,6.523774,0
2017-09-01,sz.000532,13.3800,13.7400,13.3400,13.5100,13.4200,4141429,56191479.0000,3,1.205714,1,0.670642,140.699062,12.636899,-20.934678,6.567525,0
2017-09-04,sz.000532,13.5000,13.9600,13.5000,13.9500,13.5100,5245028,72507278.0000,3,1.527010,1,3.256844,145.281415,13.048463,-21.616489,6.781419,0
2017-09-05,sz.000532,13.8900,13.9600,13.7200,13.8100,13.9500,3428088,47380613.0000,3,0.998036,1,-1.003580,143.823394,12.917511,-21.399549,6.713362,0
2017-09-06,sz.000532,13.8600,14.2900,13.7000,13.7800,13.8100,7835984,109377870.0000,3,2.281328,1,-0.217239,143.510961,12.889450,-21.353062,6.698778,0
2017-09-07,sz.000532,13.7300,13.9800,13.5000,13.5700,13.7800,4972834,68214821.0000,3,1.447765,1,-1.523948,141.323929,12.693021,-21.027652,6.596692,0
2017-09-08,sz.000532,13.5900,13.8300,13.5300,13.6500,13.5700,2981259,40744939.0000,3,0.867948,1,0.589535,142.157084,12.767851,-21.151618,6.635582,0
2017-09-11,sz.000532,13.5900,13.8100,13.4500,13.7600,13.6500,2727381,37267193.0000,3,0.794036,1,0.805865,143.302672,12.870742,-21.322070,6.689056,0
2017-09-12,sz.000532,13.6500,13.9500,13.6500,13.8100,13.7600,3667993,50842617.3400,3,1.067881,1,0.363374,143.823394,12.917511,-21.399549,6.713362,0
2017-09-13,sz.000532,13.8100,13.9700,13.7200,13.9500,13.8100,2869512,39869692.6300,3,0.835415,1,1.013754,145.281415,13.048463,-21.616489,6.781419,0
2017-09-14,sz.000532,13.9600,14.0200,13.6600,13.7400,13.9500,3349201,46091209.8800,3,0.975069,1,-1.505377,143.094383,12.852035,-21.291079,6.679333,0
2017-09-15,sz.000532,13.7300,13.7900,13.5200,13.5800,13.7400,2371018,32335868.3300,3,0.690286,1,-1.164482,141.428073,12.702375,-21.043148,6.601554,0
2017-09-18,sz.000532,13.6000,13.7100,13.4800,13.7100,13.5800,2644454,35922500.9500,3,0.769893,1,0.957291,142.781950,12.823974,-21.244592,6.664750,0
2017-09-19,sz.000532,13.6400,13.7000,13.3500,13.3800,13.7100,2818102,38027814.4100,3,0.820448,1,-2.407002,139.345185,12.515300,-20.733234,6.504329,0
2017-09-20,sz.000532,13.3600,13.5300,13.3500,13.4800,13.3800,2120997,28529757.9800,3,0.617496,1,0.747380,140.386629,12.608838,-20.888191,6.552941,0
2017-09-21,sz.000532,13.5200,13.7600,13.5000,13.5400,13.4800,3383897,46152740.4700,3,0.985170,1,0.445107,141.011495,12.664960,-20.981165,6.582109,0
2017-09-22,sz.000532,13.5400,13.5400,13.1900,13.2200,13.5400,2921380,38830658.1500,3,0.850516,1,-2.363365,137.678875,12.365641,-20.485303,6.426549,0
2017-09-25,sz.000532,13.2700,13.4300,13.1100,13.1100,13.2200,1664013,22059031.4200,3,0.484452,1,-0.832077,136.533287,12.262750,-20.314851,6.373076,0
2017-09-26,sz.000532,13.1100,13.2100,12.8800,13.0900,13.1100,2132914,27798623.0800,3,0.620966,1,-0.152552,136.324998,12.244042,-20.283859,6.363353,0
2017-09-27,sz.000532,13.1000,13.5000,13.0400,13.5000,13.0900,2770734,36685669.1600,3,0.806657,1,3.132161,140.594918,12.627545,-20.919182,6.562664,0
2017-09-28,sz.000532,14.1000,14.5000,13.6200,13.6200,13.5000,10443890,146962211.3700,3,3.040580,1,0.888888,141.844651,12.739790,-21.105131,6.620999,0
2017-09-29,sz.000532,13.5100,13.8800,13.3100,13.7700,13.6200,5130936,69850838.0200,3,1.493794,1,1.101326,143.406816,12.880096,-21.337566,6.693917,0
2017-10-09,sz.000532,13.8300,13.9300,13.7000,13.7600,13.7700,4620203,63937666.4700,3,1.345102,1,-0.072623,143.302672,12.870742,-21.322070,6.689056,0
2017-10-10,sz.000532,13.6500,13.9300,13.6500,13.8700,13.7600,2626961,36329530.6000,3,0.764800,1,0.799416,144.448260,12.973634,-21.492523,6.742529,0
2017-10-11,sz.000532,13.7800,14.3000,13.7800,14.0400,13.8700,5555833,77952040.5700,3,1.617497,1,1.225667,146.218715,13.132647,-21.755950,6.825170,0
2017-10-12,sz.000532,13.8600,14.1400,13.6800,13.8300,14.0400,3554623,49271677.3300,3,1.034875,1,-1.495727,144.031683,12.936219,-21.430540,6.723084,0
2017-10-13,sz.000532,13.8800,13.8800,13.6800,13.7500,13.8300,2431801,33508043.6700,3,0.707982,1,-0.578452,143.198527,12.861389,-21.306575,6.684195,0
2017-10-16,sz.000532,13.8200,13.8500,13.3100,13.3100,13.7500,3302812,44807142.4600,3,0.961564,1,-3.199997,138.616175,12.449824,-20.624764,6.470300,0
2017-10-17,sz.000532,13.3000,13.4000,13.2700,13.3000,13.3100,1615170,21535440.0400,3,0.470232,1,-0.075133,138.512030,12.440471,-20.609269,6.465439,0
2017-10-18,sz.000532,13.3600,13.4600,13.1400,13.1400,13.3000,2104300,28001297.5300,3,0.612635,1,-1.203006,136.845720,12.290811,-20.361338,6.387659,0
2017-10-19,sz.000532,13.1500,13.2000,12.6600,12.7600,13.1400,3285597,42245634.2300,3,0.956552,1,-2.891934,132.888234,11.935369,-19.772501,6.202933,0
2017-10-20,sz.000532,12.8000,13.4700,12.7500,13.1600,12.7600,2491936,32628646.5900,3,0.725489,1,3.134793,137.054009,12.309518,-20.392329,6.397382,0
2017-10-23,sz.000532,13.1100,13.2200,13.0100,13.1400,13.1600,1558384,20452436.9800,3,0.453700,1,-0.151972,136.845720,12.290811,-20.361338,6.387659,0
2017-10-24,sz.000532,13.1400,13.1900,12.8300,12.9100,13.1400,2074259,26864296.4900,3,0.603889,1,-1.750384,134.450399,12.075675,-20.004937,6.275851,0
2017-10-25,sz.000532,12.9800,13.0100,12.8700,12.9900,12.9100,1414760,18313989.1300,3,0.411886,1,0.619674,135.283554,12.150505,-20.128902,6.314741,0
2017-10-26,sz.000532,13.0000,13.0900,12.9300,13.0500,12.9900,1562600,20351739.9600,3,0.454927,1,0.461897,135.908421,12.206627,-20.221876,6.343908,0
2017-10-27,sz.000532,13.0000,13.0700,12.7500,12.8200,13.0500,2035447,26213155.2500,3,0.592590,1,-1.762456,133.513100,11.991491,-19.865476,6.232100,0
2017-10-30,sz.000532,12.8100,12.8300,11.9900,12.4900,12.8200,2622023,32635682.6100,3,0.763362,1,-2.574102,130.076335,11.682818,-19.354118,6.071679,0
2017-10-31,sz.000532,12.3000,12.5600,12.3000,12.4800,12.4900,1650900,20555065.0000,3,0.480635,1,-0.080066,112.232165,11.095507,175.499866,5.951519,0
2017-11-01,sz.000532,12.4800,12.5700,12.3500,12.3800,12.4800,1458685,18170478.1000,3,0.424674,1,-0.801277,111.332869,11.006601,174.093617,5.903831,0
2017-11-02,sz.000532,12.3600,12.4500,12.0500,12.1000,12.3800,2322442,28273751.8000,3,0.676144,1,-2.261710,108.814839,10.757663,170.156120,5.770303,0
2017-11-03,sz.000532,12.8000,12.9600,12.2700,12.3400,12.1000,3962521,49839663.7800,3,1.153628,1,1.983469,110.973150,10.971039,173.531117,5.884755,0
2017-11-06,sz.000532,12.2000,12.3000,11.9900,12.1500,12.3400,2712728,32882937.2900,3,0.789770,1,-1.539713,109.264487,10.802117,170.859244,5.794147,0
2017-11-07,sz.000532,12.1700,12.7600,12.1700,12.6300,12.1500,3873814,48134745.8200,3,1.127802,1,3.950622,113.581109,11.228867,177.609239,6.023052,0
2017-11-08,sz.000532,12.5500,13.0600,12.4600,13.0500,12.6300,6654224,85537040.3300,3,1.937276,1,3.325416,117.358153,11.602273,183.515484,6.223343,0
2017-11-09,sz.000532,13.5100,13.8000,13.1600,13.2700,13.0500,9537082,128363727.2400,3,2.776577,1,1.685826,119.336605,11.797867,186.609232,6.328258,0
2017-11-10,sz.000532,13.0900,13.3500,13.0200,13.1600,13.2700,5071044,66582199.2400,3,1.476358,1,-0.828942,118.347379,11.700070,185.062358,6.275801,0
2017-11-13,sz.000532,13.1000,13.1900,12.7900,12.7900,13.1600,3910229,50528557.7300,3,1.138404,1,-2.811549,115.019983,11.371117,179.859237,6.099353,0
2017-11-14,sz.000532,12.7600,12.9500,12.6400,12.7100,12.7900,2967750,37886630.1000,3,0.864015,1,-0.625488,114.300546,11.299992,178.734238,6.061203,0
2017-11-15,sz.000532,12.6300,12.7100,12.3000,12.3400,12.7100,3046511,37903383.1000,3,0.886946,1,-2.911093,110.973150,10.971039,173.531117,5.884755,0
2017-11-16,sz.000532,12.3000,12.6000,12.2300,12.4300,12.3400,1727799,21395816.7500,3,0.503022,1,0.729337,111.782517,11.051054,174.796741,5.927675,0
2017-11-17,sz.000532,12.4300,12.4800,11.9000,11.9600,12.4300,3595800,43472382.0400,3,1.046863,1,-3.781177,107.555825,10.633195,168.187371,5.703539,0
2017-11-20,sz.000532,11.9500,11.9900,11.6300,11.9200,11.9600,2598200,30625037.0000,3,0.756427,1,-0.334448,107.196106,10.597632,167.624872,5.684464,0
2017-11-21,sz.000532,11.8800,12.0500,11.8500,11.9400,11.9200,2113128,25180184.8000,3,0.615205,1,0.167781,107.375965,10.615413,167.906121,5.694001,0
2017-11-22,sz.000532,11.9100,12.0100,11.8000,11.8800,11.9400,1818929,21675323.5200,3,0.529554,1,-0.502508,106.836388,10.562070,167.062372,5.665388,0
2017-11-23,sz.000532,11.8900,11.9400,11.4200,11.4500,11.8800,2604711,30400052.2900,3,0.758322,1,-3.619531,102.969414,10.179772,161.015502,5.460328,0
2017-11-24,sz.000532,11.4000,11.5700,11.3300,11.4300,11.4500,1179900,13526579.0000,3,0.343510,1,-0.174668,102.789555,10.161991,160.734252,5.450790,0
2017-11-27,sz.000532,11.5000,11.5400,11.3500,11.3500,11.4300,1270601,14542286.4000,3,0.369916,1,-0.699912,102.070118,10.090866,159.609253,5.412640,0
2017-11-28,sz.000532,11.3500,11.5100,11.3000,11.4700,11.3500,1140203,13034151.2600,3,0.331953,1,1.057268,103.149273,10.197554,161.296751,5.469866,0
2017-11-29,sz.000532,11.5000,11.5000,11.2500,11.3500,11.4700,1517613,17203937.5100,3,0.441830,1,-1.046206,102.070118,10.090866,159.609253,5.412640,0
2017-11-30,sz.000532,11.3900,11.4500,11.2800,11.3900,11.3500,1278600,14532676.7400,3,0.372245,1,0.352423,102.429836,10.126429,160.171752,5.431715,0
2017-12-01,sz.000532,11.3900,11.5000,11.3600,11.4900,11.3900,1198800,13721198.0000,3,0.349012,1,0.877958,103.329132,10.215335,161.578001,5.479403,0
2017-12-04,sz.000532,11.4100,11.4700,11.1800,11.2000,11.4900,1443401,16382466.3000,3,0.420224,1,-2.523934,100.721174,9.957507,157.499879,5.341107,0
2017-12-05,sz.000532,11.1900,11.4000,10.9000,10.9400,11.2000,1874501,20928394.9300,3,0.545733,1,-2.321431,98.383003,9.726350,153.843632,5.217117,0
2017-12-06,sz.000532,10.9100,10.9500,10.5700,10.8900,10.9400,2428155,26078549.1800,3,0.706921,1,-0.457031,97.933355,9.681897,153.140508,5.193273,0
2017-12-07,sz.000532,10.8600,10.8600,10.7000,10.7700,10.8900,1379868,14877035.6500,3,0.401728,1,-1.101927,96.854200,9.575210,151.453009,5.136047,0
2017-12-08,sz.000532,10.8000,10.9400,10.6000,10.8800,10.7700,1479404,16029862.9200,3,0.430706,1,1.021352,97.843426,9.673006,152.999883,5.188504,0
2017-12-11,sz.000532,10.8800,11.1000,10.8500,11.0300,10.8800,1256944,13784951.1600,3,0.365940,1,1.378673,99.192370,9.806366,155.109256,5.260037,0
2017-12-12,sz.000532,11.0000,11.0000,10.7300,10.7700,11.0300,1198701,13015453.9300,3,0.348984,1,-2.357201,96.854200,9.575210,151.453009,5.136047,0
2017-12-13,sz.000532,10.8800,11.0600,10.8400,11.0300,10.7700,1548000,16976273.0000,3,0.450677,1,2.414106,99.192370,9.806366,155.109256,5.260037,0
2017-12-14,sz.000532,11.0000,11.2100,10.9800,11.0700,11.0300,1713100,19045401.0000,3,0.498743,1,0.362647,99.552088,9.841928,155.671756,5.279112,0
2017-12-15,sz.000532,11.0500,11.1000,10.8500,10.8800,11.0700,1256513,13741059.1800,3,0.365815,1,-1.716347,97.843426,9.673006,152.999883,5.188504,0
2017-12-18,sz.000532,10.9600,11.0400,10.8200,10.8800,10.8800,1355809,14791526.9700,3,0.394723,1,0.000000,97.843426,9.673006,152.999883,5.188504,0
2017-12-19,sz.000532,10.8100,10.9600,10.8100,10.8700,10.8800,812358,8835453.6200,3,0.236506,1,-0.091914,97.753496,9.664116,152.859258,5.183735,0
2017-12-20,sz.000532,10.8800,10.8800,10.5800,10.6000,10.8700,1293169,13828022.2700,3,0.376487,1,-2.483896,95.325396,9.424069,149.062386,5.054976,0
2017-12-21,sz.000532,10.6300,10.7100,10.4200,10.6300,10.6000,1361818,14418683.1200,3,0.396473,1,0.283016,95.595185,9.450741,149.484261,5.069283,0
2017-12-22,sz.000532,10.6300,10.7000,10.5400,10.5800,10.6300,848328,8992178.6900,3,0.246978,1,-0.470369,95.145537,9.406288,148.781136,5.045438,0
2017-12-25,sz.000532,10.5500,10.6700,10.2800,10.3000,10.5800,1514110,15757123.6700,3,0.440810,1,-2.646500,92.627508,9.157350,144.843639,4.911911,0
2017-12-26,sz.000532,10.2900,10.4000,10.2200,10.3600,10.3000,1319717,13601227.4800,3,0.384216,1,0.582519,93.167085,9.210694,145.687388,4.940524,0
2017-12-27,sz.000532,10.3300,10.3700,10.2700,10.3100,10.3600,1199999,12381345.0000,3,0.349362,1,-0.482618,92.717437,9.166241,144.984264,4.916680,0
2017-12-28,sz.000532,10.3500,10.4800,10.3000,10.4000,10.3100,1278983,13305319.5300,3,0.372357,1,0.872931,93.526804,9.246256,146.249888,4.959599,0
2017-12-29,sz.000532,10.4200,10.4900,10.3500,10.4900,10.4000,836280,8724836.4500,3,0.243470,1,0.865386,94.336171,9.326272,147.515512,5.002519,0
2018-01-02,sz.000532,10.4900,10.5800,10.4400,10.5200,10.4900,1139850,11986947.0200,3,0.331850,1,0.285993,94.605959,9.352944,147.937387,5.016825,0
2018-01-03,sz.000532,10.5500,10.6200,10.4400,10.6100,10.5200,2196587,23141792.3300,3,0.639503,1,0.855506,95.415326,9.432959,149.203011,5.059745,0
2018-01-04,sz.000532,10.5700,10.6300,10.5200,10.5900,10.6100,1407313,14901405.6400,3,0.409718,1,-0.188497,95.235467,9.415178,148.921761,5.050207,0
2018-01-05,sz.000532,10.5800,10.7500,10.5500,10.7200,10.5900,2010400,21435818.0900,3,0.585297,1,1.227574,96.404552,9.530756,150.749885,5.112202,0
2018-01-08,sz.000532,10.6800,10.7200,10.5300,10.6300,10.7200,1530011,16200704.2500,3,0.445440,1,-0.839554,95.595185,9.450741,149.484261,5.069283,0
2018-01-09,sz.000532,10.6300,10.6300,10.4600,10.5100,10.6300,1522910,16013449.0000,3,0.443372,1,-1.128879,94.516030,9.344053,147.796762,5.012057,0
2018-01-10,sz.000532,10.5000,10.5000,10.2500,10.3100,10.5100,1825123,18884957.9000,3,0.531357,1,-1.902948,92.717437,9.166241,144.984264,4.916680,0
2018-01-11,sz.000532,10.2700,10.4500,10.2500,10.4000,10.3100,1476523,15296504.9000,3,0.429867,1,0.872931,93.526804,9.246256,146.249888,4.959599,0
2018-01-12,sz.000532,10.4100,10.4800,10.2900,10.3100,10.4000,1625801,16870298.5100,3,0.473327,1,-0.865377,92.717437,9.166241,144.984264,4.916680,0
2018-01-15,sz.000532,10.3400,10.4300,10.0800,10.0900,10.3100,2112200,21795106.7000,3,0.614935,1,-2.133853,90.738986,8.970647,141.890516,4.811765,0
2018-01-16,sz.000532,10.0300,10.1200,9.9300,10.0100,10.0900,2316013,23198590.0900,3,0.674272,1,-0.792864,90.019549,8.899522,140.765517,4.773614,0
2018-01-17,sz.000532,9.9700,10.0000,9.7800,10.0000,10.0100,2462997,24411328.4900,3,0.717064,1,-0.099902,89.929619,8.890631,140.624892,4.768845,0
2018-01-18,sz.000532,9.9500,10.0800,9.9300,10.0000,10.0000,1548704,15499971.9900,3,0.450882,1,0.000000,89.929619,8.890631,140.624892,4.768845,0
2018-01-19,sz.000532,9.9700,11.0000,9.9300,11.0000,10.0000,5395916,56946694.8500,3,1.570939,1,10.000000,98.922581,9.779694,154.687382,5.245730,0
2018-01-22,sz.000532,11.3300,12.1000,11.2000,12.1000,11.0000,18413810,213456779.0300,3,5.360902,1,10.000000,108.814839,10.757663,170.156120,5.770303,0
2018-01-23,sz.000532,11.9000,12.3000,11.5000,11.6900,12.1000,16246869,191044592.4200,3,4.730030,1,-3.388436,105.127725,10.393148,164.390499,5.574780,0
2018-01-24,sz.000532,11.5500,12.5000,11.4900,11.9500,11.6900,16732287,199901749.5700,3,4.871352,1,2.224125,107.465895,10.624304,168.046746,5.698770,0
2018-01-25,sz.000532,11.7100,11.8500,11.3500,11.4300,11.9500,10794969,125291992.1400,3,3.142792,1,-4.351460,102.789555,10.161991,160.734252,5.450790,0
2018-01-26,sz.000532,11.3900,11.6300,11.3200,11.4600,11.4300,5664504,65102815.4300,3,1.649134,1,0.262465,103.059344,10.188663,161.156127,5.465097,0
2018-01-29,sz.000532,11.3900,11.8000,11.3800,11.5200,11.4600,6153234,71282521.1400,3,1.791421,1,0.523564,103.598921,10.242007,161.999876,5.493710,0
2018-01-30,sz.000532,11.4100,12.3500,11.2700,12.0000,11.5200,12224502,145414966.3000,3,3.558979,1,4.166663,107.915543,10.668757,168.749871,5.722615,0
2018-01-31,sz.000532,11.8100,11.8800,11.0000,11.2200,12.0000,8755802,99754710.9800,3,2.549119,1,-6.499998,100.901033,9.975288,157.781129,5.350645,0
2018-02-01,sz.000532,11.1100,11.3700,10.1300,10.1800,11.2200,8196436,86879555.6100,3,2.386268,1,-9.269161,91.548352,9.050662,143.156140,4.854685,0
2018-02-02,sz.000532,10.0700,10.5200,9.8200,10.3300,10.1800,4125450,42271050.4100,3,1.201062,1,1.473474,92.897297,9.184022,145.265514,4.926217,0
2018-02-05,sz.000532,10.1800,10.5200,10.0200,10.3400,10.3300,2608779,26986424.1200,3,0.759506,1,0.096808,92.987226,9.192912,145.406139,4.930986,0
2018-02-06,sz.000532,10.0700,10.4000,9.3100,9.3100,10.3400,5926115,57669491.0600,3,1.725299,1,-9.961312,83.724475,8.277177,130.921775,4.439795,0
2018-02-07,sz.000532,9.4900,9.5600,8.5000,9.0200,9.3100,4961120,45164194.2300,3,1.444355,1,-3.114930,81.116517,8.019349,126.843653,4.301499,0
2018-02-08,sz.000532,8.9900,9.2000,8.9000,9.1300,9.0200,2014072,18315237.2600,3,0.586367,1,1.219508,82.105742,8.117146,128.390527,4.353956,0
2018-02-09,sz.000532,8.5400,8.8100,8.5200,8.6400,9.1300,2860562,24806089.0600,3,0.832809,1,-5.366920,77.699191,7.681505,121.499907,4.120282,0
2018-02-12,sz.000532,8.6900,8.9700,8.6600,8.8500,8.6400,1654304,14636295.4000,3,0.481626,1,2.430556,79.587713,7.868208,124.453030,4.220428,0
2018-02-13,sz.000532,8.9000,9.5500,8.8600,9.1400,8.8500,2864812,26584073.3600,3,0.834047,1,3.276836,82.195672,8.126037,128.531152,4.358725,0
2018-02-14,sz.000532,9.1000,9.2500,9.0200,9.1300,9.1400,1202000,10972035.0000,3,0.349944,1,-0.109412,82.105742,8.117146,128.390527,4.353956,0
2018-02-22,sz.000532,9.1600,9.4000,9.1600,9.2300,9.1300,1468056,13593696.7900,3,0.427402,1,1.095284,83.005039,8.206052,129.796776,4.401644,0
2018-02-23,sz.000532,9.2300,9.4600,9.2300,9.3100,9.2300,1910404,17852746.4700,3,0.556185,1,0.866749,83.724475,8.277177,130.921775,4.439795,0
2018-02-26,sz.000532,9.4100,9.6000,9.2800,9.5300,9.3100,2611205,24614511.7800,3,0.760213,1,2.363043,85.702927,8.472771,134.015522,4.544710,0
2018-02-27,sz.000532,9.5500,9.5700,9.4200,9.5300,9.5300,2333912,22161186.8600,3,0.679483,1,0.000000,85.702927,8.472771,134.015522,4.544710,0
2018-02-28,sz.000532,9.4400,9.6500,9.3100,9.5100,9.5300,1719800,16313973.0000,3,0.500694,1,-0.209858,85.523068,8.454990,133.734273,4.535172,0
2018-03-01,sz.000532,9.4600,9.7000,9.4000,9.7000,9.5100,2474255,23760666.5000,3,0.720342,1,1.997893,87.231731,8.623912,136.406146,4.625780,0
2018-03-02,sz.000532,9.6000,10.2600,9.5200,9.8700,9.7000,3470908,34211024.8200,3,1.010502,1,1.752578,88.760534,8.775053,138.796769,4.706850,0
2018-03-05,sz.000532,9.9200,10.8600,9.9200,10.5600,9.8700,5299263,55520371.8800,3,1.542800,1,6.990887,94.965678,9.388506,148.499886,5.035901,0
2018-03-06,sz.000532,10.5000,10.6500,10.3600,10.5000,10.5600,3835130,40254104.6400,3,1.116540,1,-0.568186,94.426100,9.335163,147.656137,5.007288,0
2018-03-07,sz.000532,10.3900,10.5400,10.2200,10.2300,10.5000,2677830,27748818.1700,3,0.779610,1,-2.571433,91.998000,9.095115,143.859265,4.878529,0
2018-03-08,sz.000532,10.2800,10.3200,10.1500,10.2900,10.2300,2113903,21651550.5900,3,0.615431,1,0.586514,92.537578,9.148459,144.703014,4.907142,0
2018-03-09,sz.000532,10.2000,10.6600,10.2000,10.5300,10.2900,2975802,31143155.7800,3,0.866360,1,2.332359,94.695889,9.361834,148.078012,5.021594,0
2018-03-12,sz.000532,10.5600,11.2400,10.5600,10.9500,10.5300,5606103,61236455.4200,3,1.632132,1,3.988605,98.472933,9.735241,153.984257,5.221886,0
2018-03-13,sz.000532,11.0900,11.4900,10.7700,10.7700,10.9500,5510541,61027312.5300,3,1.604311,1,-1.643830,96.854200,9.575210,151.453009,5.136047,0
2018-03-14,sz.000532,10.7600,11.3700,10.5800,11.0000,10.7700,6297392,68914887.6900,3,1.833390,1,2.135557,98.922581,9.779694,154.687382,5.245730,0
2018-03-15,sz.000532,11.1200,12.1000,10.8400,12.1000,11.0000,13479423,154013011.4800,3,3.924330,1,10.000000,108.814839,10.757663,170.156120,5.770303,0
2018-03-16,sz.000532,13.3100,13.3100,13.3100,13.3100,12.1000,5990609,79735005.7900,3,1.744075,1,10.000000,119.696323,11.833430,187.171732,6.347333,0
2018-03-19,sz.000532,14.6400,14.6400,14.2300,14.6400,13.3100,20973936,306889020.7100,3,6.106244,1,9.992486,131.656963,13.015884,205.874842,6.981590,0
2018-03-20,sz.000532,14.7000,16.1000,14.0500,16.1000,14.6400,54519575,822347479.6900,3,15.872548,1,9.972677,144.786687,14.313916,226.406077,7.677841,0
2018-03-21,sz.000532,16.5200,17.7100,16.0400,17.0200,16.1000,70604255,1200732926.2700,3,20.555359,1,5.714286,153.060212,15.131854,239.343567,8.116575,0
2018-03-22,sz.000532,16.7600,17.4300,15.8300,16.1000,17.0200,59223255,986241770.0300,3,17.241953,1,-5.405406,144.786687,14.313916,226.406077,7.677841,0
2018-03-23,sz.000532,14.8000,15.8500,14.4900,14.9700,16.1000,50686965,760965802.7000,3,14.756742,1,-7.018634,134.624640,13.309275,210.515464,7.138962,0
2018-03-26,sz.000532,14.5100,15.4300,14.2800,15.3200,14.9700,38566104,578334269.5300,3,11.227937,1,2.338005,137.772177,13.620447,215.437335,7.305871,0
2018-03-27,sz.000532,15.2500,16.0500,15.0800,15.7500,15.3200,50800323,789085821.6300,3,14.789744,1,2.806791,141.639150,14.002744,221.484205,7.510932,0
2018-03-28,sz.000532,14.9300,15.2800,14.1800,14.1800,15.7500,39646290,580946793.5600,3,11.542417,1,-9.968252,127.520200,12.606915,199.406097,6.762223,0
2018-03-29,sz.000532,14.2400,14.5500,13.8000,14.3500,14.1800,23907660,339867824.1300,3,6.960353,1,1.198872,129.049004,12.758055,201.796720,6.843293,0
2018-03-30,sz.000532,14.4500,14.6400,14.1300,14.4600,14.3500,23944469,345185281.6100,3,6.971069,1,0.766548,130.038229,12.855852,203.343594,6.895751,0
2018-04-02,sz.000532,14.7300,15.0800,14.3500,14.4200,14.4600,28411547,417774323.5700,3,8.271591,1,-0.276625,129.678511,12.820290,202.781095,6.876675,0
2018-04-03,sz.000532,13.8800,13.9900,13.5300,13.9900,14.4200,22029713,303644441.2200,3,6.413617,1,-2.981972,125.811537,12.437993,196.734224,6.671615,0
2018-04-04,sz.000532,14.1700,14.2800,13.3600,13.4800,13.9900,16979369,235615240.9400,3,4.943286,1,-3.645463,121.225127,11.984571,189.562355,6.428404,0
2018-04-09,sz.000532,13.2100,13.6800,13.1900,13.4900,13.4800,13720509,184290093.7000,3,3.994518,1,0.074186,121.315056,11.993461,189.702980,6.433173,0
2018-04-10,sz.000532,13.4900,14.0500,13.4100,13.8800,13.4900,20040896,275849610.2900,3,5.834603,1,2.891033,124.822311,12.340196,195.187351,6.619157,0
2018-04-11,sz.000532,13.7500,13.8000,13.5000,13.5900,13.8800,14240779,194356314.3600,3,4.145987,1,-2.089337,122.214353,12.082367,191.109229,6.480861,0
2018-04-12,sz.000532,13.6200,14.0700,13.3300,13.5000,13.5900,15564723,213686577.9400,3,4.531433,1,-0.662253,121.404986,12.002352,189.843605,6.437941,0
2018-04-13,sz.000532,13.5100,13.6800,13.1100,13.1800,13.5000,12655793,168489250.8000,3,3.684542,1,-2.370368,118.527238,11.717852,185.343608,6.285338,0
2018-04-16,sz.000532,13.1700,13.4500,12.8000,13.4000,13.1800,12097658,159393737.7000,3,3.522050,1,1.669190,120.505690,11.913446,188.437356,6.390253,0
2018-04-17,sz.000532,13.4000,13.4000,12.1200,12.2900,13.4000,15526549,198546257.8100,3,4.520319,1,-8.283580,110.523502,10.926585,172.827993,5.860911,0
2018-04-18,sz.000532,12.3800,12.6600,12.1000,12.5300,12.2900,9909463,122815571.9900,3,2.884990,1,1.952805,112.681813,11.139961,176.202990,5.975363,0
2018-04-19,sz.000532,12.5500,12.7600,12.3100,12.4100,12.5300,10403163,130626776.4400,3,3.028723,1,-0.957701,111.602657,11.033273,174.515491,5.918137,0
2018-04-20,sz.000532,12.5500,12.8900,12.3300,12.3400,12.4100,11106264,139905449.9100,3,3.233420,1,-0.564059,110.973150,10.971039,173.531117,5.884755,0
2018-04-23,sz.000532,12.2700,12.7500,11.9800,12.5400,12.3400,10049963,124775759.5800,3,2.925894,1,1.620744,112.771742,11.148851,176.343615,5.980132,0
2018-04-24,sz.000532,12.6000,12.9900,12.4700,12.9200,12.5400,11887639,151531808.8600,3,3.460906,1,3.030304,116.189068,11.486695,181.687361,6.161348,0
2018-04-25,sz.000532,12.7800,13.1800,12.7800,12.8500,12.9200,10873065,140737783.7800,3,3.165528,1,-0.541793,115.559561,11.424461,180.702987,6.127966,0
2018-04-26,sz.000532,12.7000,12.8300,12.0600,12.2000,12.8500,9623171,119887497.2500,3,2.801640,1,-5.058370,85.951202,8.887216,-264.568308,5.638766,0
2018-04-27,sz.000532,12.2300,12.5000,12.0600,12.3500,12.2000,5913510,72726472.2000,3,1.721629,1,1.229513,87.007979,8.996485,-267.821197,5.708095,0
2018-05-02,sz.000532,12.3000,12.6800,12.2200,12.6800,12.3500,8419601,105225810.3000,3,2.451239,1,2.672064,89.332888,9.236877,-274.977553,5.860619,0
2018-05-03,sz.000532,12.6600,13.0800,12.4700,13.0400,12.6800,11140513,142534198.4400,3,3.243392,1,2.839114,91.869153,9.499122,-282.784487,6.027009,0
2018-05-04,sz.000532,13.1500,13.5300,12.8500,12.8700,13.0400,20914936,276738796.4300,3,6.089067,1,-1.303681,90.671473,9.375284,-279.097879,5.948436,0
2018-05-07,sz.000532,12.6900,13.0800,12.6300,13.0200,12.8700,10190191,131476000.2700,3,2.966720,1,1.165506,91.728250,9.484553,-282.350768,6.017765,0
2018-05-08,sz.000532,12.9200,13.5000,12.8700,13.2600,13.0200,13156532,173542107.5400,3,3.830325,1,1.843316,93.419093,9.659384,-287.555390,6.128691,0
2018-05-09,sz.000532,13.2200,13.4300,13.0400,13.1100,13.2600,8993576,118771305.6100,3,2.618343,1,-1.131226,92.362316,9.550115,-284.302501,6.059362,0
2018-05-10,sz.000532,13.1500,13.4300,12.8800,13.4100,13.1100,13402285,176950149.4300,3,3.901872,1,2.288331,94.475870,9.768653,-290.808279,6.198021,0
2018-05-11,sz.000532,13.3100,13.4100,13.0700,13.1500,13.4100,7745212,102369007.3900,3,2.254901,1,-1.938853,92.644123,9.579253,-285.169939,6.077850,0
2018-05-14,sz.000532,13.1600,13.1800,12.5000,12.6300,13.1500,7877616,101426791.3800,3,2.293449,1,-3.954369,88.980629,9.200454,-273.893257,5.837509,0
2018-05-15,sz.000532,12.6000,12.7500,12.3700,12.6100,12.6300,5820415,72879803.4000,3,1.694526,1,-0.158357,88.839726,9.185884,-273.459538,5.828265,0
2018-05-16,sz.000532,12.6000,12.7900,12.5000,12.5200,12.6100,5433500,68734313.1500,3,1.581881,1,-0.713713,88.205659,9.120323,-271.507805,5.786668,0
2018-05-17,sz.000532,12.5300,12.6900,11.9500,11.9600,12.5200,10253325,125756808.6000,3,2.985100,1,-4.472847,84.260358,8.712385,-259.363686,5.527839,0
2018-05-18,sz.000532,12.0200,12.2200,11.9000,12.0900,11.9600,6393801,77277780.4300,3,1.861458,1,1.086957,85.176232,8.807085,-262.182856,5.587925,0
2018-05-21,sz.000532,12.1400,12.3300,12.1400,12.2700,12.0900,4622000,56704143.9200,3,1.345625,1,1.488836,86.444364,8.938208,-266.086323,5.671119,0
2018-05-22,sz.000532,12.2300,12.3500,12.0200,12.2800,12.2700,6227408,75711961.6300,3,1.813015,1,0.081494,86.514816,8.945493,-266.303182,5.675741,0
2018-05-23,sz.000532,12.2200,12.2600,11.9500,11.9900,12.2800,6887293,83222703.1200,3,2.005131,1,-2.361563,84.471714,8.734239,-260.014263,5.541705,0
2018-05-24,sz.000532,11.9800,12.0900,11.8000,11.9900,11.9900,5515121,65750982.9900,3,1.605644,1,0.000000,84.471714,8.734239,-260.014263,5.541705,0
2018-05-25,sz.000532,12.0700,12.0700,11.7500,11.8300,11.9900,4947707,58750273.1800,3,1.440450,1,-1.334444,83.344485,8.617685,-256.544515,5.467754,0
2018-05-28,sz.000532,11.8700,12.1600,11.8700,11.9600,11.8300,5850371,70306405.9100,3,1.703247,1,1.098902,84.260358,8.712385,-259.363686,5.527839,0
2018-05-29,sz.000532,11.8000,11.8900,10.8500,10.9900,11.9600,12248468,138141196.4000,3,3.565956,1,-8.110370,77.426533,8.005779,-238.328336,5.079511,0
2018-05-30,sz.000532,10.7900,10.8000,10.3600,10.4900,10.9900,6698292,71051935.4500,3,1.950106,1,-4.549591,73.903943,7.641549,-227.485373,4.848414,0
2018-05-31,sz.000532,10.6800,10.7900,10.5600,10.7500,10.4900,3917542,41881632.9800,3,1.140533,1,2.478553,75.735690,7.830948,-233.123714,4.968585,0
2018-06-01,sz.000532,10.6400,10.7300,10.2200,10.3300,10.7500,4671277,48945866.0400,3,1.359972,1,-3.906978,72.776714,7.524995,-224.015625,4.774463,0
2018-06-04,sz.000532,10.3900,10.6000,10.3900,10.5700,10.3300,3908379,41156965.3500,3,1.137865,1,2.323328,74.467558,7.699825,-229.220247,4.885390,0
2018-06-05,sz.000532,10.5900,10.7900,10.5700,10.7900,10.5700,3885524,41600810.4700,3,1.131211,1,2.081365,76.017497,7.860087,-233.991151,4.987072,0
2018-06-06,sz.000532,10.8000,11.0500,10.6800,10.8000,10.7900,5412863,58863392.8900,3,1.575873,1,0.092681,76.087949,7.867371,-234.208010,4.991694,0
2018-06-07,sz.000532,11.0500,11.8800,11.0500,11.8800,10.8000,7650935,89066378.5000,3,2.227454,1,9.999999,83.696744,8.654108,-257.628811,5.490864,0
2018-06-08,sz.000532,12.2800,12.9900,12.1800,12.5000,11.8800,31756639,398050645.9600,3,9.245464,1,5.218854,88.064756,9.105754,-271.074086,5.777424,0
2018-06-11,sz.000532,12.4400,12.4700,11.9000,12.0400,12.5000,16279207,197662164.6400,3,4.739444,1,-3.680001,84.823973,8.770662,-261.098560,5.564815,0
2018-06-12,sz.000532,11.8400,12.7400,11.5500,12.4600,12.0400,17531150,211145734.6200,3,5.103929,1,3.488373,87.782949,9.076615,-270.206649,5.758936,0
2018-06-13,sz.000532,12.1800,12.3100,11.4700,11.5300,12.4600,12644400,150303106.9700,3,3.681225,1,-7.463887,81.230931,8.399147,-250.038737,5.329096,0
2018-06-14,sz.000532,11.3000,11.4200,11.0000,11.2500,11.5300,8700033,97774709.0900,3,2.532883,1,-2.428445,79.258280,8.195178,-243.966677,5.199682,0
2018-06-15,sz.000532,11.2700,11.3400,10.7300,10.9600,11.2500,7482511,82590134.4600,3,2.178420,1,-2.577777,77.215178,7.983925,-237.677759,5.065645,0
2018-06-19,sz.000532,10.5900,10.7200,9.8600,9.8600,10.9600,9090202,92694942.8300,3,2.646475,1,-10.036500,69.465479,7.182619,-213.823239,4.557232,0
2018-06-20,sz.000532,9.8000,10.1900,9.7500,9.9900,9.8600,6280700,62587658.0000,3,1.828531,1,1.318460,70.381353,7.277318,-216.642410,4.617317,0
2018-06-21,sz.000532,10.0000,10.0700,9.3900,9.4000,9.9900,6248070,60573013.6200,3,1.819031,1,-5.905908,66.224696,6.847527,-203.847713,4.344623,0
2018-06-22,sz.000532,9.1800,9.5800,8.9400,9.4500,9.4000,5489523,51170014.9900,3,1.598191,1,0.531917,66.576955,6.883950,-204.932009,4.367733,0
2018-06-25,sz.000532,9.5800,9.6500,9.2000,9.3400,9.4500,4734983,44680215.0200,3,1.378519,1,-1.164018,65.801986,6.803819,-202.546557,4.316891,0
2018-06-26,sz.000532,9.2800,9.6700,9.1000,9.5800,9.3400,4580723,43456393.4000,3,1.333608,1,2.569591,67.492829,6.978650,-207.751180,4.427818,0
2018-06-27,sz.000532,9.6100,9.9400,9.4600,9.7700,9.5800,5797001,56013714.5200,3,1.687709,1,1.983304,68.831413,7.117057,-211.871506,4.515635,0
2018-06-28,sz.000532,9.6500,9.8200,9.5100,9.5400,9.7700,4792802,46412591.2700,3,1.395352,1,-2.354150,67.211022,6.949511,-206.883742,4.409330,0
2018-06-29,sz.000532,9.5800,9.9600,9.4100,9.8700,9.5400,6158806,59913379.3000,3,1.793043,1,3.459119,69.535931,7.189903,-214.040098,4.561854,0
2018-07-02,sz.000532,9.8800,9.9100,9.4000,9.5400,9.8700,4939900,47883367.0000,3,1.438177,1,-3.343464,67.211022,6.949511,-206.883742,4.409330,0
2018-07-03,sz.000532,9.4700,9.8100,9.3500,9.7700,9.5400,4852702,46778565.3900,3,1.412791,1,2.410907,68.831413,7.117057,-211.871506,4.515635,0
2018-07-04,sz.000532,9.7200,9.7600,9.2100,9.4000,9.7700,4258603,40428865.4000,3,1.239828,1,-3.787112,66.224696,6.847527,-203.847713,4.344623,0
2018-07-05,sz.000532,9.3300,9.5300,9.0400,9.0500,9.4000,3551002,33063950.9000,3,1.033820,1,-3.723398,63.758883,6.592566,-196.257638,4.182855,0
2018-07-06,sz.000532,9.0500,9.3700,8.9500,9.1700,9.0500,4263001,39050564.7400,3,1.241108,1,1.325966,64.604305,6.679981,-198.859950,4.238318,0
2018-07-09,sz.000532,9.2000,9.5800,9.2000,9.5000,9.1700,3861000,36459440.0000,3,1.124072,1,3.598691,66.929214,6.920373,-206.016305,4.390842,0
2018-07-10,sz.000532,9.6100,9.7300,9.4500,9.6600,9.5000,4669701,44922999.5400,3,1.359513,1,1.684209,68.056443,7.036927,-209.486054,4.464793,0
2018-07-11,sz.000532,9.4500,9.4600,9.0800,9.2900,9.6600,4179010,38825743.0000,3,1.216655,1,-3.830226,65.449727,6.767396,-201.462261,4.293782,0
2018-07-12,sz.000532,9.2200,9.6000,9.1900,9.5500,9.2600,4498258,42653313.4500,3,1.309600,1,3.131749,67.281473,6.956796,-207.100602,4.413952,0
2018-07-13,sz.000532,9.5400,10.5100,9.4800,10.0400,9.5500,13746528,140561679.4800,3,4.002093,1,5.130888,70.733612,7.313741,-217.726706,4.640427,0
2018-07-16,sz.000532,9.8900,9.9700,9.6300,9.8600,10.0400,8189029,80268958.0800,3,2.384112,1,-1.792832,69.465479,7.182619,-213.823239,4.557232,0
2018-07-17,sz.000532,9.7300,9.8900,9.6100,9.8100,9.8600,4712607,45994142.0500,3,1.372004,1,-0.507092,69.113220,7.146196,-212.738943,4.534122,0
2018-07-18,sz.000532,9.8000,10.1700,9.7800,9.7800,9.8100,6402175,63808570.1200,3,1.863896,1,-0.305817,68.901865,7.124342,-212.088365,4.520257,0
2018-07-19,sz.000532,9.7000,9.9900,9.6500,9.7800,9.7800,3940245,38539288.3500,3,1.147143,1,0.000000,68.901865,7.124342,-212.088365,4.520257,0
2018-07-20,sz.000532,9.7600,10.3400,9.6200,10.0900,9.7800,7244819,72564714.3700,3,2.109219,1,3.169739,71.085871,7.350165,-218.811002,4.663537,0
2018-07-23,sz.000532,9.9800,10.1700,9.9300,10.1000,10.0900,5010942,50484978.4900,3,1.458860,1,0.099110,71.156323,7.357449,-219.027862,4.668159,0
2018-07-24,sz.000532,10.1400,10.3000,10.0000,10.1600,10.1000,5531070,56203747.7000,3,1.610287,1,0.594054,71.579034,7.401157,-220.329017,4.695890,0
2018-07-25,sz.000532,10.2500,10.5700,10.0000,10.3000,10.1600,6977817,71270499.1000,3,2.031486,1,1.377956,72.565359,7.503141,-223.365047,4.760597,0
2018-07-26,sz.000532,10.2000,10.3100,10.0700,10.0800,10.3000,4273635,43487176.9000,3,1.244204,1,-2.135925,71.015419,7.342880,-218.594143,4.658915,0
2018-07-27,sz.000532,9.9800,10.1400,9.9100,10.0200,10.0800,3153200,31661816.0000,3,0.918006,1,-0.595233,70.592708,7.299172,-217.292987,4.631183,0
2018-07-30,sz.000532,9.9600,10.3000,9.9000,10.0600,10.0200,4619500,46641084.0000,3,1.344897,1,0.399201,70.874515,7.328311,-218.160424,4.649671,0
2018-07-31,sz.000532,9.9800,10.1400,9.9500,10.0600,10.0600,2843434,28572059.0200,3,0.827823,1,0.000000,70.874515,7.328311,-218.160424,4.649671,0
2018-08-01,sz.000532,10.0900,10.1700,9.7600,9.7600,10.0600,4106210,40711302.1000,3,1.195461,1,-2.982109,68.760961,7.109773,-211.654646,4.511013,0
2018-08-02,sz.000532,9.7200,9.7600,9.0000,9.2400,9.7600,4319256,40101652.0600,3,1.257486,1,-5.327873,65.097467,6.730973,-200.377964,4.270672,0
2018-08-03,sz.000532,9.2400,9.3500,9.1600,9.2700,9.2400,2227300,20629838.0000,3,0.648445,1,0.324683,65.308823,6.752827,-201.028542,4.284538,0
2018-08-06,sz.000532,9.2300,9.2500,8.9400,9.0500,9.2700,2893000,26243637.0000,3,0.842253,1,-2.373250,63.758883,6.592566,-196.257638,4.182855,0
2018-08-07,sz.000532,9.0600,9.4800,9.0300,9.3500,9.0500,3675417,33976673.9500,3,1.070042,1,3.314919,65.872437,6.811104,-202.763416,4.321513,0
2018-08-08,sz.000532,9.3000,9.3800,9.1000,9.1600,9.3500,2433701,22503453.1600,3,0.708535,1,-2.032091,64.533853,6.672696,-198.643090,4.233696,0
2018-08-09,sz.000532,9.0700,9.4500,9.0700,9.3300,9.1600,3555898,33181599.0300,3,1.035246,1,1.855896,65.731534,6.796535,-202.329698,4.312269,0
2018-08-10,sz.000532,9.2700,9.4500,9.2700,9.3500,9.3300,1844402,17259804.6600,3,0.536970,1,0.214367,65.872437,6.811104,-202.763416,4.321513,0
2018-08-13,sz.000532,9.2600,9.3200,9.0600,9.2900,9.3500,2360797,21673212.0500,3,0.687310,1,-0.641716,65.449727,6.767396,-201.462261,4.293782,0
2018-08-14,sz.000532,9.2500,9.5500,9.2300,9.4000,9.2900,3252000,30567636.0000,3,0.946771,1,1.184065,66.224696,6.847527,-203.847713,4.344623,0
2018-08-15,sz.000532,9.4700,9.5800,9.2100,9.2100,9.4000,3047600,28591615.0000,3,0.887263,1,-2.021272,64.886112,6.709119,-199.727387,4.256806,0
2018-08-16,sz.000532,9.2000,9.2700,8.9500,9.0800,9.2100,2129610,19440748.2000,3,0.620004,1,-1.411510,63.970239,6.614420,-196.908216,4.196721,0
2018-08-17,sz.000532,9.1400,9.2500,8.9700,8.9800,9.0800,1923410,17484946.0000,3,0.559972,1,-1.101326,63.265721,6.541574,-194.739623,4.150501,0
2018-08-20,sz.000532,8.9000,9.1000,8.8800,9.0500,8.9800,1954624,17558533.7700,3,0.569059,1,0.779517,63.758883,6.592566,-196.257638,4.182855,0
2018-08-21,sz.000532,9.0600,9.1600,9.0300,9.1500,9.0500,1663813,15158760.9500,3,0.484394,1,1.104966,64.463401,6.665412,-198.426231,4.229074,0
2018-08-22,sz.000532,9.1600,9.1800,8.9700,9.0000,9.1500,1273200,11527392.0000,3,0.370673,1,-1.639340,63.406624,6.556143,-195.173342,4.159745,0
2018-08-23,sz.000532,9.0000,9.1100,9.0000,9.0800,9.0000,1071110,9720547.5900,3,0.311837,1,0.888888,63.970239,6.614420,-196.908216,4.196721,0
2018-08-24,sz.000532,9.0800,9.1600,9.0100,9.0400,9.0800,1596413,14495528.3900,3,0.464771,1,-0.440528,63.688431,6.585281,-196.040779,4.178233,0
2018-08-27,sz.000532,9.1000,9.2100,9.0000,9.2000,9.0400,2441609,22303561.9500,3,0.710837,1,1.769910,65.643022,6.936591,-514.914552,4.184885,0
2018-08-28,sz.000532,9.1600,9.2500,9.1100,9.1600,9.2000,1492600,13687351.0000,3,0.434548,1,-0.434782,65.357617,6.906432,-512.675793,4.166689,0
2018-08-29,sz.000532,9.1600,9.1900,9.0600,9.1100,9.1600,1152000,10509550.0000,3,0.335387,1,-0.545854,65.000862,6.868733,-509.877344,4.143945,0
2018-08-30,sz.000532,9.1100,9.1300,8.8700,8.9000,9.1100,2145800,19269674.0000,3,0.624717,1,-2.305160,63.502488,6.710398,-498.123860,4.048421,0
2018-08-31,sz.000532,8.9000,8.9200,8.7000,8.7200,8.9000,1687500,14899812.0000,3,0.491290,1,-2.022465,62.218168,6.574682,-488.049445,3.966543,0
2018-09-03,sz.000532,8.7100,8.7200,8.4400,8.6100,8.7200,2409473,20625641.4300,3,0.701482,1,-1.261475,61.433306,6.491745,-481.892858,3.916506,0
2018-09-04,sz.000532,8.6500,8.8400,8.6100,8.8300,8.6100,2019231,17616717.1300,3,0.587869,1,2.555171,63.003030,6.657620,-494.206032,4.016579,0
2018-09-05,sz.000532,8.8000,8.8500,8.6500,8.6600,8.8300,1537900,13438172.0000,3,0.447736,1,-1.925256,61.790062,6.529443,-484.691306,3.939250,0
2018-09-06,sz.000532,8.6500,8.7500,8.5800,8.6800,8.6600,1082201,9372654.6100,3,0.315066,1,0.230952,61.932764,6.544523,-485.810686,3.948348,0
2018-09-07,sz.000532,9.0700,9.5500,8.9700,9.0500,8.6800,8871319,82998835.3200,3,2.582750,1,4.262671,64.572755,6.823495,-506.519206,4.116653,0
2018-09-10,sz.000532,8.9000,8.9000,8.5300,8.5300,9.0500,5310718,45974995.7800,3,1.546135,1,-5.745862,60.862497,6.431426,-477.415340,3.880116,0
2018-09-11,sz.000532,8.5000,8.6800,8.4500,8.5500,8.5300,2090151,17880668.0300,3,0.608516,1,0.234472,61.005199,6.446506,-478.534719,3.889213,0
2018-09-12,sz.000532,8.5500,8.7900,8.5500,8.6300,8.5500,1691820,14674380.6000,3,0.492548,1,0.935672,61.576008,6.506824,-483.012237,3.925604,0
2018-09-13,sz.000532,8.7300,8.7600,8.5300,8.7000,8.6300,1425000,12352800.0000,3,0.414867,1,0.811120,62.075466,6.559602,-486.930065,3.957445,0
2018-09-14,sz.000532,8.7500,8.9600,8.6400,8.8000,8.7000,3110384,27452602.0300,3,0.905541,1,1.149430,62.788977,6.635000,-492.526963,4.002933,0
2018-09-17,sz.000532,8.8000,8.8200,8.5500,8.5600,8.8000,1751798,15083934.8800,3,0.510009,1,-2.727270,61.076550,6.454046,-479.094409,3.893762,0
2018-09-18,sz.000532,8.5500,8.7300,8.5500,8.7000,8.5600,1546498,13353387.6800,3,0.450239,1,1.635507,62.075466,6.559602,-486.930065,3.957445,0
2018-09-19,sz.000532,8.7100,8.9000,8.6600,8.8200,8.7000,2413601,21253529.7700,3,0.702683,1,1.379309,62.931679,6.650080,-493.646342,4.012031,0
2018-09-20,sz.000532,8.8000,8.8700,8.7700,8.8000,8.8200,1722200,15167542.0000,3,0.501392,1,-0.226752,62.788977,6.635000,-492.526963,4.002933,0
2018-09-21,sz.000532,8.8000,8.9200,8.7500,8.8900,8.8000,1918713,16991193.0400,3,0.558604,1,1.022729,63.431137,6.702858,-497.564170,4.043872,0
2018-09-25,sz.000532,8.8300,8.8400,8.7700,8.7900,8.8900,1343502,11819929.5800,3,0.391140,1,-1.124864,62.717626,6.627460,-491.967273,3.998384,0
2018-09-26,sz.000532,8.8200,8.9000,8.7800,8.8400,8.7900,1547100,13684701.4400,3,0.450415,1,0.568830,63.074382,6.665159,-494.765721,4.021128,0
2018-09-27,sz.000532,8.9300,9.2500,8.8000,8.8000,8.8400,4360801,39445056.8100,3,1.269581,1,-0.452488,62.788977,6.635000,-492.526963,4.002933,0
2018-09-28,sz.000532,8.7600,8.9100,8.7000,8.9100,8.8000,2073299,18281852.1200,3,0.603610,1,1.249996,63.573839,6.717938,-498.683550,4.052970,0
2018-10-08,sz.000532,8.8500,8.8500,8.5400,8.5400,8.9100,1905500,16504943.9000,3,0.554757,1,-4.152636,60.933848,6.438966,-477.975030,3.884665,0
2018-10-09,sz.000532,8.5600,8.6500,8.5300,8.5800,8.5400,1190100,10201398.9000,3,0.346480,1,0.468384,61.219253,6.469125,-480.213789,3.902860,0
2018-10-10,sz.000532,8.5700,8.6500,8.5100,8.5600,8.5800,901100,7720367.6800,3,0.262342,1,-0.233095,61.076550,6.454046,-479.094409,3.893762,0
2018-10-11,sz.000532,8.4000,8.4000,7.7000,7.7100,8.5600,3527009,28027858.4000,3,1.026835,1,-9.929911,55.011706,5.813165,-431.520782,3.507115,0
2018-10-12,sz.000532,7.6000,7.6900,7.0200,7.6300,7.7100,3730624,27603621.0400,3,1.086115,1,-1.037612,54.440897,5.752847,-427.043264,3.470725,0
2018-10-15,sz.000532,7.6200,7.7000,7.4400,7.6700,7.6300,2228275,16871993.9700,3,0.648728,1,0.524246,54.726302,5.783006,-429.282023,3.488920,0
2018-10-16,sz.000532,7.6800,7.7300,7.3200,7.6400,7.6700,1851310,13926252.6000,3,0.538981,1,-0.391137,54.512248,5.760387,-427.602954,3.475274,0
2018-10-17,sz.000532,7.5800,7.7300,7.5300,7.6600,7.6400,1282686,9803561.5000,3,0.373435,1,0.261780,54.654951,5.775466,-428.722333,3.484371,0
2018-10-18,sz.000532,7.5300,7.6500,7.3600,7.3900,7.6600,1318200,9880905.9200,3,0.383774,1,-3.524804,52.728471,5.571892,-413.610711,3.361554,0
2018-10-19,sz.000532,7.2000,7.6800,7.2000,7.6800,7.3900,1584854,11856725.2400,3,0.461406,1,3.924222,54.797653,5.790546,-429.841713,3.493469,0
2018-10-22,sz.000532,7.7800,8.2900,7.6900,8.1600,7.6800,4555454,36678460.5600,3,1.326251,1,6.250001,58.222506,6.152455,-456.706820,3.711811,0
2018-10-23,sz.000532,8.1000,8.2400,7.8700,7.9600,8.1600,3205059,25819144.5900,3,0.933104,1,-2.450978,56.795484,6.001659,-445.513025,3.620835,0
2018-10-24,sz.000532,7.9000,8.7600,7.8200,8.3300,7.9600,9018818,76788312.8200,3,2.625692,1,4.648240,59.435475,6.280631,-466.221545,3.789140,0
2018-10-25,sz.000532,7.9900,8.2600,7.8200,8.1200,8.3300,5545307,44361141.5500,3,1.614432,1,-2.521009,67.417781,5.592252,19.222872,3.713546,0
2018-10-26,sz.000532,8.1400,8.3400,8.0700,8.1500,8.1200,3553942,29062482.5600,3,1.034676,1,0.369455,67.666862,5.612913,19.293893,3.727266,0
2018-10-29,sz.000532,8.0500,8.1700,7.8000,7.9000,8.1500,2205908,17560800.6800,3,0.642217,1,-3.067479,65.591191,5.440738,18.702055,3.612932,0
2018-10-30,sz.000532,7.9400,8.2500,7.8100,8.1300,7.9000,3105808,25140137.2000,3,0.904209,1,2.911393,67.500808,5.599139,19.246546,3.718119,0
2018-10-31,sz.000532,8.1500,8.2200,8.0800,8.1600,8.1300,3346046,27284788.0000,3,0.974151,1,0.369000,67.749888,5.619800,19.317566,3.731839,0
2018-11-01,sz.000532,8.2000,8.6600,8.1400,8.4600,8.1600,8114280,68110813.8900,3,2.362350,1,3.676473,70.240693,5.826411,20.027771,3.869039,0
2018-11-02,sz.000532,8.3600,8.5300,8.2700,8.4800,8.4600,7027314,58978556.1900,3,2.045896,1,0.236401,70.406747,5.840185,20.075118,3.878186,0
2018-11-05,sz.000532,8.5000,9.3300,8.4600,9.3300,8.4800,17058356,157085996.9800,3,4.966282,1,10.023590,77.464027,6.425580,22.087364,4.266919,0
2018-11-06,sz.000532,10.2600,10.2600,10.2600,10.2600,9.3300,1976338,20277227.8800,3,0.575381,1,9.967849,85.185522,7.066072,24.288998,4.692239,0
2018-11-07,sz.000532,11.2900,11.2900,11.2900,11.2900,10.2600,3355210,37880320.9000,3,0.976819,1,10.038980,93.737284,7.775434,26.727368,5.163292,0
2018-11-08,sz.000532,11.6000,12.3900,10.8800,11.5200,11.2900,51972690,602323628.2900,3,15.131061,1,2.037205,95.646901,7.933836,27.271858,5.268479,0
2018-11-09,sz.000532,11.0600,12.6200,11.0600,11.8700,11.5200,49327546,583033718.1700,3,14.360967,1,3.038189,98.552840,8.174881,28.100430,5.428545,0
2018-11-12,sz.000532,11.5700,12.3400,11.3600,11.9400,11.8700,40159736,473648898.5000,3,11.691899,1,0.589719,99.134028,8.223090,28.266144,5.460559,0
2018-11-13,sz.000532,11.6600,12.8300,11.6100,11.8200,11.9400,45926498,555898960.2500,3,13.370804,1,-1.005024,98.137706,8.140446,27.982063,5.405679,0
2018-11-14,sz.000532,11.5500,12.6000,11.3100,12.1000,11.8200,43790581,526051626.9900,3,12.748964,1,2.368872,100.462457,8.333282,28.644920,5.533732,0
2018-11-15,sz.000532,12.3000,13.3100,12.2300,13.3100,12.1000,50336359,657746871.3700,3,14.654668,1,10.000000,110.508703,9.166610,31.509412,6.087105,0
2018-11-16,sz.000532,13.0400,14.6200,13.0000,14.1400,13.3100,58242161,805464725.4300,3,16.956323,1,6.235912,117.399929,9.738232,33.474312,6.466692,0
2018-11-19,sz.000532,13.9000,14.8000,13.3100,13.7000,14.1400,45485911,637227223.2000,3,13.242534,1,-3.111743,113.746749,9.435204,32.432678,6.265465,0
2018-11-20,sz.000532,12.9900,13.2000,12.4000,12.6100,13.7000,30263923,387936528.4200,3,8.810883,1,-7.956205,104.696825,8.684520,29.852268,5.766972,0
2018-11-21,sz.000532,12.6500,13.5900,12.5100,13.0200,12.6100,31579487,413998264.8800,3,9.193889,1,3.251394,108.100925,8.966887,30.822881,5.954478,0
2018-11-22,sz.000532,12.9100,13.2100,12.4000,12.5300,13.0200,23817005,307170135.9800,3,6.933960,1,-3.763446,104.032611,8.629424,29.662880,5.730385,0
2018-11-23,sz.000532,12.1100,12.2400,11.3700,11.6300,12.5300,24985107,293465244.2200,3,7.274035,1,-7.182758,96.560196,8.009593,27.532266,5.318785,0
2018-11-26,sz.000532,11.8500,11.9500,11.4600,11.7000,11.6300,17856706,209297033.0300,3,5.198709,1,0.601889,97.141384,8.057802,27.697981,5.350799,0
2018-11-27,sz.000532,11.8400,11.8800,11.2100,11.6400,11.7000,19371997,222920499.6500,3,5.639863,1,-0.512816,96.643223,8.016480,27.555940,5.323359,0
2018-11-28,sz.000532,11.5000,11.5900,10.8200,11.1800,11.6400,21037640,232949260.1700,3,6.124790,1,-3.951890,92.823989,7.699677,26.466959,5.112985,0
2018-11-29,sz.000532,11.1600,11.3100,10.5400,10.5900,11.1800,15605367,171721256.4900,3,4.543266,1,-5.277282,87.925407,7.293344,25.070224,4.843159,0
2018-11-30,sz.000532,10.6600,10.7500,10.2200,10.5900,10.5900,16106240,169418030.5800,3,4.689088,1,0.000000,87.925407,7.293344,25.070224,4.843159,0
2018-12-03,sz.000532,10.8900,11.0600,10.6700,10.6800,10.5900,20527056,222824035.9800,3,5.976141,1,0.849860,88.672648,7.355327,25.283285,4.884319,0
2018-12-04,sz.000532,10.8000,11.5600,10.7500,11.2400,10.6800,32039309,359247489.1600,3,9.327759,1,5.243441,93.322150,7.740999,26.609000,5.140425,0
2018-12-05,sz.000532,10.4600,10.4700,10.1200,10.1200,11.2400,26128740,266738146.3400,3,7.606987,1,-9.964412,84.023146,6.969654,23.957570,4.628212,0
2018-12-06,sz.000532,10.1400,10.2500,10.0100,10.0800,10.1200,12301741,124547148.5100,3,3.581465,1,-0.395257,83.691039,6.942106,23.862876,4.609919,0
2018-12-07,sz.000532,10.1700,10.2100,9.9000,10.0200,10.0800,9797100,98612788.0000,3,2.852277,1,-0.595233,83.192878,6.900784,23.720835,4.582479,0
2018-12-10,sz.000532,10.2600,10.6900,10.1400,10.2800,10.0200,18273040,189313362.0000,3,5.319919,1,2.594803,85.351575,7.079846,24.336345,4.701385,0
2018-12-11,sz.000532,10.2400,10.4600,10.1100,10.4300,10.2800,14437006,148393909.2200,3,4.203116,1,1.459150,86.596978,7.183152,24.691448,4.769985,0
2018-12-12,sz.000532,10.7100,10.8000,10.3200,10.6100,10.4300,18672504,197710142.0200,3,5.436217,1,1.725785,88.091460,7.307118,25.117571,4.852305,0
2018-12-13,sz.000532,10.6700,10.6700,10.2000,10.4900,10.6100,15101740,157880334.9600,3,4.396643,1,-1.131007,87.095139,7.224474,24.833489,4.797425,0
2018-12-14,sz.000532,10.4000,10.4400,10.0100,10.1100,10.4900,10837261,110585444.0900,3,3.155104,1,-3.622499,83.940119,6.962767,23.933896,4.623639,0
2018-12-17,sz.000532,10.1000,10.7500,10.0800,10.5800,10.1100,20387580,214001063.9600,3,5.935535,1,4.648865,87.842380,7.286457,25.046550,4.838585,0
2018-12-18,sz.000532,10.4300,10.5200,10.1400,10.4000,10.5800,14654190,151205006.9200,3,4.266345,1,-1.701326,86.347897,7.162490,24.620427,4.756265,0
2018-12-19,sz.000532,10.4500,10.9300,10.3100,10.6600,10.4000,23556776,250196780.5500,3,6.858198,1,2.500002,88.506595,7.341553,25.235938,4.875172,0
2018-12-20,sz.000532,10.4500,11.3400,10.4000,10.9700,10.6600,28229506,308260695.1800,3,8.218593,1,2.908072,91.080426,7.555050,25.969816,5.016945,0
2018-12-21,sz.000532,10.8300,11.3000,10.5000,10.6100,10.9700,17900306,192683823.9000,3,5.211403,1,-3.281683,88.091460,7.307118,25.117571,4.852305,0
2018-12-24,sz.000532,10.6000,10.6000,10.0500,10.3000,10.6100,12960389,133046985.8300,3,3.773221,1,-2.921767,85.517629,7.093620,24.383692,4.710532,0
2018-12-25,sz.000532,10.1700,10.5900,10.0400,10.4600,10.3000,14260159,146558284.2600,3,4.151629,1,1.553396,86.846058,7.203813,24.762468,4.783705,0
2018-12-26,sz.000532,10.3900,11.1000,10.2300,10.7000,10.4600,22956356,245341349.2000,3,6.683395,1,2.294453,88.838702,7.369101,25.330632,4.893465,0
2018-12-27,sz.000532,10.6600,10.6600,10.1000,10.1500,10.7000,17122901,178419021.4600,3,4.985073,1,-5.140189,84.272226,6.990315,24.028590,4.641932,0
2018-12-28,sz.000532,10.1700,10.2500,9.8600,9.8700,10.1500,12106998,121593986.6600,3,3.524769,1,-2.758618,81.947475,6.797479,23.365732,4.513879,0
2019-01-02,sz.000532,9.8900,10.1500,9.8100,10.0400,9.8700,9527413,95193064.6100,3,2.773762,1,1.722392,83.358931,6.914558,23.768182,4.591626,0
2019-01-03,sz.000532,9.9700,10.1200,9.3600,9.3800,10.0400,13840754,133911702.3300,3,4.029526,1,-6.573704,77.879161,6.460015,22.205732,4.289786,0
2019-01-04,sz.000532,9.2500,9.7600,9.1600,9.7300,9.3800,11600036,110701637.9800,3,3.377175,1,3.731337,80.785100,6.701061,23.034304,4.449852,0
2019-01-07,sz.000532,9.7400,9.9900,9.6700,9.8300,9.7300,10202020,99961333.7000,3,2.970164,1,1.027753,81.615368,6.769931,23.271039,4.495586,0
2019-01-08,sz.000532,9.9000,10.1100,9.7600,9.8000,9.8300,11956606,118665255.2200,3,3.480985,1,-0.305185,81.366288,6.749270,23.200018,4.481866,0
2019-01-09,sz.000532,9.8400,10.1700,9.7100,9.9300,9.8000,15156067,151202173.8500,3,4.412459,1,1.326532,82.445636,6.838801,23.507773,4.541319,0
2019-01-10,sz.000532,9.9000,10.0500,9.6300,9.6700,9.9300,10610599,104693591.4000,3,3.089115,1,-2.618330,80.286939,6.659739,22.892263,4.422412,0
2019-01-11,sz.000532,9.6500,9.9500,9.6100,9.8300,9.6700,8336858,81512796.2400,3,2.427150,1,1.654600,81.615368,6.769931,23.271039,4.495586,0
2019-01-14,sz.000532,9.9000,10.0700,9.7600,9.8800,9.8300,10311546,102331635.7800,3,3.002050,1,0.508649,82.030502,6.804366,23.389406,4.518452,0
2019-01-15,sz.000532,9.8500,9.8500,9.5200,9.8000,9.8800,9176633,88760327.9900,3,2.671638,1,-0.809716,81.366288,6.749270,23.200018,4.481866,0
2019-01-16,sz.000532,9.9800,10.2800,9.8800,9.8900,9.8000,14004451,140965713.2000,3,4.077184,1,0.918369,82.113529,6.811253,23.413079,4.523026,0
2019-01-17,sz.000532,9.6600,10.1800,9.6600,10.1200,9.8900,17076488,170214399.0500,3,4.971561,1,2.325577,84.023146,6.969654,23.957570,4.628212,0
2019-01-18,sz.000532,10.0000,10.0300,9.7000,9.7900,10.1200,10902890,107300709.8000,3,3.174211,1,-3.260869,81.283261,6.742383,23.176345,4.477292,0
2019-01-21,sz.000532,9.8000,9.8500,9.6800,9.7700,9.7900,6075300,59174380.4800,3,1.768732,1,-0.204285,81.117207,6.728609,23.128998,4.468146,0
2019-01-22,sz.000532,9.6900,10.2000,9.6900,10.1000,9.7700,14389709,143297783.9100,3,4.189346,1,3.377686,83.857092,6.955880,23.910223,4.619065,0
2019-01-23,sz.000532,10.0000,10.8000,9.9400,10.6200,10.1000,25386704,262367519.6600,3,7.390954,1,5.148510,88.174487,7.314005,25.141244,4.856879,0
2019-01-24,sz.000532,10.7600,10.7600,10.2500,10.2900,10.6200,18846103,196136858.4500,3,5.486757,1,-3.107344,85.434602,7.086733,24.360019,4.705959,0
2019-01-25,sz.000532,10.2400,10.4300,9.9200,9.9900,10.2900,12252903,125162748.7200,3,3.567247,1,-2.915454,82.943797,6.880123,23.649814,4.568759,0
2019-01-28,sz.000532,10.1000,10.4700,9.9500,10.3200,9.9900,15821149,162665304.5200,3,4.606088,1,3.303303,85.683683,7.107394,24.431039,4.719679,0
2019-01-29,sz.000532,10.3000,10.3000,9.2900,9.2900,10.3200,19282033,183163920.0100,3,5.613672,1,-9.980618,77.131920,6.398032,21.992670,4.248626,0
2019-01-30,sz.000532,9.1000,9.3200,8.8400,8.8700,9.2900,9789900,88868311.7600,3,2.850181,1,-4.520991,73.644793,6.108778,20.998384,4.056546,0
2019-01-31,sz.000532,8.9500,9.0900,8.4000,8.5700,8.8700,9357480,81749430.1800,3,2.724288,1,-3.382189,71.153988,5.902168,20.288179,3.919346,0
2019-02-01,sz.000532,8.6100,8.8500,8.6100,8.8400,8.5700,4404751,38502400.2300,3,1.282377,1,3.150531,73.395713,6.088117,20.927363,4.042826,0
2019-02-11,sz.000532,8.8400,9.1400,8.8000,9.1400,8.8400,5403754,48794783.5200,3,1.573221,1,3.393667,75.886517,6.294727,21.637568,4.180026,0
2019-02-12,sz.000532,9.0600,9.4100,9.0200,9.2900,9.1400,6615232,61021123.2700,3,1.925925,1,1.641134,77.131920,6.398032,21.992670,4.248626,0
2019-02-13,sz.000532,9.3600,9.5100,9.1500,9.4800,9.2900,9282788,86904549.7000,3,2.702543,1,2.045205,78.709429,6.528886,22.442466,4.335519,0
2019-02-14,sz.000532,9.4000,10.1600,9.4000,9.7700,9.4800,13978178,137413243.1100,3,4.069535,1,3.059082,81.117207,6.728609,23.128998,4.468146,0
2019-02-15,sz.000532,9.6900,9.9500,9.5800,9.7200,9.7700,7631343,74695269.8000,3,2.221750,1,-0.511773,80.702073,6.694174,23.010630,4.445279,0
2019-02-18,sz.000532,9.8800,10.1800,9.8800,10.1300,9.7200,11011744,110773656.8200,3,3.205902,1,4.218105,84.106173,6.976541,23.981243,4.632785,0
2019-02-19,sz.000532,10.6100,11.1400,10.3800,11.1400,10.1300,32407914,354005561.7300,3,9.435073,1,9.970387,92.491882,7.672129,26.372265,5.094692,0
2019-02-20,sz.000532,10.8900,10.9900,10.5500,10.7000,11.1400,22218159,238534994.7100,3,6.468480,1,-3.949735,88.838702,7.369101,25.330632,4.893465,0
2019-02-21,sz.000532,10.6300,11.4400,10.6300,10.8600,10.7000,26243029,290477277.2400,3,7.640260,1,1.495326,90.167131,7.479293,25.709408,4.966639,0
2019-02-22,sz.000532,10.9700,11.7800,10.6600,11.7200,10.8600,28735744,324579853.5400,3,8.365976,1,7.918975,97.307438,8.071576,27.745328,5.359945,0
2019-02-25,sz.000532,12.3100,12.7500,11.8000,12.5800,11.7200,31175658,385875256.0600,3,9.076320,1,7.337881,104.447745,8.663859,29.781248,5.753252,0
2019-02-26,sz.000532,12.3600,12.4600,11.7600,11.7900,12.5800,28285125,342689412.4400,3,8.234785,1,-6.279809,97.888626,8.119785,27.911042,5.391959,0
2019-02-27,sz.000532,11.7200,12.2600,11.7200,12.1800,11.7900,20488987,246780893.6700,3,5.965058,1,3.307891,101.126672,8.388378,28.834308,5.570319,0
2019-02-28,sz.000532,11.9800,11.9800,11.2700,11.3600,12.1800,18984317,219540114.2000,3,5.526996,1,-6.732354,94.318472,7.823643,26.893082,5.195305,0
2019-03-01,sz.000532,11.3200,11.8700,11.3200,11.5900,11.3600,14322724,166981663.3800,3,4.169844,1,2.024652,96.228089,7.982045,27.437572,5.300492,0
2019-03-04,sz.000532,12.0600,12.1900,11.8000,11.8100,11.5900,18326428,219115661.5900,3,5.335462,1,1.898190,98.054679,8.133559,27.958389,5.401105,0
2019-03-05,sz.000532,11.9200,12.5800,11.8400,12.3900,11.8100,22580443,277396312.8500,3,6.573954,1,4.911091,102.870235,8.533005,29.331451,5.666359,0
2019-03-06,sz.000532,12.3500,13.2300,11.8900,13.2200,12.3900,33644602,421561008.2700,3,9.795116,1,6.698950,109.761462,9.104627,31.296351,6.045945,0
2019-03-07,sz.000532,13.3000,13.8100,12.8900,13.2100,13.2200,32750992,436394745.4600,3,9.534955,1,-0.075645,109.678435,9.097740,31.272677,6.041372,0
2019-03-08,sz.000532,12.5000,12.7800,11.9200,12.0000,13.2100,23064166,285100748.1100,3,6.714782,1,-9.159727,99.632189,8.264412,28.408185,5.487999,0
2019-03-11,sz.000532,12.0500,12.5500,12.0500,12.5200,12.0000,15681734,193933345.9900,3,4.565499,1,4.333337,103.949584,8.622537,29.639207,5.725812,0
2019-03-12,sz.000532,12.5200,13.2000,12.4800,13.0300,12.5200,22809125,295769463.9100,3,6.640531,1,4.073476,108.183952,8.973774,30.846555,5.959052,0
2019-03-13,sz.000532,13.1000,13.9000,12.8000,12.9400,13.0300,27937318,373447391.4000,3,8.133527,1,-0.690715,107.436710,8.911791,30.633493,5.917892,0
2019-03-14,sz.000532,12.7400,13.3900,12.0800,12.3700,12.9400,19593801,246178926.3700,3,5.704438,1,-4.404944,102.704181,8.519231,29.284104,5.657212,0
2019-03-15,sz.000532,12.9000,13.0400,12.4300,12.5900,12.3700,16551185,211154653.2100,3,4.818627,1,1.778499,104.530772,8.670746,29.804921,5.757825,0
2019-03-18,sz.000532,12.7600,12.9500,12.0500,12.4900,12.5900,14034984,173853914.1300,3,4.086073,1,-0.794284,103.700503,8.601876,29.568186,5.712092,0
2019-03-19,sz.000532,12.4900,13.2000,12.3000,13.1800,12.4900,21303122,273422240.8400,3,6.202081,1,5.524424,109.429354,9.077079,31.201657,6.027652,0
2019-03-20,sz.000532,12.8300,13.0300,12.5900,12.8600,13.1800,17173612,219847094.0500,3,4.999837,1,-2.427926,106.772496,8.856695,30.444105,5.881305,0
2019-03-21,sz.000532,12.8600,13.7600,12.8100,13.3400,12.8600,27413179,365541941.5600,3,7.980932,1,3.732508,110.757783,9.187271,31.580433,6.100825,0
2019-03-22,sz.000532,13.1800,14.2900,13.1100,13.9400,13.3400,29461374,404241897.9000,3,8.577233,1,4.497747,115.739393,9.600492,33.000842,6.375225,0
2019-03-25,sz.000532,13.4500,13.6600,12.9000,12.9500,13.9400,22975755,307048635.9300,3,6.689043,1,-7.101864,107.519737,8.918678,30.657167,5.922465,0
2019-03-26,sz.000532,13.0000,13.1700,12.2600,12.3300,12.9500,16039896,202453179.6500,3,4.669773,1,-4.787644,102.372074,8.491683,29.189410,5.638919,0
2019-03-27,sz.000532,12.3200,12.5400,12.1000,12.4200,12.3300,8190777,101012083.7700,3,2.384621,1,0.729928,103.119316,8.553667,29.402472,5.680079,0
2019-03-28,sz.000532,12.2800,12.4500,11.8200,11.9200,12.4200,10434649,126815957.8200,3,3.037890,1,-4.025765,98.967974,8.209316,28.218797,5.451412,0
2019-03-29,sz.000532,11.9000,12.2400,11.6000,12.1900,11.9200,9872683,118434984.1900,3,2.874282,1,2.265096,101.209699,8.395265,28.857982,5.574892,0
2019-04-01,sz.000532,12.2900,12.6700,12.2900,12.5600,12.1900,10002744,125331915.1000,3,2.912147,1,3.035282,79.195093,8.162284,43.680311,5.494879,0
2019-04-02,sz.000532,12.9000,13.0800,12.6600,12.7200,12.5600,12795606,164307643.2700,3,3.725247,1,1.273884,80.203948,8.266263,44.236748,5.564878,0
2019-04-03,sz.000532,12.6000,12.7500,12.4100,12.6900,12.7200,8807820,110720045.9800,3,2.564263,1,-0.235854,80.014788,8.246767,44.132416,5.551753,0
2019-04-04,sz.000532,12.7500,12.8100,12.5500,12.5600,12.6900,9156791,115731773.6500,3,2.665861,1,-1.024422,79.195093,8.162284,43.680311,5.494879,0
2019-04-08,sz.000532,12.5900,12.6900,12.0100,12.1800,12.5600,10241312,125601175.1700,3,2.981603,1,-3.025479,76.799063,7.915336,42.358773,5.328633,0
2019-04-09,sz.000532,12.3000,12.5100,12.1500,12.4500,12.1800,8673636,106997797.7400,3,2.525198,1,2.216745,78.501506,8.090799,43.297761,5.446755,0
2019-04-10,sz.000532,12.3400,12.9800,12.2800,12.8300,12.4500,17103304,218696015.4800,3,4.979368,1,3.052210,80.897536,8.337748,44.619299,5.613002,0
2019-04-11,sz.000532,12.4000,12.6300,12.1700,12.1800,12.8300,12260802,151524115.3300,3,3.569547,1,-5.066248,76.799063,7.915336,42.358773,5.328633,0
2019-04-12,sz.000532,12.1000,12.2700,12.0000,12.1400,12.1800,5477093,66304616.9400,3,1.594573,1,-0.328407,76.546850,7.889342,42.219664,5.311133,0
2019-04-15,sz.000532,12.3000,12.5600,12.1300,12.1500,12.1400,5746612,70966092.8800,3,1.673039,1,0.082366,76.609903,7.895840,42.254441,5.315508,0
2019-04-16,sz.000532,12.2200,12.5800,12.0900,12.5700,12.1500,9608073,119429200.4800,3,2.797245,1,3.456791,79.258147,8.168783,43.715089,5.499254,0
2019-04-17,sz.000532,12.4800,12.6700,12.4700,12.5000,12.5700,8675167,108963849.1600,3,2.525643,1,-0.556879,78.816773,8.123293,43.471647,5.468630,0
2019-04-18,sz.000532,12.4900,12.6000,12.2800,12.3100,12.5000,5832922,72411574.9500,3,1.698167,1,-1.519997,77.618758,7.999819,42.810878,5.385507,0
2019-04-19,sz.000532,12.3000,12.7400,12.1900,12.6500,12.3100,10487085,131233035.8700,3,3.053156,1,2.761976,79.762574,8.220772,43.993307,5.534254,0
2019-04-22,sz.000532,12.7100,12.9300,12.4800,12.5400,12.6500,10847761,137878318.6400,3,3.158161,1,-0.869563,79.068987,8.149287,43.610757,5.486130,0
2019-04-23,sz.000532,12.4900,12.7500,12.2300,12.7500,12.5400,10606119,133245691.5100,3,3.087811,1,1.674641,80.393108,8.285758,44.341080,5.578003,0
2019-04-24,sz.000532,12.7500,13.3500,12.5900,13.1600,12.7500,20382691,265510716.4500,3,5.934112,1,3.215685,82.978298,8.552202,45.766950,5.757374,0
2019-04-25,sz.000532,12.9400,12.9500,11.9100,12.1200,13.1600,14900069,186680526.4500,3,4.337929,1,-7.902736,76.420743,7.876345,42.150109,5.302384,0
2019-04-26,sz.000532,12.0500,12.0600,11.7500,11.8000,12.1200,7627304,90658078.0700,3,2.220574,1,-2.640261,73.459555,7.536348,24.045303,5.133284,0
2019-04-29,sz.000532,11.8100,11.9200,10.8500,10.9800,11.8000,8577136,96109555.4300,3,2.497103,1,-6.949158,68.354739,7.012636,22.374358,4.776564,0
2019-04-30,sz.000532,11.0300,11.3000,10.9300,11.3000,10.9800,4143446,46266292.3000,3,1.206302,1,2.914396,70.346862,7.217011,23.026434,4.915772,0
2019-05-06,sz.000532,10.6800,11.1600,10.1700,10.1700,11.3000,6947700,72702848.9100,3,2.022718,1,-10.000000,63.312176,6.495310,20.723791,4.424195,0
2019-05-07,sz.000532,10.2900,10.4500,10.0800,10.3000,10.1700,4317590,44461843.1600,3,1.257001,1,1.278270,64.121476,6.578338,20.988697,4.480748,0
2019-05-08,sz.000532,10.1000,10.3100,9.8900,10.2100,10.3000,3964024,40186744.6900,3,1.154066,1,-0.873788,63.561191,6.520857,20.805300,4.441596,0
2019-05-09,sz.000532,10.1000,10.3400,10.0200,10.1700,10.2100,3099586,31584560.8600,3,0.902397,1,-0.391772,63.312176,6.495310,20.723791,4.424195,0
2019-05-10,sz.000532,10.2400,10.5300,10.0000,10.5100,10.1700,5557198,57605177.9900,3,1.617894,1,3.343168,65.428807,6.712459,21.416622,4.572103,0
2019-05-13,sz.000532,10.3600,10.4200,10.2800,10.3800,10.5100,3647931,37746061.1400,3,1.062040,1,-1.236918,64.619507,6.629432,21.151716,4.515550,0
2019-05-14,sz.000532,10.2000,10.6000,10.1000,10.3300,10.3800,4000911,41721764.2100,3,1.164805,1,-0.481697,64.308238,6.597498,21.049829,4.493799,0
2019-05-15,sz.000532,10.3900,10.6000,10.3800,10.5200,10.3300,3774701,39591945.4800,3,1.098947,1,1.839308,65.491061,6.718846,21.436999,4.576453,0
2019-05-16,sz.000532,10.5400,10.7800,10.5000,10.7700,10.5200,4901830,52268275.7000,3,1.427094,1,2.376426,67.047408,6.878514,21.946433,4.685209,0
2019-05-17,sz.000532,10.7700,10.9700,10.2500,10.3500,10.7700,5618191,59585633.0000,3,1.635651,1,-3.899722,64.432745,6.610271,21.090584,4.502499,0
2019-05-20,sz.000532,10.2800,10.5400,10.1700,10.4800,10.3500,3071211,31779842.1800,3,0.894137,1,1.256031,65.242046,6.693299,21.355490,4.559052,0
2019-05-21,sz.000532,10.4800,10.8200,10.3000,10.7600,10.4800,4438571,47410158.7500,3,1.292223,1,2.671762,66.985154,6.872127,21.926056,4.680859,0
2019-05-22,sz.000532,10.7000,10.8000,10.5200,10.5900,10.7600,3411898,36377040.2400,3,0.993322,1,-1.579926,65.926838,6.763553,21.579641,4.606905,0
2019-05-23,sz.000532,10.5300,10.8700,10.4000,10.6500,10.5900,4565171,48645622.9300,3,1.329080,1,0.566567,66.300361,6.801873,21.701905,4.633006,0
2019-05-24,sz.000532,10.6400,10.7500,10.4000,10.4100,10.6500,3118370,32854270.7400,3,0.907866,1,-2.253519,64.806269,6.648592,21.212848,4.528601,0
2019-05-27,sz.000532,10.4100,10.7000,10.3500,10.7000,10.4100,3147800,33244694.3100,3,0.916434,1,2.785783,66.611630,6.833807,21.803792,4.654758,0
2019-05-28,sz.000532,10.7600,11.0900,10.7100,10.7300,10.7000,5957340,64966766.4000,3,1.734389,1,0.280371,66.798392,6.852967,21.864924,4.667808,0
2019-05-29,sz.000532,10.6900,10.9500,10.6700,10.7700,10.7300,3745601,40508792.8000,3,1.090475,1,0.372795,67.047408,6.878514,21.946433,4.685209,0
2019-05-30,sz.000532,10.7100,10.8100,10.5000,10.7900,10.7700,3668160,39090317.7500,3,1.067929,1,0.185696,67.171915,6.891288,21.987188,4.693910,0
2019-05-31,sz.000532,10.7800,10.8800,10.6700,10.6800,10.7900,3185200,34317211.0000,3,0.927323,1,-1.019459,66.487123,6.821034,21.763037,4.646057,0
2019-06-03,sz.000532,10.7000,10.8500,10.5800,10.6500,10.6800,2855731,30535267.7500,3,0.831403,1,-0.280905,66.300361,6.801873,21.701905,4.633006,0
2019-06-04,sz.000532,10.6700,10.7400,10.2600,10.2900,10.6500,4204700,43511388.4200,3,1.224135,1,-3.380279,64.059222,6.571951,20.968319,4.476398,0
2019-06-05,sz.000532,10.4000,10.4700,10.2800,10.3800,10.2900,2533716,26344970.4000,3,0.737653,1,0.874637,64.619507,6.629432,21.151716,4.515550,0
2019-06-06,sz.000532,10.4000,10.4200,10.0800,10.1000,10.3800,2543002,25927032.0800,3,0.740356,1,-2.697493,62.876399,6.450603,20.581149,4.393743,0
2019-06-10,sz.000532,10.1300,10.1900,9.9500,10.1400,10.1000,3668925,36980126.8800,3,1.068152,1,0.396039,63.125414,6.476150,20.662659,4.411144,0
2019-06-11,sz.000532,10.1400,10.6000,10.0500,10.5500,10.1400,4734701,49000725.3300,3,1.378436,1,4.043391,65.677823,6.738006,21.498131,4.589504,0
2019-06-12,sz.000532,10.5300,10.7700,10.4300,10.4400,10.5500,3679101,38884689.4900,3,1.071115,1,-1.042660,64.993030,6.667752,21.273980,4.541651,0
2019-06-13,sz.000532,10.4700,10.5800,10.3600,10.4800,10.4400,3084041,32323902.0000,3,0.897872,1,0.383141,65.242046,6.693299,21.355490,4.559052,0
2019-06-14,sz.000532,10.4800,10.5500,10.1300,10.1500,10.4800,3663110,37605776.6000,3,1.066459,1,-3.148854,63.187668,6.482537,20.683036,4.415494,0
2019-06-17,sz.000532,10.1800,10.2700,10.0500,10.0900,10.1500,1838281,18625212.9600,3,0.535188,1,-0.591128,62.814145,6.444216,20.560772,4.389393,0
2019-06-18,sz.000532,10.1100,10.1900,9.9400,10.0300,10.0900,2095310,21022995.6900,3,0.610018,1,-0.594652,62.440622,6.405896,20.438508,4.363292,0
2019-06-19,sz.000532,10.2900,10.3800,10.1700,10.1800,10.0300,2743210,28149131.5000,3,0.798644,1,1.495519,63.374430,6.501697,20.744168,4.428545,0
2019-06-20,sz.000532,10.1900,11.1700,10.0400,10.6500,10.1500,8231938,87475421.2300,3,2.396604,1,4.926108,66.300361,6.801873,21.701905,4.633006,0
2019-06-21,sz.000532,10.6000,10.8400,10.5700,10.7700,10.6500,6412922,68709707.7800,3,1.867025,1,1.126768,67.047408,6.878514,21.946433,4.685209,0
2019-06-24,sz.000532,10.7900,10.8000,10.5000,10.5900,10.7700,4001474,42420854.2600,3,1.164969,1,-1.671312,65.926838,6.763553,21.579641,4.606905,0
2019-06-25,sz.000532,10.6100,10.6100,10.2100,10.3900,10.5900,3791212,39277586.0000,3,1.103754,1,-1.888572,64.681761,6.635818,21.172093,4.519900,0
2019-06-26,sz.000532,10.4100,10.4400,10.2800,10.3500,10.3900,2203561,22819743.8300,3,0.641533,1,-0.384985,64.432745,6.610271,21.090584,4.502499,0
2019-06-27,sz.000532,10.3500,10.5300,10.3500,10.4700,10.3500,2690601,28113410.4100,3,0.783328,1,1.159419,65.179792,6.686912,21.335112,4.554702,0
2019-06-28,sz.000532,10.3300,10.4700,10.1700,10.2400,10.4700,2462400,25272931.0000,3,0.716890,1,-2.196757,63.747953,6.540017,20.866433,4.454647,0
2019-07-01,sz.000532,10.4000,10.6800,10.4000,10.5900,10.2400,3987683,42117595.4600,3,1.160953,1,3.417973,65.926838,6.763553,21.579641,4.606905,0
2019-07-02,sz.000532,10.5800,10.7500,10.5400,10.6400,10.5900,4045110,43192495.7800,3,1.177672,1,0.472145,66.238107,6.795487,21.681528,4.628656,0
2019-07-03,sz.000532,10.6000,10.7100,10.5000,10.5400,10.6400,3099400,32820105.9700,3,0.902343,1,-0.939853,65.615569,6.731619,21.477754,4.585154,0
2019-07-04,sz.000532,10.5400,10.6500,10.3300,10.3800,10.5400,3111200,32474166.3800,3,0.905779,1,-1.518025,64.619507,6.629432,21.151716,4.515550,0
2019-07-05,sz.000532,10.4900,10.5500,10.3800,10.5000,10.3800,2129462,22358061.5200,3,0.619961,1,1.156068,65.366553,6.706072,21.396244,4.567753,0
2019-07-08,sz.000532,10.5000,10.5200,10.1600,10.1700,10.5000,3699200,38138060.0000,3,1.076966,1,-3.142856,63.312176,6.495310,20.723791,4.424195,0
2019-07-09,sz.000532,10.1700,10.2500,10.0600,10.1600,10.1700,2610317,26429124.5300,3,0.759954,1,-0.098331,63.249922,6.488923,20.703414,4.419845,0
2019-07-10,sz.000532,10.1900,10.1900,10.0200,10.0700,10.1600,1874800,18931796.8000,3,0.545820,1,-0.885828,62.689637,6.431443,20.520017,4.380693,0
2019-07-11,sz.000532,10.1000,10.2300,10.0400,10.1200,10.0700,1820230,18421479.5800,3,0.529932,1,0.496526,63.000907,6.463376,20.621904,4.402444,0
2019-07-12,sz.000532,10.1000,10.1700,10.0400,10.1000,10.1200,1862474,18810850.9100,3,0.542231,1,-0.197624,62.876399,6.450603,20.581149,4.393743,0
2019-07-15,sz.000532,10.1300,10.4500,9.9700,10.2600,10.1000,3007970,30612236.6200,3,0.875725,1,1.584157,63.872461,6.552791,20.907187,4.463347,0
2019-07-16,sz.000532,10.2000,10.3500,10.1800,10.2400,10.2600,2319100,23848122.0000,3,0.675171,1,-0.194936,63.747953,6.540017,20.866433,4.454647,0
2019-07-17,sz.000532,10.2400,10.3500,10.2100,10.3000,10.2400,1959330,20166723.7800,3,0.570429,1,0.585942,64.121476,6.578338,20.988697,4.480748,0
2019-07-18,sz.000532,10.2300,10.2300,10.0600,10.1000,10.3000,2016400,20409357.0000,3,0.587044,1,-1.941746,62.876399,6.450603,20.581149,4.393743,0
2019-07-19,sz.000532,10.1000,10.2400,10.1000,10.1900,10.1000,1312403,13358612.5500,3,0.382086,1,0.891081,63.436684,6.508084,20.764546,4.432895,0
2019-07-22,sz.000532,10.1900,10.1900,9.2100,9.7600,10.1900,3347688,32737580.2000,3,0.974629,1,-4.219817,60.759768,6.233454,19.888319,4.245835,0
2019-07-23,sz.000532,9.7400,9.8500,9.7000,9.7800,9.7600,1389027,13576879.6800,3,0.404394,1,0.204913,60.884275,6.246227,19.929073,4.254536,0
2019-07-24,sz.000532,9.8100,9.9700,9.7800,9.8400,9.7800,1915090,18921256.1100,3,0.557549,1,0.613501,61.257798,6.284548,20.051338,4.280637,0
2019-07-25,sz.000532,9.8100,9.9200,9.8000,9.8800,9.8400,1221200,12038577.8000,3,0.355534,1,0.406504,61.506814,6.310095,20.132847,4.298038,0
2019-07-26,sz.000532,9.8100,9.8700,9.7300,9.8200,9.8800,1488041,14576856.8400,3,0.433200,1,-0.607300,61.133291,6.271774,20.010583,4.271936,0
2019-07-29,sz.000532,9.8200,9.8600,9.7100,9.8600,9.8200,1524806,14942222.9100,3,0.443924,1,0.407332,61.382306,6.297321,20.092092,4.289337,0
2019-07-30,sz.000532,9.8100,10.2000,9.8100,10.0600,9.8600,3824110,38483192.5200,3,1.113300,1,2.028400,62.627383,6.425056,20.499640,4.376342,0
2019-07-31,sz.000532,9.9500,9.9900,9.8100,9.8500,10.0600,2309597,22868205.3600,3,0.672400,1,-2.087500,61.320052,6.290935,20.071715,4.284987,0
2019-08-01,sz.000532,9.7700,9.8200,9.6800,9.8000,9.8500,1906493,18563899.2100,3,0.555000,1,-0.507600,61.008783,6.259001,19.969828,4.263236,0
2019-08-02,sz.000532,9.6000,9.6400,9.3900,9.5200,9.8000,2550023,24265482.5000,3,0.742400,1,-2.857100,59.265675,6.080172,19.399262,4.141429,0
2019-08-05,sz.000532,9.4800,9.6500,9.4300,9.4800,9.5200,1516433,14459806.5800,3,0.441500,1,-0.420200,59.016660,6.054625,19.317752,4.124028,0
2019-08-06,sz.000532,9.3700,9.3700,8.8800,9.1100,9.4800,2700344,24654333.8800,3,0.786200,1,-3.903000,56.713267,5.818316,18.563789,3.963069,0
2019-08-07,sz.000532,9.1900,9.2300,9.0800,9.0900,9.1100,1486282,13609118.7400,3,0.432700,1,-0.219500,56.588759,5.805543,18.523034,3.954369,0
2019-08-08,sz.000532,9.2000,9.2000,9.0400,9.1100,9.0900,1371396,12526465.5500,3,0.399300,1,0.220000,56.713267,5.818316,18.563789,3.963069,0
2019-08-09,sz.000532,9.1600,9.2200,8.9700,8.9900,9.1100,1634215,14814198.6800,3,0.475800,1,-1.317200,55.966220,5.741675,18.319261,3.910867,0
2019-08-12,sz.000532,9.0200,9.2000,9.0100,9.2000,8.9900,1927668,17587644.7200,3,0.561200,1,2.335900,57.273551,5.875797,18.747185,4.002222,0
2019-08-13,sz.000532,9.1500,9.2900,9.1400,9.2000,9.2000,1290905,11887035.3000,3,0.375800,1,0.000000,57.273551,5.875797,18.747185,4.002222,0
2019-08-14,sz.000532,9.2900,9.3900,9.2400,9.3000,9.2000,1751801,16341707.8800,3,0.510000,1,1.087000,57.896090,5.939664,18.950959,4.045724,0
2019-08-15,sz.000532,9.1300,9.3000,8.9800,9.2600,9.3000,2010388,18475012.2600,3,0.585300,1,-0.430100,57.647075,5.914117,18.869450,4.028323,0
2019-08-16,sz.000532,9.1900,9.4800,9.1900,9.3700,9.2600,2197800,20639835.0000,3,0.639900,1,1.187900,56.615162,5.655277,-84.230356,4.061937,0
2019-08-19,sz.000532,9.5900,10.0700,9.5300,9.8400,9.3700,4979500,48822771.3400,3,1.449700,1,5.016000,59.454984,5.938946,-88.455358,4.265684,0
2019-08-20,sz.000532,9.9100,9.9600,9.8000,9.8600,9.8400,2853810,28238444.5000,3,0.830800,1,0.203200,59.575827,5.951017,-88.635146,4.274354,0
2019-08-21,sz.000532,9.8700,10.1500,9.8700,10.0600,9.8600,3066474,30728349.8200,3,0.892800,1,2.028400,60.784262,6.071727,-90.433019,4.361055,0
2019-08-22,sz.000532,10.1400,10.1400,9.9400,9.9900,10.0600,1718443,17197532.5700,3,0.500300,1,-0.695800,60.361310,6.029479,-89.803763,4.330710,0
2019-08-23,sz.000532,10.0000,10.1100,9.8700,9.9000,9.9900,1802800,17959933.0000,3,0.524900,1,-0.900900,59.817514,5.975159,-88.994720,4.291694,0
2019-08-26,sz.000532,9.7000,9.8800,9.6900,9.8100,9.9000,2373646,23271831.4200,3,0.691100,1,-0.909100,59.273719,5.920840,-88.185677,4.252679,0
2019-08-27,sz.000532,9.8300,10.0900,9.8100,10.0000,9.8100,2316000,23149673.0000,3,0.674300,1,1.936800,60.421731,6.035514,-89.893657,4.335045,0
2019-08-28,sz.000532,10.0100,10.0800,9.9100,9.9500,10.0000,1689867,16838246.3100,3,0.492000,1,-0.500000,60.119623,6.005337,-89.444188,4.313369,0
2019-08-29,sz.000532,10.0300,10.0300,9.8100,9.8800,9.9500,2216319,21958227.2200,3,0.645200,1,-0.703500,59.696671,5.963088,-88.814933,4.283024,0
2019-08-30,sz.000532,9.9000,10.0500,9.5800,9.6300,9.8800,3085853,30165091.4300,3,0.898400,1,-2.530400,58.186127,5.812200,-86.567591,4.174648,0
2019-09-02,sz.000532,9.7000,9.9600,9.6600,9.9400,9.6300,2636410,25969433.1000,3,0.767600,1,3.219100,60.059201,5.999301,-89.354295,4.309034,0
2019-09-03,sz.000532,9.9400,10.1700,9.8800,10.0600,9.9400,3452100,34662138.0000,3,1.005000,1,1.207300,60.784262,6.071727,-90.433019,4.361055,0
2019-09-04,sz.000532,10.0600,10.1200,9.9500,10.0900,10.0600,2424332,24400446.9200,3,0.705800,1,0.298200,60.965527,6.089834,-90.702700,4.374060,0
2019-09-05,sz.000532,10.1900,10.5500,10.1200,10.2900,10.0900,5552643,57498411.5900,3,1.616600,1,1.982200,62.173962,6.210544,-92.500573,4.460761,0
2019-09-06,sz.000532,10.2600,10.3600,10.1800,10.2100,10.2900,3066617,31437859.7400,3,0.892800,1,-0.777500,61.690588,6.162260,-91.781424,4.426081,0
2019-09-09,sz.000532,10.3400,10.4600,10.2700,10.4000,10.2100,3209185,33331958.3900,3,0.934300,1,1.860900,62.838601,6.276935,-93.489403,4.508446,0
2019-09-10,sz.000532,10.5200,10.5300,10.3000,10.4300,10.4000,3733171,38893186.3800,3,1.086900,1,0.288500,63.019866,6.295041,-93.759084,4.521452,0
2019-09-11,sz.000532,10.4700,10.5000,10.2500,10.2800,10.4300,3433600,35583305.6200,3,0.999600,1,-1.438200,62.113540,6.204509,-92.410679,4.456426,0
2019-09-12,sz.000532,10.2800,10.4000,10.2000,10.3800,10.2800,2791700,28864853.0000,3,0.812800,1,0.972800,62.717757,6.264864,-93.309616,4.499776,0
2019-09-16,sz.000532,10.3800,10.4900,10.2200,10.3000,10.3800,2552775,26323032.9000,3,0.743200,1,-0.770700,62.234383,6.216580,-92.590466,4.465096,0
2019-09-17,sz.000532,10.2400,10.3100,9.9200,10.0000,10.3000,3347040,33671627.7200,3,0.974400,1,-2.912600,60.421731,6.035514,-89.893657,4.335045,0
2019-09-18,sz.000532,10.0000,10.0900,9.9600,10.0200,10.0000,1821125,18249282.0500,3,0.530200,1,0.200000,60.542575,6.047585,-90.073444,4.343715,0
2019-09-19,sz.000532,10.0800,10.1600,9.9600,10.1500,10.0200,1797905,18133067.4800,3,0.523400,1,1.297400,61.328057,6.126047,-91.242062,4.400070,0
2019-09-20,sz.000532,10.1300,10.2700,10.0900,10.2600,10.1500,3112978,31790150.1700,3,0.906300,1,1.083700,61.992696,6.192438,-92.230892,4.447756,0
2019-09-23,sz.000532,10.1900,10.2000,10.0200,10.1400,10.2600,2183850,22036910.2000,3,0.635800,1,-1.169600,61.267636,6.120012,-91.152168,4.395735,0
2019-09-24,sz.000532,10.1400,10.2400,10.0500,10.0800,10.1400,1933200,19615884.0000,3,0.562800,1,-0.591700,60.905105,6.083798,-90.612806,4.369725,0
2019-09-25,sz.000532,10.1800,10.1800,9.7500,9.7700,10.0800,3741058,36942606.3700,3,1.089200,1,-3.075400,59.032032,5.896698,-87.826103,4.235339,0
2019-09-26,sz.000532,9.7800,9.8300,9.2700,9.3700,9.7700,3689424,35134221.0400,3,1.074100,1,-4.094200,56.615162,5.655277,-84.230356,4.061937,0
2019-09-27,sz.000532,9.4600,9.6900,9.3200,9.6700,9.3700,3214246,30788301.4600,3,0.935800,1,3.201700,58.427814,5.836342,-86.927166,4.191988,0
2019-09-30,sz.000532,9.6700,9.7300,9.4500,9.4700,9.6700,2029800,19321293.0000,3,0.590900,1,-2.068300,57.219380,5.715632,-85.129293,4.105287,0
2019-10-08,sz.000532,9.4600,9.5400,9.3200,9.3500,9.4700,1921575,18113093.3400,3,0.559400,1,-1.267200,56.494319,5.643206,-84.050569,4.053267,0
2019-10-09,sz.000532,9.4500,9.4500,9.2300,9.4000,9.3500,1508027,14072651.7100,3,0.439000,1,0.534800,56.796428,5.673383,-84.500037,4.074942,0
2019-10-10,sz.000532,9.4100,9.6000,9.3800,9.6000,9.4000,1991061,18920933.2900,3,0.579700,1,2.127700,58.004862,5.794094,-86.297911,4.161643,0
2019-10-11,sz.000532,9.6200,9.6600,9.4400,9.5700,9.6000,2214500,21159337.5400,3,0.644700,1,-0.312500,57.823597,5.775987,-86.028230,4.148638,0
2019-10-14,sz.000532,10.5300,10.5300,10.5300,10.5300,9.5700,2147588,22614101.6400,3,0.625200,1,10.031300,63.624083,6.355397,-94.658021,4.564802,0
2019-10-15,sz.000532,11.5800,11.5800,11.5800,11.5800,10.5300,2627143,30422315.9400,3,0.764900,1,9.971500,69.968365,6.989126,-104.096855,5.019982,0
2019-10-16,sz.000532,12.7400,12.7400,12.7400,12.7400,11.5800,1920853,24471667.2200,3,0.559200,1,10.017300,76.977286,7.689245,-114.524519,5.522847,0
2019-10-17,sz.000532,14.0100,14.0100,13.9100,14.0100,12.7400,33434102,468380581.3800,3,9.733800,1,9.968600,84.650846,8.455756,-125.941013,6.073397,0
2019-10-18,sz.000532,13.9800,14.9900,13.5100,14.5000,14.0100,75680548,1085354908.3300,3,22.033200,1,3.497500,87.611511,8.751496,-130.345802,6.285815,0
2019-10-21,sz.000532,14.0000,14.0000,13.0500,13.0500,14.5000,14684800,197438774.9500,3,4.275300,1,-10.000000,78.850360,7.876346,-117.311222,5.657233,0
2019-10-22,sz.000532,13.0900,13.5800,12.1400,12.5700,13.0500,54418078,695866731.0500,3,15.843000,1,-3.678200,75.950116,7.586642,-112.996327,5.449151,0
2019-10-23,sz.000532,12.1600,12.3000,11.6100,11.6800,12.5700,40671167,485026770.8600,3,11.840800,1,-7.080300,70.572582,7.049481,-104.995791,5.063332,0
2019-10-24,sz.000532,11.6700,11.9500,11.4200,11.6800,11.6800,30410811,356064400.5500,3,8.853600,1,0.000000,70.572582,7.049481,-104.995791,5.063332,0
2019-10-25,sz.000532,11.6900,11.9700,11.3900,11.8400,11.6800,27491076,323374998.5700,3,8.003600,1,1.369900,69.078133,8.071552,484.527972,5.081180,0
2019-10-28,sz.000532,11.5000,12.3500,11.3300,11.9000,11.8400,33733500,402888155.8700,3,9.821000,1,0.506800,69.428191,8.112455,486.983350,5.106929,0
2019-10-29,sz.000532,11.7900,12.2500,11.6200,12.0700,11.9000,29985039,359182212.9500,3,8.729700,1,1.428600,70.420022,8.228347,493.940255,5.179885,0
2019-10-30,sz.000532,11.8000,12.0900,10.9700,11.1200,12.0700,30209642,346425418.6900,3,8.795100,1,-7.870800,64.877435,7.580714,455.063433,4.772189,0
2019-10-31,sz.000532,11.1800,11.5800,10.7800,11.2000,11.1200,25452057,283497892.0900,3,7.410000,1,0.719400,65.344179,7.635252,458.337271,4.806522,0
2019-11-01,sz.000532,10.9500,11.2300,10.8200,11.0800,11.2000,15262355,168426284.3000,3,4.443400,1,-1.071400,64.644063,7.553446,453.426514,4.755023,0
2019-11-04,sz.000532,11.1200,11.3300,11.0400,11.2000,11.0800,14571994,163155790.1500,3,4.242400,1,1.083000,65.344179,7.635252,458.337271,4.806522,0
2019-11-05,sz.000532,11.1600,11.5500,10.9500,11.2300,11.2000,16799312,188605706.9200,3,4.890900,1,0.267900,65.519209,7.655704,459.564960,4.819396,0
2019-11-06,sz.000532,11.2200,11.2200,10.8600,11.0300,11.2300,11608734,128008063.2600,3,3.379700,1,-1.780900,64.352348,7.519360,451.380366,4.733566,0
2019-11-07,sz.000532,11.0900,11.1500,10.8800,11.0700,11.0300,9439007,104198196.3000,3,2.748000,1,0.362600,64.585720,7.546629,453.017285,4.750732,0
2019-11-08,sz.000532,11.1500,11.4600,11.0800,11.2200,11.0700,15732713,176898274.4300,3,4.580300,1,1.355000,65.460865,7.648886,459.155730,4.815105,0
2019-11-11,sz.000532,11.2000,11.9400,11.0200,11.4300,11.2200,21071688,242454321.8000,3,6.134700,1,1.871700,66.686069,7.792047,467.749554,4.905227,0
2019-11-12,sz.000532,11.2300,11.8800,11.2200,11.6700,11.4300,21488365,249675438.1300,3,6.256000,1,2.099700,68.086301,7.955660,477.571067,5.008224,0
2019-11-13,sz.000532,11.5500,12.2800,11.4700,12.2800,11.6700,26871439,319262576.0200,3,7.823200,1,5.227100,71.645225,8.371508,502.534079,5.270008,0
2019-11-14,sz.000532,12.1000,12.5000,11.9200,12.0300,12.2800,25241319,306835901.6500,3,7.348600,1,-2.035800,70.186650,8.201079,492.303336,5.162719,0
2019-11-15,sz.000532,11.8900,12.8000,11.8800,12.4000,12.0300,28532558,353933979.2800,3,8.306800,1,3.075600,72.345342,8.453315,507.444836,5.321506,0
2019-11-18,sz.000532,12.1800,12.2600,11.8800,11.9200,12.4000,19302015,232356235.0600,3,5.619500,1,-3.871000,69.544877,8.126090,487.801810,5.115512,0
2019-11-19,sz.000532,11.8500,12.3800,11.8200,12.2200,11.9200,19607620,237415273.2500,3,5.708500,1,2.516800,71.295167,8.330605,500.078701,5.244258,0
2019-11-20,sz.000532,12.1400,12.4300,11.9400,12.0000,12.2200,15386894,186580065.0200,3,4.479700,1,-1.800300,70.011621,8.180627,491.075647,5.149845,0
2019-11-21,sz.000532,11.9000,12.3000,11.9000,12.2700,12.0000,13018969,158089341.3200,3,3.790300,1,2.250000,71.586882,8.364691,502.124849,5.265716,0
2019-11-22,sz.000532,12.2100,12.3400,12.0000,12.1300,12.2700,12194200,148555299.5000,3,3.550200,1,-1.141000,70.770080,8.269251,496.395634,5.205635,0
2019-11-25,sz.000532,12.2200,12.2600,10.9200,10.9300,12.1300,23203302,264500119.5400,3,6.755300,1,-9.892800,63.768918,7.451188,447.288069,4.690650,0
2019-11-26,sz.000532,10.9500,11.2500,10.8000,11.1200,10.9300,12997986,144182124.8000,3,3.784200,1,1.738300,64.877435,7.580714,455.063433,4.772189,0
2019-11-27,sz.000532,11.1100,11.3600,11.0000,11.2300,11.1200,9269107,103901838.5800,3,2.698600,1,0.989200,65.519209,7.655704,459.564960,4.819396,0
2019-11-28,sz.000532,11.2200,11.4700,11.1300,11.4500,11.2300,10730216,121147604.5000,3,3.123900,1,1.959000,66.802755,7.805682,468.568014,4.913810,0
2019-11-29,sz.000532,11.2100,11.6200,11.2100,11.4900,11.4500,10066375,115608366.9900,3,2.930700,1,0.349300,67.036127,7.832950,470.204932,4.930976,0
2019-12-02,sz.000532,11.5700,11.8600,11.4600,11.5100,11.4900,10163276,118073886.6300,3,2.958900,1,0.174100,67.152813,7.846585,471.023392,4.939559,0
2019-12-03,sz.000532,11.3300,11.8300,11.2500,11.7700,11.5100,11025329,127418314.6700,3,3.209900,1,2.258900,68.669731,8.023832,481.663364,5.051139,0
2019-12-04,sz.000532,11.6800,12.2900,11.6300,12.1200,11.7700,15002370,181194511.1100,3,4.367700,1,2.973700,70.711737,8.262433,495.986404,5.201343,0
2019-12-05,sz.000532,12.3100,12.4400,11.9900,12.1800,12.1200,13660935,165908126.7000,3,3.977200,1,0.495100,71.061795,8.303337,498.441782,5.227092,0
2019-12-06,sz.000532,12.3500,12.6000,12.1500,12.6000,12.1800,19651894,243331463.4400,3,5.721400,1,3.448300,73.512202,8.589658,515.629430,5.407337,0
2019-12-09,sz.000532,12.3300,12.7700,12.2500,12.4900,12.6000,15983684,200265967.4800,3,4.653400,1,-0.873000,72.870429,8.514669,511.127903,5.360130,0
2019-12-10,sz.000532,12.4700,13.0700,12.4100,12.8800,12.4900,19482635,250348364.2900,3,5.672100,1,3.122500,75.145806,8.780540,527.087861,5.527500,0
2019-12-11,sz.000532,12.8900,13.1300,12.7500,12.8900,12.8800,14334414,185595083.4200,3,4.173200,1,0.077600,75.204149,8.787357,527.497091,5.531791,0
2019-12-12,sz.000532,12.8700,13.5600,12.6300,13.1600,12.8900,22814356,297392500.0600,3,6.642100,1,2.094600,76.779411,8.971421,538.546293,5.647663,0
2019-12-13,sz.000532,13.6900,14.4000,13.3800,14.2000,13.1600,35232274,486253787.1100,3,10.257300,1,7.902700,82.847085,9.680409,581.106183,6.093983,0
2019-12-16,sz.000532,14.2100,14.8800,13.8800,14.6700,14.2000,33419513,479644537.3900,3,9.729600,1,3.309900,85.589206,10.000817,600.339979,6.295685,0
2019-12-17,sz.000532,14.4000,14.8000,13.5200,13.6300,14.6700,37658234,536009777.7900,3,10.963600,1,-7.089300,79.521533,9.291829,557.780089,5.849365,0
2019-12-18,sz.000532,13.3700,13.8500,13.3500,13.6200,13.6300,26864970,364434349.9300,3,7.821300,1,-0.073400,79.463190,9.285012,557.370860,5.845074,0
2019-12-19,sz.000532,13.6000,13.6000,12.3400,12.7800,13.6200,27353987,352288485.6400,3,7.963700,1,-6.167400,74.562376,8.712368,522.995564,5.484585,0
2019-12-20,sz.000532,12.8400,13.0100,11.9200,11.9600,12.7800,34037402,422388969.3600,3,9.909500,1,-6.416300,69.778249,8.153358,489.438729,5.132678,0
2019-12-23,sz.000532,11.8500,11.8700,11.2000,11.2600,11.9600,22940922,264863174.7000,3,6.678900,1,-5.852800,65.694238,7.676155,460.792649,4.832271,0
2019-12-24,sz.000532,11.2500,11.4300,11.2500,11.4000,11.2600,13652191,154896640.3900,3,3.974600,1,1.243300,66.511040,7.771596,466.521865,4.892352,0
2019-12-25,sz.000532,11.3800,11.5400,11.2600,11.4700,11.4000,13224591,150706983.5400,3,3.850100,1,0.614000,66.919441,7.819316,469.386473,4.922393,0
2019-12-26,sz.000532,11.4300,11.5500,11.3000,11.4500,11.4700,11946185,136283763.1000,3,3.478000,1,-0.174400,66.802755,7.805682,468.568014,4.913810,0
2019-12-27,sz.000532,11.5000,11.9800,11.4800,11.8200,11.4500,24371473,287136764.8100,3,7.095400,1,3.231400,68.961447,8.057918,483.709513,5.072597,0
2019-12-30,sz.000532,11.8800,12.2200,11.8300,12.0600,11.8200,19726073,237852986.6900,3,5.742900,1,2.030500,70.361679,8.221530,493.531026,5.175594,0
2019-12-31,sz.000532,12.1900,12.1900,11.8000,11.8900,12.0600,13732472,163594416.4000,3,3.998000,1,-1.409600,69.369848,8.105638,486.574121,5.102638,0
2020-01-02,sz.000532,12.0500,12.3200,11.9500,12.0800,11.8900,15778506,191240500.8600,3,4.593700,1,1.598000,70.478365,8.235165,494.349485,5.184177,0
2020-01-03,sz.000532,12.0600,12.0600,11.7600,11.8600,12.0800,14507495,172569534.0000,3,4.223600,1,-1.821200,69.194819,8.085186,485.346431,5.089763,0
2020-01-06,sz.000532,11.6500,11.9400,11.5600,11.8200,11.8600,11265585,132637146.5000,3,3.279800,1,-0.337300,68.961447,8.057918,483.709513,5.072597,0
2020-01-07,sz.000532,11.8300,12.0200,11.7500,11.9900,11.8200,10995195,131069940.3100,3,3.201100,1,1.438200,69.953278,8.173810,490.666418,5.145553,0
2020-01-08,sz.000532,11.8700,11.9300,11.6100,11.6100,11.9900,12145036,142872941.0600,3,3.535800,1,-3.169300,67.736243,7.914757,475.115689,4.982475,0
2020-01-09,sz.000532,11.7000,11.8100,11.6800,11.7600,11.6100,7731942,90806118.9400,3,2.251000,1,1.292000,68.611388,8.017015,481.254134,5.046848,0
2020-01-10,sz.000532,11.8000,11.8700,11.6100,11.6900,11.7600,6090513,71406175.1700,3,1.773200,1,-0.595200,68.202987,7.969294,478.389526,5.016807,0
2020-01-13,sz.000532,11.6700,11.7800,11.3800,11.7800,11.6900,8337368,96813750.4000,3,2.427300,1,0.769900,68.728074,8.030649,482.072594,5.055431,0
2020-01-14,sz.000532,11.8300,12.1600,11.8200,12.0800,11.7800,16547822,199362024.9600,3,4.817600,1,2.546700,70.478365,8.235165,494.349485,5.184177,0
2020-01-15,sz.000532,12.0800,12.0800,11.8100,11.8900,12.0800,8774604,104317522.0700,3,2.554600,1,-1.572800,69.369848,8.105638,486.574121,5.102638,0
2020-01-16,sz.000532,11.9200,12.1100,11.8900,11.9700,11.8900,9000881,108071180.7800,3,2.620500,1,0.672800,69.836592,8.160176,489.847958,5.136970,0
2020-01-17,sz.000532,11.9700,12.0600,11.8400,11.8900,11.9700,6626148,79120499.6800,3,1.929100,1,-0.668300,69.369848,8.105638,486.574121,5.102638,0
2020-01-20,sz.000532,11.8100,11.8900,11.5700,11.7600,11.8900,6373401,74597962.6100,3,1.855500,1,-1.093400,68.611388,8.017015,481.254134,5.046848,0
2020-01-21,sz.000532,11.7500,11.7500,11.4400,11.4400,11.7600,7098413,81925511.5600,3,2.066600,1,-2.721100,66.744412,7.798865,468.158784,4.909519,0
2020-01-22,sz.000532,11.3500,11.5100,11.1100,11.4300,11.4400,6606284,74573946.1700,3,1.923300,1,-0.087400,66.686069,7.792047,467.749554,4.905227,0
2020-01-23,sz.000532,11.4000,11.4600,11.0100,11.0600,11.4300,6631801,74283644.0500,3,1.930700,1,-3.237100,64.527377,7.539811,452.608055,4.746440,0
2020-02-03,sz.000532,9.9500,9.9500,9.9500,9.9500,11.0600,837700,8335115.0000,3,0.243900,1,-10.036200,58.051302,6.783103,407.183558,4.270080,0
2020-02-04,sz.000532,8.9600,9.7000,8.9600,9.5600,9.9500,12357171,116056495.3600,3,3.597600,1,-3.919600,55.775925,6.517233,391.223599,4.102710,0
2020-02-05,sz.000532,9.5200,10.0700,9.4400,9.8500,9.5600,9882861,97330025.3000,3,2.877200,1,3.033500,57.467872,6.714931,403.091261,4.227164,0
2020-02-06,sz.000532,9.9700,10.0500,9.8200,10.0100,9.8500,7562632,75492596.9500,3,2.201700,1,1.624400,58.401360,6.824006,409.638936,4.295829,0
2020-02-07,sz.000532,9.9600,10.1100,9.9000,10.1000,10.0100,7181502,71840201.9500,3,2.090800,1,0.899100,58.926448,6.885361,413.322003,4.334453,0
2020-02-10,sz.000532,9.9800,10.4300,9.9800,10.2900,10.1000,6973180,71427181.7800,3,2.030100,1,1.881200,60.034965,7.014888,421.097368,4.415992,0
2020-02-11,sz.000532,10.2400,10.3900,10.2000,10.2400,10.2900,5777101,59449577.3100,3,1.681900,1,-0.485900,59.743250,6.980802,419.051219,4.394534,0
2020-02-12,sz.000532,10.2700,10.4700,10.2100,10.4600,10.2400,6316751,65545956.4100,3,1.839000,1,2.148400,61.026796,7.130780,428.054273,4.488948,0
2020-02-13,sz.000532,10.4400,10.5500,10.2100,10.2100,10.4600,6342499,65399370.5700,3,1.846500,1,-2.390100,59.568221,6.960350,417.823530,4.381659,0
2020-02-14,sz.000532,10.2400,10.5600,10.1700,10.3600,10.2100,7415840,76882317.5400,3,2.159000,1,1.469100,60.443366,7.062608,423.961976,4.446033,0
2020-02-17,sz.000532,10.4300,10.7400,10.4300,10.7400,10.3600,9316912,98892598.2800,3,2.712500,1,3.668000,62.660401,7.321661,439.512704,4.609111,0
2020-02-18,sz.000532,10.7700,10.9200,10.6500,10.8700,10.7400,8541414,92091878.8000,3,2.486700,1,1.210400,63.418860,7.410285,444.832691,4.664901,0
2020-02-19,sz.000532,10.8300,11.2800,10.8300,11.0800,10.8700,11582077,128301563.9100,3,3.371900,1,1.931900,63.418860,7.410285,444.832691,4.664901,0
2020-02-20,sz.000532,11.0500,11.4500,10.9100,11.3800,11.0800,13724164,153449823.3800,3,3.995600,1,2.707600,66.394354,7.757961,465.703406,4.883769,0
2020-02-21,sz.000532,11.2800,11.5700,11.2800,11.4000,11.3800,13211008,150928128.9300,3,3.846200,1,0.175700,66.511040,7.771596,466.521865,4.892352,0
2020-02-24,sz.000532,11.4300,11.5300,11.2100,11.4100,11.4000,12280010,139868063.7200,3,3.575100,1,0.087700,66.569383,7.778413,466.931095,4.896644,0
2020-02-25,sz.000532,11.1600,11.3700,10.6300,11.3100,11.4100,14287617,159161764.3300,3,4.159600,1,-0.876400,65.985953,7.710241,462.838798,4.853729,0
2020-02-26,sz.000532,11.5200,11.8600,11.2000,11.2100,11.3100,16702524,192784490.6200,3,4.862700,1,-0.884200,65.402522,7.642069,458.746501,4.810813,0
2020-02-27,sz.000532,11.3500,11.4700,11.0600,11.0700,11.2100,10581337,118829972.2400,3,3.080600,1,-1.248900,64.585720,7.546629,453.017285,4.750732,0
2020-02-28,sz.000532,10.6000,11.3800,10.5200,11.1300,11.0700,17206948,190343909.0000,3,5.009500,1,0.542000,64.935778,7.587532,455.472663,4.776481,0
2020-03-02,sz.000532,11.3600,11.6000,11.0100,11.6000,11.1300,21057452,239758265.2100,3,6.130600,1,4.222800,67.677900,7.907940,474.706459,4.978183,0
2020-03-03,sz.000532,11.6700,11.7500,11.4000,11.4700,11.6000,16920424,195114314.5400,3,4.926100,1,-1.120700,66.919441,7.819316,469.386473,4.922393,0
2020-03-04,sz.000532,11.3800,11.4500,11.1200,11.3500,11.4700,9855896,111234958.6300,3,2.869400,1,-1.046200,66.219325,7.737510,464.475716,4.870895,0
2020-03-05,sz.000532,11.4300,12.4900,11.2000,12.4900,11.3500,24155145,293302431.1300,3,7.032400,1,10.044000,72.870429,8.514669,511.127903,5.360130,0
2020-03-06,sz.000532,12.5800,13.2000,12.3800,12.3900,12.4900,44447681,568415968.2800,3,12.940300,1,-0.800600,72.286999,8.446497,507.035606,5.317215,0
2020-03-09,sz.000532,12.8300,12.9700,11.9300,12.0300,12.3900,31824562,401050432.5500,3,9.265200,1,-2.905600,70.186650,8.201079,492.303336,5.162719,0
2020-03-10,sz.000532,11.5700,11.9500,10.9700,11.6900,12.0300,24731608,283035376.4900,3,7.200200,1,-2.826300,68.202987,7.969294,478.389526,5.016807,0
2020-03-11,sz.000532,11.7000,11.7000,11.3100,11.3800,11.6900,17500118,201005946.0700,3,5.094900,1,-2.651800,66.394354,7.757961,465.703406,4.883769,0
2020-03-12,sz.000532,11.1100,11.6600,11.0000,11.1300,11.3800,12972268,146660900.0800,3,3.776700,1,-2.196800,64.935778,7.587532,455.472663,4.776481,0
2020-03-13,sz.000532,10.3600,10.8600,10.2500,10.5800,11.1300,14113237,148416840.8300,3,4.108900,1,-4.941600,61.726912,7.212586,432.965029,4.540446,0
2020-03-16,sz.000532,10.7000,10.8000,9.9900,10.0900,10.5800,11383102,119177990.4800,3,3.314000,1,-4.631400,58.868105,6.878544,412.912773,4.330161,0
2020-03-17,sz.000532,10.3500,10.3700,9.5900,9.9000,10.0900,8993300,89139782.0000,3,2.618300,1,-1.883100,57.759587,6.749017,405.137409,4.248622,0
2020-03-18,sz.000532,10.0100,10.4500,9.9500,10.0000,9.9000,9510127,96481438.3200,3,2.768700,1,1.010100,58.343017,6.817189,409.229706,4.291537,0
2020-03-19,sz.000532,9.9400,10.1600,9.8000,10.1000,10.0000,6834426,68192618.9500,3,1.989700,1,1.000000,58.926448,6.885361,413.322003,4.334453,0
2020-03-20,sz.000532,10.2000,10.4100,10.0000,10.3100,10.1000,6496964,66354080.6900,3,1.891500,1,2.079200,60.151651,7.028522,421.915827,4.424575,0
2020-03-23,sz.000532,10.1100,10.2300,9.9000,9.9900,10.3100,5402489,54565449.1300,3,1.572900,1,-3.103800,58.284674,6.810372,408.820476,4.287246,0
2020-03-24,sz.000532,10.1500,10.2900,9.9800,10.2700,9.9900,5088388,51827662.6500,3,1.481400,1,2.802800,59.918279,7.001253,420.278908,4.407409,0
2020-03-25,sz.000532,10.5000,10.5900,10.3500,10.4700,10.2700,7061587,73759403.0400,3,2.055900,1,1.947400,50.960516,8.343031,-52.951666,4.251401,0
2020-03-26,sz.000532,10.4100,10.4500,10.2100,10.2100,10.4700,5356365,55344754.3500,3,1.559400,1,-2.483300,49.695021,8.135850,-51.636725,4.145827,0
2020-03-27,sz.000532,10.3400,10.3900,10.1600,10.1600,10.2100,4287000,44026797.0000,3,1.248100,1,-0.489700,49.451657,8.096007,-51.383852,4.125524,0
2020-03-30,sz.000532,10.0000,10.0600,9.8400,9.9300,10.1600,4851201,48130632.8600,3,1.412400,1,-2.263800,48.332180,7.912732,-50.220635,4.032131,0
2020-03-31,sz.000532,10.0600,10.1300,9.9100,9.9200,9.9300,3338701,33389031.0700,3,0.972000,1,-0.100700,48.283507,7.904763,-50.170060,4.028071,0
2020-04-01,sz.000532,9.9900,10.0800,9.8800,9.9200,9.9200,3846301,38371889.8800,3,1.119800,1,0.000000,48.283507,7.904763,-50.170060,4.028071,0
2020-04-02,sz.000532,9.8500,10.1700,9.7600,10.1700,9.9200,5756120,57715532.7400,3,1.675800,1,2.520200,49.500329,8.103976,-51.434427,4.129585,0
2020-04-03,sz.000532,10.1100,10.9000,10.0500,10.6300,10.1700,10723451,111077267.3100,3,3.122000,1,4.523100,51.739282,8.470527,-53.760861,4.316370,0
2020-04-07,sz.000532,10.5100,10.7200,10.3700,10.6700,10.6300,10626449,112212166.1100,3,3.093700,1,0.376300,51.933974,8.502401,-53.963160,4.332612,0
2020-04-08,sz.000532,10.5600,10.6300,10.4800,10.5400,10.6700,5481436,57812741.8000,3,1.595800,1,-1.218400,51.301226,8.398811,-53.305689,4.279825,0
2020-04-09,sz.000532,10.5800,11.0400,10.5500,10.7300,10.5400,9750161,105435149.8400,3,2.838600,1,1.802700,52.226011,8.550213,-54.266607,4.356976,0
2020-04-10,sz.000532,10.7300,10.8000,10.3800,10.4900,10.7300,7272861,76870026.6000,3,2.117400,1,-2.236700,51.057862,8.358968,-53.052816,4.259522,0
2020-04-13,sz.000532,10.4600,10.4600,10.2100,10.2200,10.4900,4585401,47293180.3200,3,1.335000,1,-2.573900,49.743694,8.143818,-51.687300,4.149887,0
2020-04-14,sz.000532,10.3000,10.4400,10.2100,10.4200,10.2200,4027550,41746520.7400,3,1.172600,1,1.956900,50.717152,8.303189,-52.698793,4.231098,0
2020-04-15,sz.000532,10.4200,10.4700,10.2100,10.2300,10.4200,4271662,44169511.8200,3,1.243600,1,-1.823400,49.792367,8.151787,-51.737875,4.153948,0
2020-04-16,sz.000532,10.1800,10.2900,10.0800,10.2300,10.2300,3890623,39621408.1400,3,1.132700,1,0.000000,49.792367,8.151787,-51.737875,4.153948,0
2020-04-17,sz.000532,10.3200,10.4100,10.2300,10.3900,10.2300,4922107,50868564.9800,3,1.433000,1,1.564000,50.571133,8.279283,-52.547069,4.218917,0
2020-04-20,sz.000532,10.3500,10.4400,10.2800,10.4100,10.3900,3466701,35936333.3900,3,1.009300,1,0.192500,50.668479,8.295220,-52.648218,4.227038,0
2020-04-21,sz.000532,10.9000,11.0900,10.5200,10.6300,10.4100,12742603,137859072.2200,3,3.709800,1,2.113400,51.739282,8.470527,-53.760861,4.316370,0
2020-04-22,sz.000532,10.4700,10.5600,10.2800,10.5300,10.6300,7283701,75767802.5000,3,2.120500,1,-0.940700,51.252554,8.390842,-53.255114,4.275765,0
2020-04-23,sz.000532,10.5300,10.5600,10.3500,10.3700,10.5300,4582817,47754099.0600,3,1.334200,1,-1.519500,50.473787,8.263346,-52.445920,4.210796,0
2020-04-24,sz.000532,10.3200,10.3600,10.1100,10.2000,10.3700,5570209,56721700.7200,3,1.621700,1,-1.639300,50.316524,8.396307,-52.724092,4.128091,0
2020-04-27,sz.000532,10.5900,10.9500,10.4900,10.5600,10.2000,15453401,165523516.4300,3,4.499000,1,3.529400,52.092401,8.692647,-54.584942,4.273788,0
2020-04-28,sz.000532,11.0500,11.6200,11.0400,11.5900,10.5600,39098320,447599809.7900,3,11.382900,1,9.753800,57.173384,9.540509,-59.909041,4.690644,0
2020-04-29,sz.000532,10.5400,10.9300,10.5400,10.6400,11.5900,25467491,272903785.1500,3,7.414500,1,-8.196700,52.487041,8.758500,-54.998464,4.306165,0
2020-04-30,sz.000532,10.6000,10.8500,10.4400,10.7300,10.6400,15851893,169016571.7200,3,4.615000,1,0.845900,52.931010,8.832585,-55.463677,4.342589,0
2020-05-06,sz.000532,10.4700,10.8100,10.4700,10.7800,10.7300,10599258,113198034.6300,3,3.085800,1,0.466000,53.177660,8.873744,-55.722128,4.362825,0
2020-05-07,sz.000532,10.7000,10.8500,10.6000,10.7900,10.7800,10647511,114136987.0400,3,3.099900,1,0.092800,53.226990,8.881975,-55.773818,4.366872,0
2020-05-08,sz.000532,10.7900,11.1000,10.7600,11.1000,10.7900,14185729,154756057.3800,3,4.130000,1,2.873000,54.756217,9.137157,-57.376217,4.492334,0
2020-05-11,sz.000532,11.0700,11.1500,10.8800,10.9800,11.1000,9828642,107939385.2300,3,2.861500,1,-1.081100,54.164258,9.038377,-56.755934,4.443768,0
2020-05-12,sz.000532,10.9900,11.0300,10.7400,10.9300,10.9800,6381202,69390504.7000,3,1.857800,1,-0.455400,53.917609,8.997219,-56.497482,4.423532,0
2020-05-13,sz.000532,10.8100,11.0500,10.8000,11.0300,10.9300,6864491,75139370.1400,3,1.998500,1,0.914900,54.410908,9.079535,-57.014385,4.464004,0
2020-05-14,sz.000532,10.9000,11.1000,10.7300,10.7300,11.0300,8213500,89618813.0000,3,2.391200,1,-2.719900,52.931010,8.832585,-55.463677,4.342589,0
2020-05-15,sz.000532,11.8000,11.8000,11.8000,11.8000,10.7300,5632665,66465447.0000,3,1.639900,1,9.972000,58.209312,9.713374,-60.994537,4.775634,0
2020-05-18,sz.000532,11.9800,12.6900,11.5500,11.6600,11.8000,39914884,479254211.8900,3,11.620600,1,-1.186400,57.518693,9.598131,-60.270873,4.718974,0
2020-05-19,sz.000532,11.5700,11.9400,11.3000,11.6600,11.6600,24415724,281668881.6500,3,7.108300,1,0.000000,57.518693,9.598131,-60.270873,4.718974,0
2020-05-20,sz.000532,11.4800,11.5500,11.0800,11.1000,11.6600,16398399,184870367.6800,3,4.774100,1,-4.802700,54.756217,9.137157,-57.376217,4.492334,0
2020-05-21,sz.000532,11.1700,11.2900,11.0300,11.2300,11.1000,9761052,108996308.1100,3,2.841800,1,1.171200,55.397506,9.244169,-58.048191,4.544947,0
2020-05-22,sz.000532,11.1200,11.9900,11.1000,11.5700,11.2300,23456718,270775403.3500,3,6.829100,1,3.027600,57.074724,9.524046,-59.805661,4.682550,0
2020-05-25,sz.000532,11.4600,11.8800,11.2300,11.4000,11.5700,14619107,168028425.9700,3,4.256100,1,-1.469300,56.236115,9.384107,-58.926926,4.613748,0
2020-05-26,sz.000532,11.5200,11.9600,11.3200,11.7600,11.4000,19619481,230269143.7900,3,5.711900,1,3.157900,58.011993,9.680448,-60.787776,4.759446,0
2020-05-27,sz.000532,11.7000,12.0800,11.6700,11.9300,11.7600,20601888,244856242.9200,3,5.997900,1,1.445600,58.850601,9.820386,-61.666511,4.828247,0
2020-05-28,sz.000532,11.8000,12.2300,11.5200,11.6300,11.9300,18601491,220434255.2000,3,5.415500,1,-2.514700,57.370703,9.573436,-60.115802,4.706833,0
2020-05-29,sz.000532,11.4200,11.5100,11.1400,11.3300,11.6300,13248269,149797686.2900,3,3.856300,1,-2.579500,55.890806,9.326486,-58.565094,4.585418,0
2020-06-01,sz.000532,11.3500,11.7300,11.2600,11.5900,11.3300,13632518,157118175.4900,3,3.968100,1,2.294800,57.173384,9.540509,-59.909041,4.690644,0
2020-06-02,sz.000532,11.5900,11.8700,11.5500,11.6800,11.5900,12669091,148196516.4000,3,3.687700,1,0.776500,57.617353,9.614594,-60.374254,4.727068,0
2020-06-03,sz.000532,11.7000,11.7000,11.3700,11.4300,11.6800,12616008,144956470.9000,3,3.672300,1,-2.140400,56.384105,9.408802,-59.081997,4.625890,0
2020-06-04,sz.000532,11.3900,11.6000,11.2200,11.2800,11.4300,9354500,106132594.0000,3,2.722900,1,-1.312300,55.644156,9.285327,-58.306642,4.565182,0
2020-06-05,sz.000532,11.2200,11.3600,11.0000,11.2700,11.2800,8819801,98719659.1600,3,2.567300,1,-0.088600,55.594826,9.277096,-58.254952,4.561135,0
2020-06-08,sz.000532,11.2800,11.3600,11.1200,11.1400,11.2700,5704501,63942516.1600,3,1.660500,1,-1.153500,54.953537,9.170084,-57.582978,4.508522,0
2020-06-09,sz.000532,11.1700,11.2500,11.1000,11.2200,11.1400,4210455,47146313.9600,3,1.225600,1,0.718100,55.348177,9.235937,-57.996501,4.540900,0
2020-06-10,sz.000532,11.2400,11.2400,11.0300,11.1100,11.2200,3993469,44385091.2500,3,1.162400,1,-0.980400,54.805547,9.145389,-57.427908,4.496381,0
2020-06-11,sz.000532,11.1400,11.3500,11.0500,11.2000,11.1100,5832658,65485469.5500,3,1.697800,1,0.810100,55.249517,9.219474,-57.893120,4.532805,0
2020-06-12,sz.000532,10.9600,11.4500,10.8900,11.3000,11.1700,7697712,86108083.4800,3,2.240600,1,1.163800,55.742816,9.301791,-58.410023,4.573277,0
2020-06-15,sz.000532,11.3400,11.6600,11.2300,11.5300,11.3000,14685567,169338684.5000,3,4.274700,1,2.035400,56.877404,9.491119,-59.598900,4.666361,0
2020-06-16,sz.000532,11.4900,11.5900,11.4200,11.5700,11.5300,8094900,93109786.0000,3,2.356300,1,0.346900,57.074724,9.524046,-59.805661,4.682550,0
2020-06-17,sz.000532,11.5700,11.5900,11.3000,11.3900,11.5700,6458601,73598952.4300,3,1.880000,1,-1.555700,56.186785,9.375876,-58.875236,4.609701,0
2020-06-18,sz.000532,11.3900,11.3900,11.2100,11.3000,11.3900,5113300,57791527.8000,3,1.488400,1,-0.790200,55.742816,9.301791,-58.410023,4.573277,0
2020-06-19,sz.000532,11.2600,11.5200,11.2600,11.4800,11.3000,6505744,74255887.4700,3,1.893700,1,1.592900,56.630755,9.449961,-59.340448,4.646125,0
2020-06-22,sz.000532,11.4500,11.6900,11.3300,11.4900,11.4800,10263454,118476141.6500,3,2.987500,1,0.087100,56.680085,9.458192,-59.392138,4.650173,0
2020-06-23,sz.000532,11.4700,11.5600,11.2700,11.2900,11.4900,6449309,73134928.3000,3,1.877300,1,-1.740600,55.693486,9.293559,-58.358333,4.569230,0
2020-06-24,sz.000532,11.3000,11.6900,11.2700,11.6400,11.2900,14571526,168703722.9800,3,4.241500,1,3.100100,57.420033,9.581668,-60.167493,4.710880,0
2020-06-29,sz.000532,11.5500,11.8000,11.4700,11.8000,11.6400,11204839,130302377.9800,3,3.261500,1,1.374600,58.209312,9.713374,-60.994537,4.775634,0
2020-06-30,sz.000532,11.9000,12.1600,11.5000,11.9400,11.8000,16363829,194868685.7600,3,4.763200,1,1.186400,58.899931,9.828618,-61.718201,4.832294,0
2020-07-01,sz.000532,11.8500,11.8700,11.5500,11.7200,11.9400,11731967,137333560.3300,3,3.414900,1,-1.842500,57.814673,9.647521,-60.581015,4.743257,0
2020-07-02,sz.000532,11.7000,12.2800,11.6500,12.1600,11.7200,19363036,232456710.2900,3,5.636200,1,3.754300,59.985190,10.009715,-62.855388,4.921331,0
2020-07-03,sz.000532,12.0600,12.7000,12.0200,12.4600,12.1600,20883382,256548771.3100,3,6.078700,1,2.467100,61.465087,10.256665,-64.406096,5.042746,0
2020-07-06,sz.000532,12.5000,13.1300,12.4000,12.9300,12.4600,23787982,305299578.2200,3,6.924200,1,3.772100,63.783594,10.643553,-66.835540,5.232962,0
2020-07-07,sz.000532,12.9000,12.9500,12.4500,12.6600,12.9300,20731194,263208261.9200,3,6.034400,1,-2.088200,62.451686,10.421298,-65.439902,5.123689,0
2020-07-08,sz.000532,12.5800,12.8900,12.5100,12.8200,12.6600,15779771,201059491.6400,3,4.593200,1,1.263800,63.240965,10.553005,-66.266946,5.188443,0
2020-07-09,sz.000532,12.6700,12.9700,12.6100,12.8300,12.8200,19898374,254189740.1900,3,5.792000,1,0.078000,63.290295,10.561237,-66.318637,5.192490,0
2020-07-10,sz.000532,12.7400,13.6000,12.5700,13.1900,12.8300,25963761,342707641.5800,3,7.557500,1,2.805900,65.066172,10.857577,-68.179487,5.338188,0
2020-07-13,sz.000532,13.1500,13.7700,13.0300,13.6000,13.1900,20689440,280334410.5600,3,6.022300,1,3.108400,67.088699,11.195075,-70.298789,5.504121,0
2020-07-14,sz.000532,13.5800,13.8900,13.0000,13.2000,13.6000,15903964,211755648.5200,3,4.629300,1,-2.941200,65.115502,10.865809,-68.231177,5.342235,0
2020-07-15,sz.000532,13.1500,14.5200,12.7200,14.0200,13.2000,28277667,389219119.2000,3,8.231000,1,6.212100,69.160556,11.540806,-72.469781,5.674101,0
2020-07-16,sz.000532,13.6100,14.1900,13.1400,13.2600,14.0200,24044588,328458932.7200,3,6.998900,1,-5.420800,65.411481,10.915199,-68.541319,5.366518,0
2020-07-17,sz.000532,13.0300,13.3300,12.4700,12.5400,13.2600,13688847,174268249.1400,3,3.984500,1,-5.429900,61.859727,10.322518,-64.819618,5.075123,0
2020-07-20,sz.000532,12.6600,13.0000,12.5600,12.9600,12.5400,9821736,125893690.4600,3,2.858900,1,3.349300,63.931584,10.668248,-66.990610,5.245103,0
2020-07-21,sz.000532,12.9500,13.7700,12.9500,13.1900,12.9600,13355784,178802268.6300,3,3.887600,1,1.774700,65.066172,10.857577,-68.179487,5.338188,0
2020-07-22,sz.000532,13.0700,13.9000,13.0700,13.6000,13.1900,18336884,248823564.0200,3,5.337500,1,3.108400,67.088699,11.195075,-70.298789,5.504121,0
2020-07-23,sz.000532,13.3500,13.5700,12.8600,13.1900,13.6000,14600817,192337720.2600,3,4.250000,1,-3.014700,65.066172,10.857577,-68.179487,5.338188,0
2020-07-24,sz.000532,13.1200,13.1600,12.0000,12.0500,13.1900,16594811,207534831.4100,3,4.830400,1,-8.642900,59.442560,9.919166,-62.286794,4.876813,0
2020-07-27,sz.000532,12.1100,12.3500,11.9300,12.2500,12.0500,6909511,84157132.4200,3,2.011200,1,1.659800,60.429159,10.083800,-63.320600,4.957756,0
2020-07-28,sz.000532,12.3100,12.3700,12.1200,12.2600,12.2500,5140818,63038003.1600,3,1.496400,1,0.081600,60.478489,10.092031,-63.372290,4.961803,0
2020-07-29,sz.000532,12.1800,12.5300,12.0800,12.5100,12.2600,6868567,85176540.5900,3,1.999300,1,2.039200,61.711737,10.297823,-64.664548,5.062982,0
2020-07-30,sz.000532,12.5100,12.5900,12.2000,12.2400,12.5100,7820978,96611192.7600,3,2.276500,1,-2.158300,60.379829,10.075568,-63.268910,4.953709,0
2020-07-31,sz.000532,12.2000,12.4900,12.1300,12.3700,12.2400,7031953,86681124.4300,3,2.046900,1,1.062100,61.021118,10.182580,-63.940884,5.006322,0
2020-08-03,sz.000532,12.7900,13.4600,12.6600,13.3400,12.3700,18804805,247974163.5300,3,5.473700,1,7.841600,65.806121,10.981052,-68.954841,5.398895,0
2020-08-04,sz.000532,13.2200,13.6100,13.2200,13.3300,13.3400,14217644,191253397.4200,3,4.138500,1,-0.075000,65.756791,10.972820,-68.903151,5.394848,0
2020-08-05,sz.000532,13.1300,13.5000,13.0600,13.2400,13.3300,8407126,111162916.9500,3,2.447100,1,-0.675200,65.312822,10.898735,-68.437938,5.358423,0
2020-08-06,sz.000532,13.3400,13.6800,13.0600,13.5900,13.2400,14066116,189013549.7500,3,4.094300,1,2.643500,67.039369,11.186844,-70.247098,5.500074,0
2020-08-07,sz.000532,13.4400,13.4600,12.8200,13.1500,13.5900,12095926,158191278.7400,3,3.520900,1,-3.237700,64.868852,10.824650,-67.972726,5.321999,0
2020-08-10,sz.000532,13.0100,13.2000,12.8900,13.0800,13.1500,6714410,87504018.3600,3,1.954400,1,-0.532300,64.523543,10.767028,-67.610894,5.293669,0
2020-08-11,sz.000532,13.0800,13.1600,12.5900,12.6300,13.0800,7941957,102128175.8700,3,2.311700,1,-3.440400,62.303696,10.396603,-65.284831,5.111547,0
2020-08-12,sz.000532,12.6100,12.8600,12.4800,12.8600,12.6300,7040967,89510993.3400,3,2.049500,1,1.821100,63.438284,10.585932,-66.473708,5.204632,0
2020-08-13,sz.000532,12.8100,12.9600,12.6600,12.7200,12.8600,4856800,62068132.0000,3,1.413700,1,-1.088600,62.747665,10.470688,-65.750044,5.147972,0
2020-08-14,sz.000532,12.7000,12.9300,12.5800,12.9200,12.7200,4628535,59006517.1600,3,1.347300,1,1.572300,63.734264,10.635322,-66.783849,5.228915,0
2020-08-17,sz.000532,12.9200,13.5000,12.8500,13.4400,12.9200,11596130,153896179.1500,3,3.375400,1,4.024800,66.299420,11.063369,-69.471744,5.439366,0
2020-08-18,sz.000532,13.4200,13.6500,13.2300,13.5300,13.4400,11783862,158907960.4500,3,3.430000,1,0.669600,66.743389,11.137454,-69.936957,5.475791,0
2020-08-19,sz.000532,13.5500,13.5500,13.1200,13.1700,13.5300,9353203,124727085.7600,3,2.722500,1,-2.660800,60.869379,10.319042,62.066767,5.276646,0
2020-08-20,sz.000532,13.1200,13.3400,12.8800,12.9600,13.1700,7996272,104614703.4400,3,2.327500,1,-1.594500,59.898797,10.154501,61.077092,5.192508,0
2020-08-21,sz.000532,12.9800,13.1900,12.9300,13.1000,12.9600,6552301,85507983.9300,3,1.907200,1,1.080200,60.545852,10.264195,61.736875,5.248600,0
2020-08-24,sz.000532,13.4000,13.5500,13.1600,13.2300,13.1000,9194700,122348879.8900,3,2.676400,1,0.992400,61.146688,10.366053,62.349531,5.300685,0
2020-08-25,sz.000532,13.0800,13.4300,13.0300,13.3000,13.2300,6425947,85308085.4300,3,1.870500,1,0.529100,61.470216,10.420900,62.679423,5.328731,0
2020-08-26,sz.000532,13.4000,13.4300,12.7500,12.7600,13.3000,7996846,104106172.1900,3,2.327700,1,-4.060200,58.974433,9.997796,60.134544,5.112377,0
2020-08-27,sz.000532,12.6900,12.8900,12.4700,12.6900,12.7600,5642400,71549733.0000,3,1.642400,1,-0.548600,58.650905,9.942949,59.804652,5.084331,0
2020-08-28,sz.000532,12.6900,13.7300,12.6200,13.2900,12.6900,10339977,135662614.9100,3,3.009700,1,4.728100,61.423998,10.413065,62.632296,5.324725,0
2020-08-31,sz.000532,13.3200,14.0600,13.3200,13.5900,13.2900,18040981,248585565.1800,3,5.251300,1,2.257300,62.810544,10.648123,64.046117,5.444922,0
2020-09-01,sz.000532,13.5900,13.7700,13.4400,13.6500,13.5900,7351863,99894276.0800,3,2.140000,1,0.441500,63.087853,10.695134,64.328881,5.468961,0
2020-09-02,sz.000532,13.5900,13.8200,13.4000,13.5600,13.6500,7384735,100307231.8900,3,2.149500,1,-0.659300,62.671889,10.624617,63.904735,5.432902,0
2020-09-03,sz.000532,13.6200,13.7800,13.2300,13.3500,13.5600,7951959,107139596.8200,3,2.314600,1,-1.548700,61.701307,10.460076,62.915060,5.348764,0
2020-09-04,sz.000532,13.0000,13.2500,12.8600,13.1600,13.3500,5601600,73428396.3600,3,1.630500,1,-1.423200,60.823161,10.311206,62.019640,5.272639,0
2020-09-07,sz.000532,13.4100,13.5900,12.6300,12.8000,13.1600,9958300,129366854.9700,3,2.898600,1,-2.735600,59.159305,10.029137,60.323054,5.128403,0
2020-09-08,sz.000532,12.7500,12.8600,12.4700,12.7400,12.8000,6777411,85694982.2500,3,1.972800,1,-0.468800,58.881996,9.982125,60.040289,5.104364,0
2020-09-09,sz.000532,12.6000,12.6000,12.0500,12.1400,12.7400,7661833,94270177.1700,3,2.230200,1,-4.709600,56.108904,9.512010,57.212646,4.863970,0
2020-09-10,sz.000532,12.2000,12.2900,11.7600,11.7600,12.1400,5706428,68386130.0200,3,1.661000,1,-3.130100,54.352612,9.214270,55.421806,4.711720,0
2020-09-11,sz.000532,11.7200,11.8500,11.6300,11.8000,11.7600,3691700,43385346.0000,3,1.074600,1,0.340100,54.537485,9.245611,55.610315,4.727747,0
2020-09-14,sz.000532,11.7800,11.9000,11.6800,11.8300,11.8000,3288900,38764900.7300,3,0.957300,1,0.254200,54.676139,9.269116,55.751697,4.739766,0
2020-09-15,sz.000532,11.8000,11.8300,11.5800,11.7700,11.8300,3713541,43433715.5200,3,1.080900,1,-0.507200,54.398830,9.222105,55.468933,4.715727,0
2020-09-16,sz.000532,11.7500,11.8300,11.5800,11.6700,11.7700,3170627,37141696.7900,3,0.922900,1,-0.849600,53.936648,9.143752,54.997659,4.675661,0
2020-09-17,sz.000532,11.6700,11.6800,11.4000,11.6400,11.6700,3458701,39944346.3400,3,1.006800,1,-0.257100,53.797993,9.120246,54.856277,4.663642,0
2020-09-18,sz.000532,11.6400,11.9900,11.6000,11.9300,11.6400,4207610,49812626.1200,3,1.224700,1,2.491400,55.138321,9.347469,56.222971,4.779832,0
2020-09-21,sz.000532,12.0400,12.0500,11.8500,11.9000,11.9300,2539941,30241938.0200,3,0.739300,1,-0.251500,54.999667,9.323963,56.081589,4.767812,0
2020-09-22,sz.000532,11.8400,12.1400,11.6800,11.8300,11.9000,2780282,33018532.6700,3,0.809300,1,-0.588200,54.676139,9.269116,55.751697,4.739766,0
2020-09-23,sz.000532,11.8200,11.9900,11.7300,11.8400,11.8300,1639500,19406210.0000,3,0.477200,1,0.084500,54.722358,9.276952,55.798825,4.743773,0
2020-09-24,sz.000532,11.8000,11.8400,11.5100,11.5200,11.8400,2660400,30906023.0000,3,0.774400,1,-2.702700,53.243375,9.026223,54.290748,4.615563,0
2020-09-25,sz.000532,11.6800,11.6800,11.3600,11.4700,11.5200,1837039,21118249.2800,3,0.534700,1,-0.434000,53.012284,8.987047,54.055111,4.595530,0
2020-09-28,sz.000532,11.4600,11.5000,11.2900,11.3100,11.4700,1533126,17447802.6900,3,0.446300,1,-1.394900,52.272793,8.861683,53.301073,4.531425,0
2020-09-29,sz.000532,11.3100,11.4900,11.3100,11.4000,11.3100,1623771,18533348.7600,3,0.472600,1,0.795800,52.688756,8.932200,53.725220,4.567484,0
2020-09-30,sz.000532,11.4400,11.6900,11.3400,11.5500,11.4000,2926552,33757498.4600,3,0.851900,1,1.315800,53.382030,9.049729,54.432130,4.627582,0
2020-10-09,sz.000532,11.7900,11.8000,11.6400,11.7200,11.5500,2232738,26181960.0100,3,0.649900,1,1.471900,54.167739,9.182929,55.233296,4.695694,0
2020-10-12,sz.000532,11.8800,12.2300,11.8600,12.2000,11.7200,5087494,61365807.1400,3,1.480900,1,4.095600,56.386213,9.559021,57.495410,4.888009,0
2020-10-13,sz.000532,12.0800,12.3200,12.0000,12.2100,12.2000,3754000,45683742.0700,3,1.092700,1,0.082000,56.432431,9.566856,57.542538,4.892016,0
2020-10-14,sz.000532,12.6000,12.7400,12.2500,12.2800,12.2100,7234194,89970167.2900,3,2.105700,1,0.573300,56.755959,9.621703,57.872430,4.920062,0
2020-10-15,sz.000532,12.3800,12.4200,12.2100,12.2300,12.2800,3704600,45621876.0000,3,1.078300,1,-0.407200,56.524868,9.582527,57.636793,4.900029,0
2020-10-16,sz.000532,12.2300,12.3300,12.0500,12.2700,12.2300,3652994,44581002.1800,3,1.063300,1,0.327100,56.709740,9.613868,57.825302,4.916055,0
2020-10-19,sz.000532,12.2800,12.4500,12.2700,12.3100,12.2700,2796001,34553083.6200,3,0.813900,1,0.326000,56.894613,9.645209,58.013812,4.932081,0
2020-10-20,sz.000532,12.2800,12.4700,12.2000,12.4100,12.3100,3126644,38661175.8700,3,0.910100,1,0.812300,57.356795,9.723562,58.485086,4.972147,0
2020-10-21,sz.000532,12.4100,12.4200,12.1600,12.2100,12.4100,2870300,35182232.0000,3,0.835500,1,-1.611600,56.432431,9.566856,57.542538,4.892016,0
2020-10-22,sz.000532,12.2500,12.2700,12.1500,12.2100,12.2100,2264600,27614311.0000,3,0.659200,1,0.000000,56.432431,9.566856,57.542538,4.892016,0
2020-10-23,sz.000532,12.2100,12.3300,12.0800,12.0900,12.2100,2089967,25438762.6800,3,0.608300,1,-0.982800,55.877813,9.472833,56.977009,4.843937,0
2020-10-26,sz.000532,12.0200,12.5600,12.0200,12.4900,12.0900,7940352,98757657.9700,3,2.311300,1,3.308500,23.377363,8.675157,17.598275,4.409522,0
2020-10-27,sz.000532,12.4900,12.9500,12.4500,12.6100,12.4900,7812193,99001155.3100,3,2.274000,1,0.960800,23.601966,8.758506,17.767354,4.451887,0
2020-10-28,sz.000532,12.4600,12.8000,12.3300,12.6700,12.6100,5194936,65256593.5700,3,1.512100,1,0.475800,23.714267,8.800180,17.851893,4.473070,0
2020-10-29,sz.000532,12.5400,12.9800,12.4500,12.8100,12.6700,6907360,88638314.0000,3,2.010600,1,1.105000,23.976303,8.897419,18.049151,4.522496,0
2020-10-30,sz.000532,12.8700,12.9300,12.5000,12.5000,12.8100,5312989,67481763.2400,3,1.546500,1,-2.420000,23.396080,8.682103,17.612365,4.413052,0
2020-11-02,sz.000532,12.5000,13.0300,12.5000,12.8900,12.5000,5909897,75879400.7400,3,1.720200,1,3.120000,24.126038,8.952985,18.161871,4.550740,0
2020-11-03,sz.000532,12.8900,13.0800,12.7800,13.0100,12.8900,5280762,68487216.9000,3,1.537100,1,0.931000,24.350640,9.036333,18.330949,4.593105,0
2020-11-04,sz.000532,13.0000,13.0000,12.7300,12.8500,13.0100,3303809,42493954.3000,3,0.961700,1,-1.229800,24.051171,8.925202,18.105511,4.536618,0
2020-11-05,sz.000532,12.9000,13.1500,12.8500,13.0400,12.8500,4744542,61553055.6900,3,1.381000,1,1.478600,24.406791,9.057170,18.373219,4.603696,0
2020-11-06,sz.000532,13.0400,13.1400,12.7800,12.9800,13.0400,4044700,52344822.6700,3,1.177300,1,-0.460100,24.294490,9.015496,18.288680,4.582514,0
2020-11-09,sz.000532,13.0000,13.2300,12.9800,13.0500,12.9800,6080052,79707755.9700,3,1.769800,1,0.539300,24.425508,9.064116,18.387309,4.607227,0
2020-11-10,sz.000532,13.1000,13.1300,12.5800,12.7100,13.0500,5150506,65883729.2100,3,1.499200,1,-2.605400,23.789134,8.827962,17.908253,4.487192,0
2020-11-11,sz.000532,12.7100,12.8300,12.3300,12.3600,12.7100,3948100,49440489.0000,3,1.149200,1,-2.753700,23.134044,8.584864,17.415106,4.363626,0
2020-11-12,sz.000532,12.4400,12.6200,12.2700,12.2800,12.3600,3360901,41637322.3400,3,0.978300,1,-0.647200,22.984309,8.529298,17.302387,4.335383,0
2020-11-13,sz.000532,12.3100,12.3700,12.1300,12.3000,12.2800,3284500,40140563.8800,3,0.956000,1,0.162900,23.021743,8.543189,17.330567,4.342444,0
2020-11-16,sz.000532,12.3000,12.3300,12.0800,12.1600,12.3000,3319485,40326807.6800,3,0.966200,1,-1.138200,22.759707,8.445950,17.133309,4.293017,0
2020-11-17,sz.000532,12.1700,12.2400,11.8200,12.2400,12.1600,4366500,52494462.0000,3,1.271000,1,0.657900,22.909442,8.501515,17.246028,4.321261,0
2020-11-18,sz.000532,12.1600,12.3200,12.1500,12.2500,12.2400,2575422,31493648.6200,3,0.749700,1,0.081700,22.928159,8.508461,17.260118,4.324791,0
2020-11-19,sz.000532,12.2500,12.4000,12.1500,12.4000,12.2500,2729600,33566511.0000,3,0.794500,1,1.224500,23.208912,8.612646,17.471466,4.377748,0
2020-11-20,sz.000532,12.4000,12.4700,12.2000,12.3000,12.4000,2619409,32222559.8800,3,0.762500,1,-0.806500,23.021743,8.543189,17.330567,4.342444,0
2020-11-23,sz.000532,12.3000,12.4000,12.0800,12.3200,12.3000,3876710,47425856.0000,3,1.128400,1,0.162600,23.059177,8.557081,17.358747,4.349504,0
2020-11-24,sz.000532,12.3100,12.3300,12.0900,12.1000,12.3200,2847200,34634838.0000,3,0.828800,1,-1.785700,22.647406,8.404276,17.048769,4.271835,0
2020-11-25,sz.000532,12.1600,12.2500,12.0700,12.0700,12.1000,2269900,27587407.5000,3,0.660700,1,-0.247900,22.591255,8.383439,17.006499,4.261243,0
2020-11-26,sz.000532,12.0200,12.2100,12.0200,12.0600,12.0700,2113300,25580452.0000,3,0.615100,1,-0.082900,22.572538,8.376493,16.992410,4.257713,0
2020-11-27,sz.000532,12.0600,13.2700,12.0500,12.8100,12.0600,12713780,162861044.1100,3,3.700700,1,6.218900,23.976303,8.897419,18.049151,4.522496,0
2020-11-30,sz.000532,12.6500,13.6800,12.5800,13.1400,12.8100,18200278,239849068.9900,3,5.297700,1,2.576100,24.593960,9.126627,18.514118,4.639001,0
2020-12-01,sz.000532,13.1300,13.3700,12.8600,13.2400,13.1400,12785772,168236179.6700,3,3.721700,1,0.761000,24.781128,9.196084,18.655017,4.674305,0
2020-12-02,sz.000532,13.2100,13.3700,13.0600,13.1600,13.2400,8947479,118261080.4400,3,2.604400,1,-0.604200,24.631393,9.140518,18.542298,4.646062,0
2020-12-03,sz.000532,13.3000,13.5700,13.1400,13.2900,13.1600,11341351,151331567.7500,3,3.301200,1,0.987800,24.874713,9.230812,18.725466,4.691957,0
2020-12-04,sz.000532,13.2800,13.6100,13.1700,13.4700,13.2900,9273755,124200268.2100,3,2.699400,1,1.354400,25.211616,9.355834,18.979084,4.755505,0
2020-12-07,sz.000532,13.4700,13.6000,13.1800,13.2500,13.4700,7996678,106719822.2300,3,2.327700,1,-1.633300,24.799845,9.203029,18.669107,4.677836,0
2020-12-08,sz.000532,13.4000,13.4000,13.0000,13.0600,13.2500,6079013,79749989.0000,3,1.769500,1,-1.434000,24.444225,9.071061,18.401399,4.610757,0
2020-12-09,sz.000532,12.9600,13.2400,12.5000,12.5900,13.0600,7232712,92665849.2800,3,2.105300,1,-3.598800,23.564532,8.744614,17.739174,4.444826,0
2020-12-10,sz.000532,12.5100,12.6200,12.3600,12.4000,12.5900,5492439,68530954.1600,3,1.598700,1,-1.509100,23.208912,8.612646,17.471466,4.377748,0
2020-12-11,sz.000532,12.4700,12.5000,11.9300,11.9900,12.4000,6660700,80620856.0000,3,1.938800,1,-3.306500,22.441520,8.327873,16.893780,4.233000,0
2020-12-14,sz.000532,11.9900,12.1000,11.8500,12.0200,11.9900,4418546,52817736.2400,3,1.286100,1,0.250200,22.497671,8.348710,16.936050,4.243591,0
2020-12-15,sz.000532,12.0500,12.0500,11.6500,11.7300,12.0200,5329449,62766957.0400,3,1.551300,1,-2.412600,21.954882,8.147286,16.527443,4.141208,0
2020-12-16,sz.000532,11.7300,11.9700,11.7200,11.7700,11.7300,3783094,44738450.2800,3,1.101200,1,0.341000,22.029749,8.175068,16.583803,4.155330,0
2020-12-17,sz.000532,11.8000,11.9300,11.5200,11.9200,11.7700,4439659,52203039.9200,3,1.292300,1,1.274400,22.310502,8.279253,16.795151,4.208287,0
2020-12-18,sz.000532,11.9000,12.3800,11.7200,12.2000,11.9200,5784400,69552662.4700,3,1.683700,1,2.349000,22.834574,8.473733,17.189668,4.307139,0
2020-12-21,sz.000532,12.1400,12.1400,11.6700,11.8300,12.2000,7564095,89300043.7700,3,2.201700,1,-3.032800,22.142050,8.216742,16.668342,4.176513,0
2020-12-22,sz.000532,11.7700,12.0000,11.7200,11.8200,11.8300,4820418,57055127.2800,3,1.403100,1,-0.084500,22.123334,8.209797,16.654252,4.172982,0
2020-12-23,sz.000532,11.6700,11.8600,11.6700,11.8100,11.8200,3445352,40604422.0400,3,1.002900,1,-0.084600,22.104617,8.202851,16.640162,4.169452,0
2020-12-24,sz.000532,11.8100,11.9200,11.5200,11.5600,11.8100,3568812,41824022.7800,3,1.038800,1,-2.116900,21.636695,8.029209,16.287915,4.081191,0
2020-12-25,sz.000532,11.5200,11.6600,11.3200,11.6000,11.5600,4072964,46821528.9000,3,1.185600,1,0.346000,21.711563,8.056992,16.344275,4.095313,0
2020-12-28,sz.000532,11.7500,11.7500,11.4300,11.4400,11.6000,2769761,31975552.8400,3,0.806200,1,-1.379300,21.412093,7.945861,16.118836,4.038826,0
2020-12-29,sz.000532,11.4800,11.5700,11.3300,11.4200,11.4400,2550900,29260434.0000,3,0.742500,1,-0.174800,21.374659,7.931969,16.090657,4.031765,0
2020-12-30,sz.000532,11.3500,11.4200,11.2300,11.3200,11.4200,2797264,31675125.4400,3,0.814200,1,-0.875700,21.187490,7.862513,15.949758,3.996460,0
2020-12-31,sz.000532,11.3900,11.9200,11.3300,11.7200,11.3200,4834750,56558629.4400,3,1.407300,1,3.533600,21.936165,8.140340,16.513353,4.137678,0
2021-01-04,sz.000532,11.8500,11.9100,11.7200,11.9100,11.7200,4711803,55720807.5500,3,1.371500,1,1.621200,22.291785,8.272308,16.781061,4.204756,0
2021-01-05,sz.000532,11.7800,11.8900,11.7000,11.8500,11.9100,3491854,41190155.1200,3,1.016400,1,-0.503800,22.179484,8.230634,16.696522,4.183574,0
2021-01-06,sz.000532,11.8300,11.8500,11.5500,11.6400,11.8500,3065901,35696272.6100,3,0.892400,1,-1.772200,21.786430,8.084774,16.400634,4.109434,0
2021-01-07,sz.000532,11.4200,11.6900,10.9800,11.1900,11.6400,5038122,56682428.2900,3,1.466500,1,-3.866000,20.944171,7.772219,15.766589,3.950564,0
2021-01-08,sz.000532,11.1900,11.1900,10.8000,10.8000,11.1900,4998637,54619506.5000,3,1.455000,1,-3.485300,20.214213,7.501337,15.217083,3.812877,0
2021-01-11,sz.000532,10.8200,10.9200,10.3700,10.4800,10.8000,4086696,43478239.7000,3,1.189500,1,-2.963000,19.615274,7.279075,14.766207,3.699903,0
2021-01-12,sz.000532,10.4100,11.0900,10.4000,10.9100,10.4800,3582449,38636505.3100,3,1.042800,1,4.103100,20.420099,7.577740,15.372072,3.851712,0
2021-01-13,sz.000532,10.8500,10.8500,10.5400,10.5900,10.9100,2762900,29338946.0000,3,0.804200,1,-2.933100,19.821159,7.355478,14.921195,3.738738,0
2021-01-14,sz.000532,10.6500,10.7700,10.5300,10.7100,10.5900,2043900,21828465.0000,3,0.594900,1,1.133100,20.045762,7.438826,15.090274,3.781103,0
2021-01-15,sz.000532,10.7100,10.8500,10.6700,10.8000,10.7100,1798620,19356675.8100,3,0.523500,1,0.840300,20.214213,7.501337,15.217083,3.812877,0
2021-01-18,sz.000532,10.8100,11.0000,10.7800,10.8000,10.8000,2858201,31095768.9100,3,0.832000,1,0.000000,20.214213,7.501337,15.217083,3.812877,0
2021-01-19,sz.000532,10.8600,10.9700,10.8000,10.8900,10.8000,2051900,22364550.0000,3,0.597300,1,0.833300,20.382665,7.563848,15.343892,3.844651,0
2021-01-20,sz.000532,11.0000,11.0200,10.8000,10.8500,10.8900,2141519,23274378.0500,3,0.623400,1,-0.367300,20.307798,7.536065,15.287533,3.830529,0
2021-01-21,sz.000532,10.9600,10.9600,10.6100,10.7100,10.8500,3349349,35893896.6000,3,0.974900,1,-1.290300,20.045762,7.438826,15.090274,3.781103,0
2021-01-22,sz.000532,10.7500,10.7500,10.5400,10.5600,10.7100,2438802,25874142.2300,3,0.709900,1,-1.400600,19.765009,7.334641,14.878926,3.728147,0
2021-01-25,sz.000532,10.6200,10.9800,10.4000,10.7200,10.5600,4278002,45577701.2600,3,1.245200,1,1.515200,20.064479,7.445772,15.104364,3.784634,0
2021-01-26,sz.000532,10.5500,10.6400,10.3500,10.3500,10.7200,2869000,29986778.5200,3,0.835100,1,-3.451500,19.371955,7.188781,14.583038,3.654007,0
2021-01-27,sz.000532,10.3500,10.9000,10.2600,10.6300,10.3500,4134405,43581042.7800,3,1.203400,1,2.705300,19.896027,7.383260,14.977555,3.752860,0
2021-01-28,sz.000532,10.4100,10.4900,10.3000,10.3400,10.6300,3671711,38108528.1800,3,1.068800,1,-2.728100,19.353238,7.181836,14.568948,3.650477,0
2021-01-29,sz.000532,10.3600,10.4300,9.9600,10.0600,10.3400,3657205,37250776.1500,3,1.064500,1,-2.707900,18.829165,6.987357,14.174431,3.551625,0
2021-02-01,sz.000532,10.0800,10.1800,10.0200,10.1400,10.0600,2057908,20810581.8200,3,0.599000,1,0.795200,18.978900,7.042922,14.287150,3.579868,0
2021-02-02,sz.000532,10.1600,10.1600,10.0200,10.1100,10.1400,1574001,15881484.0700,3,0.458200,1,-0.295900,18.922750,7.022085,14.244881,3.569277,0
2021-02-03,sz.000532,10.1700,10.1700,9.9500,9.9900,10.1100,1923000,19298362.0000,3,0.559700,1,-1.186900,18.698147,6.938737,14.075802,3.526911,0
2021-02-04,sz.000532,10.0000,10.0200,9.5500,9.6500,9.9900,3415670,33126719.8000,3,0.994200,1,-3.403400,18.061774,6.702584,13.596746,3.406876,0
2021-02-05,sz.000532,9.6600,9.7800,9.6100,9.6400,9.6500,1571100,15223558.0000,3,0.457300,1,-0.103600,18.043057,6.695638,13.582656,3.403346,0
2021-02-08,sz.000532,9.6400,9.8300,9.5800,9.8000,9.6400,1688900,16467590.0000,3,0.491600,1,1.659800,18.342527,6.806769,13.808094,3.459833,0
2021-02-09,sz.000532,9.8000,10.0300,9.7300,9.9700,9.8000,1665106,16566299.6100,3,0.484700,1,1.734700,18.660714,6.924845,14.047622,3.519851,0
2021-02-10,sz.000532,10.0300,10.1300,10.0000,10.1300,9.9700,1647203,16617732.0900,3,0.479500,1,1.604800,18.960184,7.035976,14.273060,3.576338,0
2021-02-18,sz.000532,10.2000,10.2800,10.1700,10.1800,10.1300,1791400,18330373.7000,3,0.521400,1,0.493600,19.053768,7.070705,14.343510,3.593990,0
2021-02-19,sz.000532,10.1300,10.4400,10.1300,10.4400,10.1800,2434391,25102422.5700,3,0.708600,1,2.554000,19.540406,7.251292,14.709847,3.685781,0
2021-02-22,sz.000532,10.4600,10.6900,10.3800,10.4700,10.4400,3274490,34534779.6000,3,0.953100,1,0.287400,19.596557,7.272130,14.752117,3.696373,0
2021-02-23,sz.000532,10.4700,10.5600,10.2900,10.3100,10.4700,2278802,23627616.5900,3,0.663300,1,-1.528200,19.297087,7.160999,14.526679,3.639886,0
2021-02-24,sz.000532,10.2800,10.4500,10.2400,10.3600,10.3100,1621602,16805125.5700,3,0.472000,1,0.485000,19.390671,7.195727,14.597128,3.657538,0
2021-02-25,sz.000532,10.3600,10.3900,10.2100,10.2600,10.3600,1452101,14941063.3000,3,0.422700,1,-0.965300,19.203503,7.126270,14.456229,3.622233,0
2021-02-26,sz.000532,10.2700,10.3200,10.1200,10.2600,10.2600,1333300,13633087.0000,3,0.388100,1,0.000000,19.203503,7.126270,14.456229,3.622233,0
2021-03-01,sz.000532,10.3100,10.6400,10.2200,10.6000,10.2600,2888402,30310153.3600,3,0.840800,1,3.313800,19.839876,7.362423,14.935285,3.742268,0
2021-03-02,sz.000532,10.6000,11.0700,10.3600,10.7100,10.6000,5251317,56061892.2600,3,1.528500,1,1.037700,20.045762,7.438826,15.090274,3.781103,0
2021-03-03,sz.000532,10.6600,10.7500,10.4000,10.6200,10.7100,4018002,42466026.1900,3,1.169600,1,-0.840300,19.877310,7.376315,14.963465,3.749329,0
2021-03-04,sz.000532,10.5100,10.6300,10.4300,10.4800,10.6200,2392300,25150292.0000,3,0.696300,1,-1.318300,19.615274,7.279075,14.766207,3.699903,0
2021-03-05,sz.000532,10.3900,10.6200,10.3600,10.5400,10.4800,1916402,20136885.0100,3,0.557800,1,0.572500,19.727575,7.320749,14.850746,3.721086,0
2021-03-08,sz.000532,10.6000,10.6700,10.4000,10.4300,10.5400,2245008,23621723.3000,3,0.653500,1,-1.043600,19.521689,7.244347,14.695757,3.682251,0
2021-03-09,sz.000532,10.4100,10.4500,10.0000,10.1500,10.4300,2945828,30038684.0200,3,0.857500,1,-2.684600,18.997617,7.049868,14.301240,3.583399,0
2021-03-10,sz.000532,10.2000,10.2300,10.0000,10.0100,10.1500,1837901,18563863.1400,3,0.535000,1,-1.379300,18.735581,6.952628,14.103982,3.533972,0
2021-03-11,sz.000532,10.0100,10.1400,9.9900,10.1400,10.0100,1550802,15632640.0500,3,0.451400,1,1.298700,18.978900,7.042922,14.287150,3.579868,0
2021-03-12,sz.000532,10.1500,10.2900,10.0100,10.1600,10.1400,1433755,14512725.9900,3,0.417300,1,0.197200,19.016334,7.056813,14.315330,3.586929,0
2021-03-15,sz.000532,10.1800,10.5800,10.0300,10.3000,10.1600,2655600,27351405.0300,3,0.773000,1,1.378000,19.278370,7.154053,14.512589,3.636355,0
2021-03-16,sz.000532,10.2800,10.3500,10.2100,10.3200,10.3000,1846644,18978452.7600,3,0.537500,1,0.194200,19.315804,7.167944,14.540768,3.643416,0
2021-03-17,sz.000532,10.2600,10.4700,10.2600,10.4300,10.3200,1876948,19529172.0400,3,0.546300,1,1.065900,19.521689,7.244347,14.695757,3.682251,0
2021-03-18,sz.000532,10.4600,10.5400,10.2900,10.4500,10.4300,2103940,21910921.2500,3,0.612400,1,0.191800,19.559123,7.258238,14.723937,3.689312,0
2021-03-19,sz.000532,10.3000,10.5500,10.2600,10.4700,10.4500,2164746,22616405.6200,3,0.630100,1,0.191400,19.596557,7.272130,14.752117,3.696373,0
2021-03-22,sz.000532,10.4800,10.6000,10.4800,10.5800,10.4700,2220302,23443551.1600,3,0.646300,1,1.050600,19.802442,7.348532,14.907106,3.735208,0
2021-03-23,sz.000532,10.5800,10.6800,10.4400,10.5900,10.5800,2487038,26248279.7800,3,0.723900,1,0.094500,19.821159,7.355478,14.921195,3.738738,0
2021-03-24,sz.000532,10.5300,10.5800,10.2900,10.3900,10.5900,3114884,32359165.1100,3,0.906700,1,-1.888600,21.977717,6.953897,19.555160,3.582170,0
2021-03-25,sz.000532,10.3100,10.4100,10.1800,10.1900,10.3900,2843610,29181798.2400,3,0.827700,1,-1.924900,21.554662,6.820039,19.178737,3.513216,0
2021-03-26,sz.000532,10.2600,10.3100,10.2000,10.2500,10.1900,1402743,14372385.0300,3,0.408300,1,0.588800,21.681579,6.860196,19.291664,3.533902,0
2021-03-29,sz.000532,10.2600,10.3300,10.2100,10.2800,10.2500,1541201,15785674.5400,3,0.448600,1,0.292700,21.745037,6.880275,19.348128,3.544245,0
2021-03-30,sz.000532,10.3000,10.4600,10.1600,10.4000,10.2800,2584862,26750967.0800,3,0.752400,1,1.167300,21.998870,6.960590,19.573981,3.585618,0
2021-03-31,sz.000532,10.3600,10.7800,10.2900,10.5400,10.4000,3830322,40232307.4000,3,1.114900,1,1.346200,22.295009,7.054290,19.837477,3.633886,0
2021-04-01,sz.000532,10.7200,11.5900,10.5000,11.1700,10.5400,15784456,177375808.1700,3,4.594500,1,5.977200,23.627632,7.475941,21.023209,3.851091,0
2021-04-02,sz.000532,10.8700,11.1500,10.7500,10.8800,11.1700,8864717,96960997.8000,3,2.580300,1,-2.596200,23.014202,7.281847,20.477396,3.751108,0
2021-04-06,sz.000532,10.8000,11.2300,10.7100,10.8100,10.8800,7347909,80026086.1800,3,2.138800,1,-0.643400,22.866133,7.234997,20.345648,3.726974,0
2021-04-07,sz.000532,10.7800,10.8800,10.6700,10.7900,10.8100,3802400,41005226.0000,3,1.106800,1,-0.185000,22.823828,7.221612,20.308005,3.720078,0
2021-04-08,sz.000532,10.8000,11.1800,10.7300,11.0600,10.7900,7226235,79514939.6700,3,2.103400,1,2.502300,23.394952,7.402319,20.816176,3.813166,0
2021-04-09,sz.000532,10.9600,11.6700,10.7600,11.3500,11.0600,8372831,92918834.4200,3,2.437200,1,2.622100,24.008382,7.596413,21.361989,3.913150,0
2021-04-12,sz.000532,11.4500,11.6800,11.2800,11.5600,11.3500,11669896,134571126.0100,3,3.396900,1,1.850200,24.452590,7.736963,21.757233,3.985552,0
2021-04-13,sz.000532,11.3900,12.0900,11.2500,11.7100,11.5600,10788369,125503900.5100,3,3.140300,1,1.297600,24.769881,7.837356,22.039550,4.037268,0
2021-04-14,sz.000532,11.5100,12.8600,11.5100,12.5000,11.7100,19690874,241245407.1300,3,5.731600,1,6.746400,26.440949,8.366093,23.526420,4.309637,0
2021-04-15,sz.000532,12.2500,12.6300,12.0700,12.1500,12.5000,13627462,167754473.1200,3,3.966700,1,-2.800000,25.700603,8.131843,22.867680,4.188967,0
2021-04-16,sz.000532,12.0900,12.4500,12.0800,12.1600,12.1500,10556652,129268552.2200,3,3.072800,1,0.082300,25.721756,8.138535,22.886501,4.192415,0
2021-04-19,sz.000532,12.0200,12.2500,11.7500,12.0900,12.1600,12060768,144177729.4900,3,3.510600,1,-0.575700,25.573686,8.091685,22.754753,4.168281,0
2021-04-20,sz.000532,11.8300,12.4900,11.7800,12.1000,12.0900,10479800,127642863.3900,3,3.050400,1,0.082700,25.594839,8.098378,22.773574,4.171728,0
2021-04-21,sz.000532,11.9300,13.3100,11.8600,12.4900,12.1000,19963589,252612624.4500,3,5.811000,1,3.223100,26.419797,8.359400,23.507599,4.306189,0
2021-04-22,sz.000532,12.5800,12.6300,12.0400,12.1500,12.4900,11932244,146013937.3100,3,3.473200,1,-2.722200,25.700603,8.131843,22.867680,4.188967,0
2021-04-23,sz.000532,12.0500,12.1500,11.2000,11.2200,12.1500,13969880,160883337.4900,3,4.066300,1,-7.654300,23.495427,7.331302,12.344094,3.846095,0
2021-04-26,sz.000532,11.2200,11.2900,10.9200,11.1700,11.2200,6034504,67260815.2000,3,1.756500,1,-0.445600,23.390724,7.298631,12.289085,3.828956,0
2021-04-27,sz.000532,11.0500,11.1600,10.8000,10.9500,11.1700,5237577,57329310.0200,3,1.524500,1,-1.969600,22.930029,7.154880,12.047044,3.753542,0
2021-04-28,sz.000532,10.9600,11.2000,10.8600,11.1000,10.9500,4225200,46838621.9600,3,1.229900,1,1.369900,23.244139,7.252892,12.212072,3.804961,0
2021-04-29,sz.000532,11.0400,11.2000,10.9500,11.0700,11.1000,3129000,34656003.0000,3,0.910800,1,-0.270300,23.181317,7.233290,12.179066,3.794677,0
2021-04-30,sz.000532,11.1200,11.1900,10.9000,10.9900,11.0700,2835401,31260520.9800,3,0.825300,1,-0.722700,23.013792,7.181017,12.091052,3.767254,0
2021-05-06,sz.000532,10.9900,11.3200,10.9100,11.1100,10.9900,3367901,37464089.9600,3,0.980300,1,1.091900,23.265080,7.259426,12.223074,3.808389,0
2021-05-07,sz.000532,11.1600,11.1600,10.8800,10.9100,11.1100,3275195,35904095.4500,3,0.953300,1,-1.800200,22.846267,7.128744,12.003037,3.739831,0
2021-05-10,sz.000532,10.9100,10.9100,10.4600,10.5500,10.9100,4353510,46088607.0900,3,1.267200,1,-3.299700,22.092403,6.893515,11.606969,3.616427,0
2021-05-11,sz.000532,10.5000,11.3700,10.4900,11.0500,10.5500,6093066,66566977.9100,3,1.773600,1,4.739300,23.139436,7.220222,12.157063,3.787821,0
2021-05-12,sz.000532,11.0700,11.1200,10.9000,11.0000,11.0500,3795966,41764604.6500,3,1.104900,1,-0.452500,23.034733,7.187551,12.102053,3.770682,0
2021-05-13,sz.000532,10.9400,11.2800,10.9100,11.1500,11.0000,5135095,57311166.9200,3,1.494700,1,1.363600,23.348843,7.285563,12.267081,3.822100,0
2021-05-14,sz.000532,11.2000,11.5800,11.1200,11.5000,11.1500,6784311,77474574.3100,3,1.974800,1,3.139000,24.081766,7.514258,12.652147,3.942076,0
2021-05-17,sz.000532,11.3700,11.5100,11.0800,11.0800,11.5000,4698000,52760143.0000,3,1.367500,1,-3.652200,23.202258,7.239824,12.190068,3.798105,0
2021-05-18,sz.000532,11.0000,11.2100,10.9700,11.1200,11.0800,3230482,35780624.2000,3,0.940300,1,0.361000,23.286021,7.265960,12.234076,3.811817,0
2021-05-19,sz.000532,11.0800,11.4800,11.0600,11.3000,11.1200,4598968,51942354.8800,3,1.338700,1,1.618700,23.662953,7.383575,12.432109,3.873519,0
2021-05-20,sz.000532,11.2400,11.4000,11.0600,11.1900,11.3000,3962869,44230895.0000,3,1.153500,1,-0.973500,23.432605,7.311699,12.311089,3.835812,0
2021-05-21,sz.000532,11.2200,11.9000,11.1600,11.9000,11.1900,7857318,89928617.1800,3,2.287100,1,6.345000,24.919393,7.775623,13.092221,4.079192,0
2021-05-24,sz.000532,11.5500,12.5000,11.4200,12.1400,11.9000,16558643,200189011.0700,3,4.819900,1,2.016800,25.421969,7.932442,13.356266,4.161462,0
2021-05-25,sz.000532,11.9200,12.1600,11.8300,12.0200,12.1400,6747710,80899556.6000,3,1.964100,1,-0.988500,25.170681,7.854033,13.224244,4.120327,0
2021-05-26,sz.000532,12.0000,12.4400,11.9500,12.1100,12.0200,6768794,82443754.2700,3,1.970300,1,0.748800,25.359147,7.912840,13.323261,4.151178,0
2021-05-27,sz.000532,12.0500,13.3200,11.9700,13.3200,12.1100,18793089,241987990.7800,3,5.470300,1,9.991700,27.892967,8.703471,14.654486,4.565953,0
2021-05-28,sz.000532,13.4000,14.6500,13.2700,14.6500,13.3200,55622337,796205936.3100,3,16.190500,1,9.985000,30.678076,9.572511,16.117735,5.021863,0
2021-05-31,sz.000532,14.0000,14.4200,13.7000,14.0900,14.6500,38599007,542049292.2000,3,11.235300,1,-3.822500,29.505399,9.206599,15.501630,4.829901,0
2021-06-01,sz.000532,13.9000,14.2800,12.9500,13.6100,14.0900,36282537,490951009.2900,3,10.561100,1,-3.406700,28.500247,8.892961,14.973541,4.665362,0
2021-06-02,sz.000532,13.2800,13.4900,12.8400,13.1000,13.6100,23288937,305297548.2700,3,6.778900,1,-3.747200,27.432273,8.559720,14.412445,4.490539,0
2021-06-03,sz.000532,13.0600,13.4800,12.9100,13.2600,13.1000,19681114,259438678.8100,3,5.728800,1,1.221400,27.767323,8.664266,14.588475,4.545386,0
2021-06-04,sz.000532,13.0000,13.0800,12.5300,12.6300,13.2600,18724710,238535253.5700,3,5.450400,1,-4.751100,26.448061,8.252615,13.895358,4.329428,0
2021-06-07,sz.000532,12.5900,12.8300,12.3900,12.8200,12.6300,10775996,136591605.1800,3,3.136700,1,1.504400,26.845934,8.376764,14.104393,4.394558,0
2021-06-08,sz.000532,12.7200,12.9800,12.6300,12.7300,12.8200,9220434,118051851.0400,3,2.683900,1,-0.702000,26.657468,8.317957,14.005376,4.363707,0
2021-06-09,sz.000532,12.8400,13.2800,12.7800,13.0700,12.7300,13203743,171753163.2200,3,3.843300,1,2.670900,27.369451,8.540117,14.379440,4.480256,0
2021-06-10,sz.000532,12.9500,12.9700,12.4000,12.4800,13.0700,13178663,166826421.0300,3,3.836000,1,-4.514200,26.133951,8.154603,13.730330,4.278010,0
2021-06-11,sz.000532,12.4200,13.6600,12.4000,13.6600,12.4200,22773208,300372151.4100,3,6.628800,1,9.983900,28.604950,8.925631,15.028550,4.682501,0
2021-06-15,sz.000532,13.3600,13.5100,12.9900,13.1100,13.6600,21233050,280327651.4000,3,6.180500,1,-4.026400,27.453213,8.566254,14.423447,4.493967,0
2021-06-16,sz.000532,13.0400,13.9700,12.9000,13.6500,13.1100,22992603,310613817.6300,3,6.692700,1,4.119000,28.584009,8.919097,15.017548,4.679073,0
2021-06-17,sz.000532,13.4400,15.0200,13.3100,14.3800,13.6500,34640780,497335181.9900,3,10.083200,1,5.348000,30.112678,9.396089,15.820684,4.929309,0
2021-06-18,sz.000532,14.3800,14.5000,13.2800,13.6400,14.3800,24865283,343281136.8600,3,7.237800,1,-5.146000,28.563069,8.912563,15.006546,4.675645,0
2021-06-21,sz.000532,13.4600,13.8000,13.2500,13.6900,13.6400,17334716,234046092.5100,3,5.045800,1,0.366600,28.667772,8.945234,15.061556,4.692785,0
2021-06-22,sz.000532,13.6100,13.6900,13.0400,13.0700,13.6900,15665109,207752966.6300,3,4.559800,1,-4.528900,27.369451,8.540117,14.379440,4.480256,0
2021-06-23,sz.000532,12.9700,13.2800,12.8500,13.0000,13.0700,9597173,124837033.0700,3,2.793500,1,-0.535600,27.222866,8.494378,14.302427,4.456260,0
2021-06-24,sz.000532,12.8500,13.5000,12.8000,13.2800,13.0000,12026602,158909831.4100,3,3.500700,1,2.153800,27.809205,8.677334,14.610479,4.552241,0
2021-06-25,sz.000532,13.1300,14.6000,13.0300,13.9800,13.2800,23632099,330073897.7000,3,6.878800,1,5.271100,29.275051,9.134724,15.380610,4.792194,0
2021-06-28,sz.000532,14.0200,14.1700,13.5600,13.7800,13.9800,16309400,224971570.0000,3,4.747300,1,-1.430600,28.856238,9.004041,15.160572,4.723636,0
2021-06-29,sz.000532,13.6600,14.2300,13.3300,13.3300,13.7800,13761661,188893425.8800,3,4.005700,1,-3.265600,27.913908,8.710005,14.665488,4.569381,0
2021-06-30,sz.000532,13.4400,14.6600,13.3400,14.6600,13.3300,13443617,193070107.2200,3,3.913200,1,9.977500,30.699017,9.579045,16.128737,5.025290,0
2021-07-01,sz.000532,15.0000,15.5000,14.0600,14.0700,14.6600,23739891,348082814.8400,3,6.910200,1,-4.024600,29.463517,9.193531,15.479626,4.823045,0
2021-07-02,sz.000532,14.1500,14.3500,13.8400,14.2200,14.0700,13348328,188726496.4500,3,3.885400,1,1.066100,29.777627,9.291543,15.644654,4.874463,0
2021-07-05,sz.000532,14.0000,14.7700,13.8200,14.6300,14.2200,17580901,254120707.5500,3,5.117400,1,2.883300,30.636195,9.559443,16.095731,5.015007,0
2021-07-06,sz.000532,14.5000,15.6800,14.3600,15.3300,14.6300,29211411,437495518.0000,3,8.502800,1,4.784700,32.102041,10.016832,16.865862,5.254959,0
2021-07-07,sz.000532,14.9600,15.4400,14.9000,15.0800,15.3300,18510815,280005914.7300,3,5.388100,1,-1.630800,31.578525,9.853479,16.590815,5.169262,0
2021-07-08,sz.000532,15.1600,15.7000,15.0000,15.5200,15.0800,19469779,298961333.3200,3,5.667200,1,2.917800,32.499914,10.140981,17.074897,5.320089,0
2021-07-09,sz.000532,15.3500,15.7800,14.7100,15.1200,15.5200,16436107,248843526.2300,3,4.784200,1,-2.577300,31.662287,9.879615,16.634822,5.182974,0
2021-07-12,sz.000532,15.0300,15.1700,14.7300,14.8600,15.1200,14169905,211914610.8500,3,4.124600,1,-1.719600,31.117830,9.709728,16.348774,5.093848,0
2021-07-13,sz.000532,14.7500,16.1000,14.4300,15.5900,14.8600,22107514,339294002.4300,3,6.435000,1,4.912500,32.646499,10.186720,17.151910,5.344085,0
2021-07-14,sz.000532,15.3800,15.8700,15.0800,15.0800,15.5900,15494902,240316802.0900,3,4.510200,1,-3.271300,31.578525,9.853479,16.590815,5.169262,0
2021-07-15,sz.000532,15.2600,16.4000,14.9600,15.9500,15.0800,22517712,354708292.4000,3,6.554400,1,5.769200,33.400363,10.421949,17.547977,5.467489,0
2021-07-16,sz.000532,16.1600,16.8000,15.8700,16.6100,15.9500,20363875,333602942.4900,3,5.927500,1,4.137900,34.782446,10.853202,18.274101,5.693730,0
2021-07-19,sz.000532,16.3800,17.2200,16.1000,16.6000,16.6100,18398610,306200383.0700,3,5.355400,1,-0.060200,34.761506,10.846668,18.263099,5.690302,0
2021-07-20,sz.000532,16.2500,16.6000,16.0000,16.3700,16.6000,10977775,178654537.4300,3,3.195400,1,-1.385500,34.279871,10.696382,18.010056,5.611460,0
2021-07-21,sz.000532,16.3700,16.8000,16.2800,16.4800,16.3700,9904714,163453740.0700,3,2.883100,1,0.672000,34.510218,10.768258,18.131076,5.649167,0
2021-07-22,sz.000532,16.4100,17.2800,16.0000,17.0600,16.4800,15658765,260881986.2200,3,4.557900,1,3.519400,35.724776,11.147238,18.769185,5.847985,0
2021-07-23,sz.000532,17.1800,18.6600,16.4900,17.2200,17.0600,30078177,528545491.1800,3,8.755100,1,0.937900,36.059827,11.251784,18.945214,5.902831,0
2021-07-26,sz.000532,16.7400,16.8800,15.5000,15.5000,17.2200,24801617,397094715.5200,3,7.219200,1,-9.988400,32.458033,10.127913,17.052893,5.313233,0
2021-07-27,sz.000532,15.5000,15.6300,14.0600,14.0900,15.5000,21940504,320165617.2800,3,6.386400,1,-9.096800,29.505399,9.206599,15.501630,4.829901,0
2021-07-28,sz.000532,13.9900,14.5800,13.3800,14.5300,14.0900,13064952,183580962.3000,3,3.802900,1,3.122800,30.426788,9.494101,15.985712,4.980728,0
2021-07-29,sz.000532,14.5900,15.1000,14.3300,14.8300,14.5300,13508725,199014931.7700,3,3.932100,1,2.064700,31.055008,9.690125,16.315768,5.083565,0
2021-07-30,sz.000532,14.7100,15.0800,14.5500,14.5900,14.8300,11014701,162551771.5800,3,3.206100,1,-1.618300,30.552432,9.533306,16.051724,5.001295,0
2021-08-02,sz.000532,14.5700,15.4600,14.4600,15.2800,14.5900,14326819,216219508.5000,3,4.170200,1,4.729300,31.997338,9.984162,16.810852,5.237820,0
2021-08-03,sz.000532,15.1900,16.8100,15.1200,16.1500,15.2800,32576813,535387975.3100,3,9.482400,1,5.693700,33.819176,10.552631,17.768015,5.536046,0
2021-08-04,sz.000532,16.3900,16.6700,15.9100,16.5300,16.1500,19363172,316972926.3300,3,5.636200,1,2.352900,34.614921,10.800929,18.186086,5.666306,0
2021-08-05,sz.000532,16.5300,16.7700,16.2100,16.4500,16.5300,12642044,207930234.5700,3,3.679800,1,-0.484000,34.447396,10.748656,18.098071,5.638883,0
2021-08-06,sz.000532,16.3900,16.8200,16.1000,16.4900,16.4500,9991718,163742113.2800,3,2.908400,1,0.243200,34.531159,10.774792,18.142078,5.652595,0
2021-08-09,sz.000532,16.3200,16.3200,15.4300,15.6900,16.4900,13808890,216982538.4000,3,4.019500,1,-4.851400,32.855905,10.252061,17.261929,5.378363,0
2021-08-10,sz.000532,15.5600,16.8400,15.5500,15.7700,15.6900,12126807,194697334.7200,3,3.529900,1,0.509900,33.023431,10.304334,17.349944,5.405787,0
2021-08-11,sz.000532,15.8200,16.1400,15.2300,15.3200,15.7700,12169717,188931675.1900,3,3.542300,1,-2.853500,32.081101,10.010298,16.854860,5.251531,0
2021-08-12,sz.000532,15.4800,15.6300,14.9400,15.2000,15.3200,10782934,163739219.8500,3,3.138700,1,-0.783300,31.829813,9.931888,16.722837,5.210397,0
2021-08-13,sz.000532,15.3800,15.9000,15.1500,15.6400,15.2000,12402124,192923649.7000,3,3.610000,1,2.894700,32.751202,10.219390,17.206920,5.361224,0
2021-08-16,sz.000532,15.3200,15.7500,15.0800,15.1800,15.6400,10488149,161212190.8500,3,3.052900,1,-2.941200,31.787931,9.918820,16.700834,5.203541,0
2021-08-17,sz.000532,15.1500,15.7300,14.9000,15.3600,15.1800,11066800,169072539.0000,3,3.221300,1,1.185800,32.164863,10.036435,16.898867,5.265243,0
2021-08-18,sz.000532,15.2600,16.1000,14.8000,16.0800,15.3600,18101257,282691848.9500,3,5.268900,1,4.687500,33.672591,10.506893,17.691002,5.512051,0
2021-08-19,sz.000532,15.8500,16.0500,15.3900,15.8100,16.0800,12175920,191824898.8000,3,3.544200,1,-1.679100,33.107193,10.330471,17.393951,5.419498,0
2021-08-20,sz.000532,15.7800,16.1000,15.6000,15.7900,15.8100,8307661,131835736.2800,3,2.418200,1,-0.126500,33.065312,10.317403,17.371948,5.412642,0
2021-08-23,sz.000532,15.7800,15.8500,15.3500,15.8000,15.7900,8832541,137843163.0200,3,2.571000,1,0.063300,33.086253,10.323937,17.382949,5.416070,0
2021-08-24,sz.000532,15.7500,16.9400,15.7000,16.6100,15.8000,18950900,312311651.1500,3,5.516200,1,5.126600,34.782446,10.853202,18.274101,5.693730,0
2021-08-25,sz.000532,16.6200,17.1500,16.2600,16.5000,16.6100,17041612,283233742.0600,3,4.960400,1,-0.662300,34.552099,10.781326,18.153080,5.656023,0
2021-08-26,sz.000532,16.2600,16.9500,16.0200,16.6300,16.5000,15782891,261588430.3600,3,4.594100,1,0.787900,34.824328,10.866270,18.296104,5.700585,0
2021-08-27,sz.000532,16.4000,16.6800,16.0500,16.3900,16.6300,9589502,156892305.5700,3,2.791300,1,-1.443200,33.025217,10.307377,59.957512,5.604068,0
2021-08-30,sz.000532,16.3300,16.3300,15.1100,15.3500,16.3900,16309663,254668549.1800,3,4.747400,1,-6.345300,30.929657,9.653340,56.153008,5.248471,0
2021-08-31,sz.000532,15.3900,15.8300,15.1500,15.6300,15.3500,9484404,146688408.8900,3,2.760700,1,1.824100,31.493847,9.829427,57.177298,5.344209,0
2021-09-01,sz.000532,15.4600,16.8000,15.3100,16.1400,15.6300,17643487,285460497.6000,3,5.135600,1,3.263000,32.521477,10.150157,59.042968,5.518588,0
2021-09-02,sz.000532,16.0100,16.6500,15.4700,16.5800,16.1400,16433404,266926392.4000,3,4.783400,1,2.726100,33.408060,10.426865,60.652565,5.669033,0
2021-09-03,sz.000532,17.5000,17.9400,16.2800,17.1000,16.5800,29653157,504221841.6200,3,8.631400,1,3.136300,34.455840,10.753883,62.554817,5.846831,0
2021-09-06,sz.000532,17.1000,17.1000,15.3900,15.4200,17.1000,43314426,687901861.8300,3,12.607900,1,-9.824600,31.070705,9.697362,56.409081,5.272406,0
2021-09-07,sz.000532,15.3800,15.4000,14.4000,14.9000,15.4200,21917283,324364733.9100,3,6.379700,1,-3.372200,30.022925,9.370343,54.506829,5.094607,0
2021-09-08,sz.000532,14.8500,14.9800,14.5800,14.5900,14.9000,13638601,200959287.6800,3,3.969900,1,-2.080500,29.398287,9.175389,53.372794,4.988612,0
2021-09-09,sz.000532,14.5500,14.8000,14.2000,14.8000,14.5900,15936823,231480466.8900,3,4.638900,1,1.439300,29.821429,9.307455,54.141011,5.060415,0
2021-09-10,sz.000532,14.6100,14.7800,14.3100,14.3100,14.8000,11711138,170380179.8200,3,3.408900,1,-3.310800,28.834097,8.999302,52.348505,4.892874,0
2021-09-13,sz.000532,14.2000,14.2100,13.6300,13.6500,14.3100,13003740,179524228.3300,3,3.785100,1,-4.612200,27.504223,8.584240,49.934109,4.667207,0
2021-09-14,sz.000532,13.5800,13.7800,13.4300,13.5000,13.6500,8057601,109704711.7000,3,2.345400,1,-1.098900,27.201979,8.489908,49.385382,4.615919,0
2021-09-15,sz.000532,13.5900,13.9500,13.4900,13.9100,13.5000,8188896,112637413.9300,3,2.383600,1,3.037000,28.028113,8.747750,50.885234,4.756106,0
2021-09-16,sz.000532,14.0300,14.3400,13.8300,13.8400,13.9100,9012321,127085377.8200,3,2.623300,1,-0.503200,27.887066,8.703728,50.629162,4.732172,0
2021-09-17,sz.000532,13.8500,13.9700,13.1400,13.3300,13.8400,7883000,105956934.9900,3,2.294600,1,-3.685000,26.859435,8.382998,48.763492,4.557793,0
2021-09-22,sz.000532,13.0600,13.2700,12.8100,13.0700,13.3300,5930708,77109260.2600,3,1.726300,1,-1.950500,26.335545,8.219489,47.812366,4.468894,0
2021-09-23,sz.000532,13.0800,13.3400,13.0800,13.2100,13.0700,5007801,66194184.1900,3,1.457700,1,1.071200,26.617640,8.307532,48.324511,4.516763,0
2021-09-24,sz.000532,13.2000,13.2100,12.7700,12.7900,13.2100,5088300,65779364.0000,3,1.481100,1,-3.179400,25.771356,8.043402,46.788077,4.373156,0
2021-09-27,sz.000532,12.7900,12.9200,12.0200,12.1300,12.7900,6340740,78349667.4700,3,1.845700,1,-5.160300,24.441482,7.628340,44.373680,4.147489,0
2021-09-28,sz.000532,12.1100,12.3600,12.0800,12.2100,12.1300,2975016,36314624.1200,3,0.866000,1,0.659500,24.602679,7.678650,44.666334,4.174843,0
2021-09-29,sz.000532,12.2100,12.3800,11.9400,12.0300,12.2100,3672140,44691701.2000,3,1.068900,1,-1.474200,24.239985,7.565451,44.007863,4.113297,0
2021-09-30,sz.000532,12.0200,12.2000,12.0000,12.1400,12.0300,2338900,28351222.0000,3,0.680800,1,0.914400,24.461631,7.634628,44.410262,4.150908,0
2021-10-08,sz.000532,12.3700,12.6600,12.2900,12.3700,12.1400,3244442,40289720.0200,3,0.944400,1,1.894600,24.925072,7.779271,45.251643,4.229550,0
2021-10-11,sz.000532,12.3500,12.4700,12.3100,12.3500,12.3700,2312940,28617276.6000,3,0.673200,1,-0.161700,24.884773,7.766694,45.178479,4.222711,0
2021-10-12,sz.000532,12.3500,12.3900,11.9000,12.1500,12.3500,3006205,36318116.3000,3,0.875000,1,-1.619400,24.481781,7.640917,44.446844,4.154327,0
2021-10-13,sz.000532,12.0300,12.2500,12.0100,12.2100,12.1500,1984917,24096801.5500,3,0.577800,1,0.493800,24.602679,7.678650,44.666334,4.174843,0
2021-10-14,sz.000532,12.1700,12.4100,12.1000,12.3600,12.2100,2577200,31668620.0000,3,0.750200,1,1.228500,24.904923,7.772982,45.215061,4.226131,0
2021-10-15,sz.000532,12.3600,12.3800,12.1700,12.2200,12.3600,1883917,23086077.7400,3,0.548400,1,-1.132700,24.622828,7.684939,44.702916,4.178262,0
2021-10-18,sz.000532,12.3600,12.3800,12.2000,12.2200,12.2200,2368602,29015346.5300,3,0.689400,1,0.000000,24.622828,7.684939,44.702916,4.178262,0
2021-10-19,sz.000532,12.1800,12.2900,12.1000,12.2400,12.2200,2284501,27929308.2000,3,0.665000,1,0.163700,24.663127,7.697517,44.776080,4.185100,0
2021-10-20,sz.000532,12.2400,12.2800,12.0500,12.0600,12.2400,2587801,31294852.0500,3,0.753300,1,-1.470600,24.300434,7.584318,44.117608,4.123555,0
2021-10-21,sz.000532,12.0000,12.2200,11.9100,12.0300,12.0600,3302902,39776687.8600,3,0.961400,1,-0.248800,24.239985,7.565451,44.007863,4.113297,0
2021-10-22,sz.000532,11.9500,12.0800,11.6800,11.7300,12.0300,3998118,47453391.4400,3,1.163800,1,-2.493800,23.635497,7.376787,42.910410,4.010721,0
2021-10-25,sz.000532,11.7700,11.7800,11.3000,11.4300,11.7300,4357300,49724670.0000,3,1.268300,1,-2.557500,23.031009,7.188122,41.812957,3.908145,0
2021-10-26,sz.000532,11.4000,11.5400,11.3400,11.4400,11.4300,2740406,31297808.3900,3,0.797700,1,0.087500,23.051158,7.194411,41.849539,3.911564,0
2021-10-27,sz.000532,11.4500,11.4700,10.9500,11.0700,11.4400,4534712,50417818.4800,3,1.320000,1,-3.234300,22.305623,6.961725,40.496013,3.785054,0
2021-10-28,sz.000532,10.9900,11.1800,10.8000,10.8100,11.0700,3127432,34243947.1200,3,0.910300,1,-2.348700,31.887127,6.778000,-11.901520,3.483885,0
2021-10-29,sz.000532,10.8100,11.1600,10.7200,11.1000,10.8100,3086499,33880318.0700,3,0.898400,1,2.682700,32.742563,6.959833,-12.220802,3.577348,0
2021-11-01,sz.000532,11.1000,11.3400,11.0700,11.2600,11.1000,2543400,28604526.0000,3,0.740300,1,1.441400,33.214528,7.060155,-12.396958,3.628913,0
2021-11-02,sz.000532,11.3300,11.4400,10.9700,11.1500,11.2600,3261590,36566025.7000,3,0.949400,1,-0.976900,32.890052,6.991184,-12.275851,3.593462,0
2021-11-03,sz.000532,11.1300,11.2900,11.1000,11.2600,11.1500,1956601,21878885.2400,3,0.569500,1,0.986500,33.214528,7.060155,-12.396958,3.628913,0
2021-11-04,sz.000532,11.2400,11.3200,11.1900,11.3000,11.2600,1929500,21721689.0000,3,0.561600,1,0.355200,33.332519,7.085236,-12.440997,3.641804,0
2021-11-05,sz.000532,11.3000,11.4300,11.2600,11.3300,11.3000,2547028,28894082.6500,3,0.741400,1,0.265500,33.421012,7.104046,-12.474026,3.651473,0
2021-11-08,sz.000532,11.2300,11.4100,11.2200,11.3700,11.3300,2112607,23951484.5200,3,0.614900,1,0.353000,33.539004,7.129126,-12.518065,3.664364,0
2021-11-09,sz.000532,11.3800,11.7500,11.3600,11.6000,11.3700,3719000,43064643.0000,3,1.082500,1,2.022900,34.217453,7.273339,-12.771289,3.738489,0
2021-11-10,sz.000532,11.6400,11.7600,11.4900,11.7500,11.6000,3042200,35322791.0000,3,0.885500,1,1.293100,34.659920,7.367391,-12.936435,3.786832,0
2021-11-11,sz.000532,11.7500,12.1700,11.6800,12.0000,11.7500,6104160,73169443.2000,3,1.776800,1,2.127700,35.397365,7.524144,-13.211678,3.867403,0
2021-11-12,sz.000532,12.0300,12.1300,11.8800,12.0700,12.0000,2932200,35244668.9800,3,0.853500,1,0.583300,35.603850,7.568035,-13.288746,3.889963,0
2021-11-15,sz.000532,12.1100,12.2400,11.9200,12.1300,12.0700,3249092,39287202.1700,3,0.945700,1,0.497100,35.780837,7.605656,-13.354804,3.909300,0
2021-11-16,sz.000532,12.1000,12.2200,11.9600,11.9800,12.1300,2975224,36026231.5900,3,0.866000,1,-1.236600,35.338370,7.511604,-13.189658,3.860957,0
2021-11-17,sz.000532,11.9800,12.1600,11.9300,12.1200,11.9800,2546511,30699632.0700,3,0.741200,1,1.168600,35.751339,7.599385,-13.343795,3.906077,0
2021-11-18,sz.000532,12.1100,12.2900,11.9300,11.9600,12.1200,3210211,38889000.0900,3,0.934400,1,-1.320100,35.279374,7.499064,-13.167639,3.854512,0
2021-11-19,sz.000532,11.9900,12.1500,11.8000,12.0900,11.9600,3579101,42885062.8900,3,1.041800,1,1.087000,35.662846,7.580575,-13.310765,3.896408,0
2021-11-22,sz.000532,12.0900,12.3500,12.0900,12.1700,12.0900,3538800,43153278.0000,3,1.030100,1,0.661700,35.898828,7.630736,-13.398843,3.922191,0
2021-11-23,sz.000532,12.1700,12.3500,12.0900,12.2700,12.1700,3832402,46933643.4700,3,1.115500,1,0.821700,36.193806,7.693437,-13.508941,3.954419,0
2021-11-24,sz.000532,12.2800,12.2800,12.0600,12.1300,12.2700,3406500,41345841.0000,3,0.991600,1,-1.141000,35.780837,7.605656,-13.354804,3.909300,0
2021-11-25,sz.000532,12.1400,12.2300,12.0700,12.1200,12.1300,2736150,33231054.5000,3,0.796400,1,-0.082400,35.751339,7.599385,-13.343795,3.906077,0
2021-11-26,sz.000532,12.1100,12.1200,11.8800,11.9500,12.1200,3146546,37621640.1600,3,0.915900,1,-1.402600,35.249876,7.492793,-13.156629,3.851289,0
2021-11-29,sz.000532,11.8600,11.8700,10.7600,11.6600,11.9500,5628002,65562920.7700,3,1.638200,1,-2.426800,34.394440,7.310960,-12.837347,3.757826,0
2021-11-30,sz.000532,11.6600,12.2400,11.6300,12.0100,11.6600,7468471,89724407.1000,3,2.173900,1,3.001700,35.426863,7.530414,-13.222688,3.870626,0
2021-12-01,sz.000532,11.9100,12.2700,11.9100,12.2600,12.0100,5132669,62455253.3600,3,1.494000,1,2.081600,36.164308,7.687167,-13.497931,3.951197,0
2021-12-02,sz.000532,12.3100,12.3600,12.0700,12.0700,12.2600,3632467,44355413.7800,3,1.057300,1,-1.549800,35.603850,7.568035,-13.288746,3.889963,0
2021-12-03,sz.000532,12.1800,12.1800,12.0400,12.1300,12.0700,2486173,30098444.0300,3,0.723700,1,0.497100,35.780837,7.605656,-13.354804,3.909300,0
2021-12-06,sz.000532,12.1300,12.3100,12.0500,12.1000,12.1300,3975422,48333297.5800,3,1.157200,1,-0.247300,35.692343,7.586845,-13.321775,3.899631,0
2021-12-07,sz.000532,12.1300,12.1900,11.7900,11.8500,12.1000,4159871,49547439.8000,3,1.210800,1,-2.066100,34.954898,7.430092,-13.046532,3.819060,0
2021-12-08,sz.000532,11.9400,11.9700,11.7700,11.8600,11.8500,3181400,37685093.5000,3,0.926000,1,0.084400,34.984396,7.436362,-13.057542,3.822283,0
2021-12-09,sz.000532,11.8000,12.2000,11.7700,12.0400,11.8600,3664674,44003381.2400,3,1.066700,1,1.517700,35.515357,7.549225,-13.255717,3.880294,0
2021-12-10,sz.000532,11.9800,12.0700,11.9100,12.0600,12.0400,2627963,31517563.5900,3,0.764900,1,0.166100,35.574352,7.561765,-13.277736,3.886740,0
2021-12-13,sz.000532,12.0700,12.3000,11.9800,12.0000,12.0600,4173665,50562224.0000,3,1.214900,1,-0.497500,35.397365,7.524144,-13.211678,3.867403,0
2021-12-14,sz.000532,12.0200,12.2700,11.9100,12.2500,12.0000,4583900,55512074.7000,3,1.334300,1,2.083300,36.134810,7.680897,-13.486921,3.947974,0
2021-12-15,sz.000532,12.2800,12.3300,12.1100,12.1400,12.2500,3955400,48227132.9400,3,1.151300,1,-0.898000,35.810335,7.611926,-13.365814,3.912523,0
2021-12-16,sz.000532,12.1300,12.2200,12.0700,12.2000,12.1400,3494612,42488656.0400,3,1.017200,1,0.494200,35.987321,7.649546,-13.431873,3.931860,0
2021-12-17,sz.000532,12.2100,12.2400,12.0500,12.0500,12.2000,3367000,40845193.0000,3,0.980100,1,-1.229500,35.544854,7.555495,-13.266727,3.883517,0
2021-12-20,sz.000532,12.0100,12.0700,11.7700,11.7900,12.0500,4305261,51138429.8500,3,1.253200,1,-2.157700,34.777911,7.392472,-12.980474,3.799723,0
2021-12-21,sz.000532,11.7900,12.3000,11.7900,12.1900,11.7900,4754643,57465590.1700,3,1.384000,1,3.392700,35.957824,7.643276,-13.420863,3.928637,0
2021-12-22,sz.000532,12.2700,12.2700,12.1200,12.1600,12.1900,3038754,36984486.5300,3,0.884500,1,-0.246100,35.869330,7.624466,-13.387834,3.918968,0
2021-12-23,sz.000532,12.1600,12.1700,11.9100,11.9400,12.1600,3736835,44870630.9500,3,1.087700,1,-1.809200,35.220378,7.486523,-13.145620,3.848066,0
2021-12-24,sz.000532,11.9500,11.9900,11.6600,11.6600,11.9400,3722638,43886296.6400,3,1.083600,1,-2.345100,34.394440,7.310960,-12.837347,3.757826,0
2021-12-27,sz.000532,11.6600,11.8200,11.5700,11.7000,11.6600,2140500,25057515.0000,3,0.623100,1,0.343100,34.512431,7.336040,-12.881386,3.770718,0
2021-12-28,sz.000532,11.7100,11.8600,11.6800,11.8500,11.7000,2185800,25773714.0000,3,0.636200,1,1.282100,34.954898,7.430092,-13.046532,3.819060,0
2021-12-29,sz.000532,11.8200,11.9100,11.7500,11.8400,11.8500,1451215,17174751.4500,3,0.422400,1,-0.084400,34.925400,7.423822,-13.035522,3.815838,0
2021-12-30,sz.000532,11.7600,11.9500,11.7600,11.8700,11.8400,2111800,25145168.0000,3,0.614700,1,0.253400,35.013894,7.442632,-13.068551,3.825506,0
2021-12-31,sz.000532,11.9400,11.9400,11.8400,11.9100,11.8700,1847701,21979654.9300,3,0.537800,1,0.337000,35.131885,7.467713,-13.112590,3.838397,0
2022-01-04,sz.000532,11.9000,12.1900,11.8900,12.1400,11.9100,4371425,52881504.2000,3,1.272400,1,1.931200,35.810335,7.611926,-13.365814,3.912523,0
2022-01-05,sz.000532,12.1600,12.2200,11.9600,12.0300,12.1400,4034301,48688498.0800,3,1.174300,1,-0.906100,35.485859,7.542954,-13.244707,3.877071,0
2022-01-06,sz.000532,11.9100,12.2000,11.9000,12.1200,12.0300,3275700,39576436.0000,3,0.953500,1,0.748100,35.751339,7.599385,-13.343795,3.906077,0
2022-01-07,sz.000532,12.2000,12.2800,12.0800,12.1500,12.1200,5815600,70846510.3500,3,1.692800,1,0.247500,35.839832,7.618196,-13.376824,3.915745,0
2022-01-10,sz.000532,12.2600,12.2600,12.0700,12.1100,12.1500,4019095,48837249.4500,3,1.169900,1,-0.329200,35.721841,7.593115,-13.332785,3.902854,0
2022-01-11,sz.000532,12.1900,12.1900,12.0700,12.0800,12.1100,2692108,32655323.3800,3,0.783600,1,-0.247700,35.633348,7.574305,-13.299756,3.893186,0
2022-01-12,sz.000532,12.1300,12.2400,12.0800,12.2100,12.0800,3430600,41724188.6500,3,0.998600,1,1.076200,36.016819,7.655817,-13.442882,3.935082,0
2022-01-13,sz.000532,12.2800,12.2800,12.1100,12.1200,12.2100,3543259,43205909.4900,3,1.031400,1,-0.737100,35.751339,7.599385,-13.343795,3.906077,0
2022-01-14,sz.000532,12.1000,12.3000,11.9500,11.9800,12.1200,4607001,55934462.2300,3,1.341000,1,-1.155100,35.338370,7.511604,-13.189658,3.860957,0
2022-01-17,sz.000532,11.9800,12.2300,11.9800,12.1600,11.9800,3738100,45270778.0000,3,1.088100,1,1.502500,35.869330,7.624466,-13.387834,3.918968,0
2022-01-18,sz.000532,12.2500,12.2500,11.9200,11.9300,12.1600,3794001,45637659.1100,3,1.104400,1,-1.891400,35.190881,7.480253,-13.134610,3.844843,0
2022-01-19,sz.000532,11.9100,12.0900,11.9100,11.9900,11.9300,2557176,30656317.9300,3,0.744300,1,0.502900,35.367867,7.517874,-13.200668,3.864180,0
2022-01-20,sz.000532,11.9800,12.0700,11.6000,11.6400,11.9900,4513500,53104522.0000,3,1.313800,1,-2.919100,34.335444,7.298420,-12.815328,3.751381,0
2022-01-21,sz.000532,11.6500,11.7800,11.5000,11.6700,11.6400,2462300,28722574.0000,3,0.716700,1,0.257700,34.423938,7.317230,-12.848357,3.761049,0
2022-01-24,sz.000532,11.7000,11.7500,11.5300,11.5400,11.6700,1871602,21739889.1600,3,0.544800,1,-1.114000,34.040466,7.235719,-12.705230,3.719152,0
2022-01-25,sz.000532,11.5400,11.5800,11.0100,11.0100,11.5400,4119145,46276289.8000,3,1.199000,1,-4.592700,32.477083,6.903402,-12.121714,3.548342,0
2022-01-26,sz.000532,11.0200,11.1900,10.9100,11.1000,11.0100,2322800,25734321.0000,3,0.676100,1,0.817400,32.742563,6.959833,-12.220802,3.577348,0
2022-01-27,sz.000532,11.1000,11.1500,10.7600,10.7600,11.1000,2996400,32605869.0000,3,0.872200,1,-3.063100,31.739638,6.746649,-11.846471,3.467771,0
2022-01-28,sz.000532,10.7700,11.0200,10.7200,10.9700,10.7600,2314801,25234019.9700,3,0.673800,1,1.951700,32.359091,6.878322,-12.077676,3.535451,0
2022-02-07,sz.000532,11.2000,11.2600,10.9800,11.0100,10.9700,2268700,25115663.0000,3,0.660400,1,0.364600,32.477083,6.903402,-12.121714,3.548342,0
2022-02-08,sz.000532,11.0600,11.4600,10.9500,11.4000,11.0100,3690000,41446452.9000,3,1.074100,1,3.542200,33.627497,7.147937,-12.551094,3.674033,0
2022-02-09,sz.000532,11.4000,11.4900,11.3100,11.4600,11.4000,2248300,25654069.0000,3,0.654400,1,0.526300,33.804484,7.185558,-12.617152,3.693370,0
2022-02-10,sz.000532,11.4600,11.4900,11.3000,11.3800,11.4600,1536300,17477594.0000,3,0.447200,1,-0.698100,33.568501,7.135397,-12.529075,3.667587,0
2022-02-11,sz.000532,11.3900,11.5600,11.2300,11.2700,11.3800,1959810,22183314.0000,3,0.570500,1,-0.966600,33.244026,7.066425,-12.407967,3.632136,0
2022-02-14,sz.000532,11.2000,11.2900,11.1000,11.1800,11.2700,1299900,14551003.0000,3,0.378400,1,-0.798600,32.978545,7.009994,-12.308880,3.603130,0
2022-02-15,sz.000532,11.2100,11.2900,11.1100,11.2300,11.1800,1639900,18363082.0000,3,0.477300,1,0.447200,33.126034,7.041345,-12.363929,3.619245,0
2022-02-16,sz.000532,11.2800,11.3300,11.2200,11.2900,11.2300,1446301,16304743.2700,3,0.421000,1,0.534300,33.303021,7.078966,-12.429987,3.638582,0
2022-02-17,sz.000532,11.2400,11.3500,11.1900,11.2200,11.2900,1623240,18294656.6300,3,0.472500,1,-0.620000,33.096537,7.035075,-12.352919,3.616022,0
2022-02-18,sz.000532,11.2000,11.3400,11.1000,11.3300,11.2200,1651700,18546291.0000,3,0.480800,1,0.980400,33.421012,7.104046,-12.474026,3.651473,0
2022-02-21,sz.000532,11.3800,11.4200,11.3100,11.4200,11.3300,1627300,18492003.0000,3,0.473700,1,0.794400,33.686493,7.160477,-12.573113,3.680478,0
2022-02-22,sz.000532,11.3900,11.3900,11.2100,11.2500,11.4200,1737621,19605785.3000,3,0.505800,1,-1.488600,33.185030,7.053885,-12.385948,3.625690,0
2022-02-23,sz.000532,11.2900,12.3800,11.2900,12.3600,11.2500,17430551,211508331.2700,3,5.073700,1,9.866700,36.459286,7.749868,-13.608028,3.983425,0
2022-02-24,sz.000532,11.9300,12.2400,11.6600,11.9000,12.3600,14327900,172074657.6800,3,4.170500,1,-3.721700,35.102387,7.461443,-13.101581,3.835175,0
2022-02-25,sz.000532,12.0000,12.1400,11.8000,11.9000,11.9000,7386178,88387522.7100,3,2.150000,1,0.000000,35.102387,7.461443,-13.101581,3.835175,0
2022-02-28,sz.000532,11.9100,12.0900,11.8200,11.9700,11.9000,5302851,63317350.0000,3,1.543500,1,0.588200,35.308872,7.505334,0.000000,3.857734,0
2022-03-01,sz.000532,11.9700,11.9700,11.7900,11.8900,11.9700,4639888,54998031.0000,3,1.350600,1,-0.668300,35.072889,7.455173,-13.090571,3.831952,0
2022-03-02,sz.000532,11.8900,12.0300,11.8100,11.9500,11.8900,3529916,42085008.0000,3,1.027500,1,0.504600,35.249876,7.492793,-13.156629,3.851289,0
2022-03-03,sz.000532,11.9500,12.0100,11.8600,11.8800,11.9500,3206167,38195706.0000,3,0.933200,1,-0.585800,35.043392,7.448903,-13.079561,3.828729,0
2022-03-04,sz.000532,11.8300,11.9300,11.6100,11.6400,11.8800,3738300,43773371.0000,3,1.088100,1,-2.020200,34.335444,7.298420,-12.815328,3.751381,0
2022-03-07,sz.000532,11.6700,11.7400,11.4300,11.4800,11.6400,3390793,39299436.0000,3,0.987000,1,-1.374600,33.863479,7.198098,-12.639172,3.699815,0
2022-03-08,sz.000532,11.4800,11.5800,11.0700,11.0700,11.4800,4163873,46864908.0000,3,1.212000,1,-3.571400,32.654069,6.941023,-12.187773,3.567679,0
2022-03-09,sz.000532,11.1400,11.2100,10.3800,10.8800,11.0700,5093791,55137688.0000,3,1.482700,1,-1.716400,32.093611,6.821891,-11.978588,3.506445,0
2022-03-10,sz.000532,11.0000,11.2000,10.8400,10.8800,10.8800,3487801,38461306.0000,3,1.015200,1,0.000000,32.093611,6.821891,-11.978588,3.506445,0
2022-03-11,sz.000532,10.7700,10.9800,10.6100,10.9600,10.8800,2409401,25962326.0000,3,0.701300,1,0.735300,32.329594,6.872052,-12.066666,3.532228,0
2022-03-14,sz.000532,10.8600,11.0600,10.7400,10.7600,10.9600,2465800,26862564.0000,3,0.717700,1,-1.824800,31.739638,6.746649,-11.846471,3.467771,0
2022-03-15,sz.000532,10.7600,10.7600,10.1000,10.1400,10.7600,3433908,35753461.0000,3,0.999500,1,-5.762100,29.910774,6.357902,-11.163868,3.267955,0
2022-03-16,sz.000532,10.1800,10.4900,10.0200,10.4700,10.1400,3234235,33326315.0000,3,0.941400,1,3.254400,30.884201,6.564816,-11.527189,3.374309,0
2022-03-17,sz.000532,10.5600,10.7300,10.5400,10.6000,10.4700,2921217,31072884.0000,3,0.850300,1,1.241600,31.267673,6.646327,-11.670315,3.416206,0
2022-03-18,sz.000532,10.5100,11.0700,10.5000,10.8200,10.6000,2836387,30589549.5800,3,0.825600,1,2.075500,31.916624,6.784270,-11.912530,3.487108,0
2022-03-21,sz.000532,10.9100,11.0300,10.7400,10.9300,10.8200,2443087,26653704.7700,3,0.711100,1,1.016600,32.241100,6.853241,-12.033637,3.522559,0
2022-03-22,sz.000532,10.8000,11.4800,10.8000,11.2400,10.9300,4728861,52868636.2000,3,1.376500,1,2.836200,33.155532,7.047615,-12.374938,3.622467,0
2022-03-23,sz.000532,11.1800,11.4200,11.1700,11.2100,11.2400,3587501,40322072.3200,3,1.044200,1,-0.266900,33.067039,7.028805,-12.341909,3.612799,0
2022-03-24,sz.000532,11.5700,12.0900,11.3200,11.7000,11.2100,12075504,141472093.9400,3,3.514900,1,4.371100,20.899825,6.392973,-34.587731,3.444912,0
2022-03-25,sz.000532,11.7000,12.1200,11.7000,11.8800,11.7000,9290050,111263204.1800,3,2.704100,1,1.538500,21.221360,6.491326,-35.119850,3.497911,0
2022-03-28,sz.000532,11.7900,11.9800,11.6400,11.8200,11.8800,5400551,63646592.2100,3,1.572000,1,-0.505100,21.114182,6.458542,-34.942477,3.480245,0
2022-03-29,sz.000532,11.6800,11.8900,11.5200,11.7000,11.8200,4613262,53836344.8800,3,1.342800,1,-1.015200,20.899825,6.392973,-34.587731,3.444912,0
2022-03-30,sz.000532,11.6600,11.8700,11.5900,11.7700,11.7000,4958400,58338035.0000,3,1.443300,1,0.598300,21.024866,6.431221,-34.794666,3.465523,0
2022-03-31,sz.000532,11.7300,12.1500,11.6900,11.9800,11.7700,7916100,94979366.0000,3,2.304200,1,1.784200,21.399991,6.545967,-35.415471,3.527355,0
2022-04-01,sz.000532,12.0100,12.3200,11.8000,12.2600,11.9800,9402460,113889093.1200,3,2.736900,1,2.337200,21.900158,6.698961,-36.243212,3.609797,0
2022-04-06,sz.000532,12.1900,13.0600,12.1500,12.7800,12.2600,19497178,247427645.7200,3,5.675200,1,4.241400,22.829039,6.983093,-37.780444,3.762904,0
2022-04-07,sz.000532,12.6400,12.6600,12.2900,12.3000,12.7800,11081382,138018073.7100,3,3.225600,1,-3.755900,21.971611,6.720817,-36.361460,3.621575,0
2022-04-08,sz.000532,12.2800,12.5800,12.0100,12.2000,12.3000,8061732,98480819.3000,3,2.346600,1,-0.813000,21.792980,6.666177,-36.065839,3.592131,0
2022-04-11,sz.000532,12.1800,12.2300,11.7000,11.8300,12.2000,7078301,84504415.9100,3,2.060300,1,-3.032800,21.132045,6.464006,-34.972039,3.483189,0
2022-04-12,sz.000532,11.9500,12.2400,11.7100,12.1900,11.8300,7486658,90056289.8300,3,2.179200,1,3.043100,21.775117,6.660713,-36.036277,3.589187,0
2022-04-13,sz.000532,12.1700,12.2000,11.6000,11.7800,12.1900,6312300,74856230.0000,3,1.837400,1,-3.363400,21.042730,6.436685,-34.824228,3.468467,0
2022-04-14,sz.000532,11.8400,11.9800,11.7100,11.8800,11.7800,3872501,45985112.8500,3,1.127200,1,0.848900,21.221360,6.491326,-35.119850,3.497911,0
2022-04-15,sz.000532,11.7800,11.8600,11.3500,11.3700,11.8800,5844700,67388678.0000,3,1.701300,1,-4.292900,20.310342,6.212658,-33.612179,3.347748,0
2022-04-18,sz.000532,11.5500,11.5500,11.1000,11.3800,11.3700,3369800,38033228.0000,3,0.980900,1,0.088000,20.328206,6.218122,-33.641741,3.350693,0
2022-04-19,sz.000532,11.4800,11.7000,11.3400,11.5000,11.3800,3495900,40365478.0000,3,1.017600,1,1.054500,20.542563,6.283691,-33.996487,3.386025,0
2022-04-20,sz.000532,11.5100,11.7500,11.4200,11.5400,11.5000,4222200,49036292.0000,3,1.229000,1,0.347800,20.614015,6.305547,-34.114736,3.397803,0
2022-04-21,sz.000532,11.4700,11.6000,10.9000,10.9900,11.5400,4770800,53420649.0000,3,1.388700,1,-4.766000,19.631545,6.005023,-32.488817,3.235862,0
2022-04-22,sz.000532,11.1500,11.1500,10.7700,10.7800,10.9900,3973836,43317905.7200,3,1.156700,1,-1.910800,19.256420,5.890277,-31.868012,3.174030,0
2022-04-25,sz.000532,10.6600,10.6600,9.8600,9.9100,10.7800,6988807,71622464.4900,3,2.034300,1,-8.070500,17.702330,5.414902,-29.296104,2.917870,0
2022-04-26,sz.000532,9.9500,10.0800,9.3100,9.4000,9.9100,6369988,61870337.0800,3,1.854200,1,-5.146300,16.791312,5.136234,-27.788433,2.767707,0
2022-04-27,sz.000532,9.4100,10.0000,9.0500,9.8500,9.4000,7976908,75215823.3100,3,2.321900,1,4.787200,16.866634,5.154359,-21.354445,2.866617,0
2022-04-28,sz.000532,9.6800,9.8800,9.4000,9.5600,9.8500,5716400,54625311.0000,3,1.663900,1,-2.944200,16.370053,5.002606,-20.725735,2.782219,0
2022-04-29,sz.000532,9.5800,10.0000,9.5600,9.9000,9.5600,4897462,48182418.8000,3,1.425500,1,3.556500,16.952252,5.180523,-21.462843,2.881168,0
2022-05-05,sz.000532,9.8800,10.0100,9.7900,9.9200,9.9000,4174902,41351351.7000,3,1.215200,1,0.202000,16.986499,5.190989,-21.506202,2.886989,0
2022-05-06,sz.000532,9.7000,9.8600,9.5900,9.7600,9.9200,2684461,26164196.3600,3,0.781400,1,-1.612900,16.712523,5.107263,-21.159328,2.840425,0
2022-05-09,sz.000532,9.6600,9.9000,9.6600,9.8400,9.7600,2342151,23011046.7800,3,0.681800,1,0.819700,16.849511,5.149126,-21.332765,2.863707,0
2022-05-10,sz.000532,9.6600,9.9600,9.6600,9.9300,9.8400,2909951,28719175.9200,3,0.847000,1,0.914600,17.003622,5.196221,-21.527882,2.889899,0
2022-05-11,sz.000532,9.9900,10.3000,9.9000,9.9400,9.9300,5268370,53262840.1800,3,1.533500,1,0.100700,17.020746,5.201454,-21.549562,2.892810,0
2022-05-12,sz.000532,9.8300,10.1100,9.8100,10.0800,9.9400,3245352,32421982.6100,3,0.944700,1,1.408500,17.260475,5.274714,-21.853076,2.933553,0
2022-05-13,sz.000532,10.1200,10.6200,10.0400,10.4000,10.0800,6763932,69995336.6600,3,1.968800,1,3.174600,17.808426,5.442165,-22.546825,3.026682,0
2022-05-16,sz.000532,10.4000,11.4400,10.3900,11.4400,10.4000,17461021,195249473.0400,3,5.082500,1,10.000000,19.589269,5.986382,-24.801507,3.329350,0
2022-05-17,sz.000532,11.0900,11.4400,10.7500,10.9100,11.4400,20242243,223283996.9700,3,5.892100,1,-4.632900,18.681724,5.709041,-23.652487,3.175106,0
2022-05-18,sz.000532,10.9400,11.1400,10.7600,10.8600,10.9100,9971201,109352920.9200,3,2.902400,1,-0.458300,18.596106,5.682877,-23.544088,3.160554,0
2022-05-19,sz.000532,10.6900,11.0800,10.6500,10.9300,10.8600,6589673,71783895.7800,3,1.918100,1,0.644600,18.715971,5.719506,-23.695846,3.180926,0
2022-05-20,sz.000532,10.9100,11.1400,10.8500,10.9600,10.9300,5716401,62695480.9600,3,1.663900,1,0.274500,18.767341,5.735205,-23.760885,3.189657,0
2022-05-23,sz.000532,10.9300,11.1300,10.8900,11.1100,10.9600,4970900,54884632.8300,3,1.446900,1,1.368600,19.024194,5.813698,-24.086079,3.233311,0
2022-05-24,sz.000532,11.0900,11.2500,10.7000,10.7000,11.1100,6097501,66963447.8900,3,1.774900,1,-3.690400,18.322131,5.599151,-23.197214,3.113990,0
2022-05-25,sz.000532,10.7600,10.9600,10.7300,10.9400,10.7000,3901621,42425649.1600,3,1.135700,1,2.243000,18.733094,5.724739,-23.717525,3.183837,0
2022-05-26,sz.000532,10.9600,11.0700,10.7700,10.9600,10.9400,3108401,33995273.0000,3,0.904800,1,0.182800,18.767341,5.735205,-23.760885,3.189657,0
2022-05-27,sz.000532,10.9800,11.4600,10.9100,11.3600,10.9600,8342170,93681171.0000,3,2.428200,1,3.649600,19.452281,5.944519,-24.628070,3.306068,0
2022-05-30,sz.000532,11.2400,11.3800,11.0000,11.1800,11.3600,5603110,62348425.3000,3,1.630900,1,-1.584500,19.144058,5.850328,-24.237837,3.253683,0
2022-05-31,sz.000532,11.2500,11.7600,11.1900,11.5500,11.1800,8879594,102461439.8200,3,2.584700,1,3.309500,19.777627,6.043943,-25.039983,3.361363,0
2022-06-01,sz.000532,11.4500,11.9500,11.3800,11.6900,11.5500,7987251,93481227.7600,3,2.324900,1,1.212100,20.017356,6.117203,-25.343498,3.402107,0
2022-06-02,sz.000532,11.6800,11.8100,11.4100,11.4700,11.6900,7081201,81619394.4700,3,2.061200,1,-1.882000,19.640639,6.002080,-24.866546,3.338081,0
2022-06-06,sz.000532,11.5200,11.5200,11.3000,11.3800,11.4700,4972100,56639590.0000,3,1.447300,1,-0.784700,19.486528,5.954985,-24.671430,3.311889,0
2022-06-07,sz.000532,11.3800,11.4800,11.2100,11.3600,11.3800,4691100,53178572.0000,3,1.365500,1,-0.175700,19.452281,5.944519,-24.628070,3.306068,0
2022-06-08,sz.000532,11.4600,11.5100,11.0600,11.3200,11.3600,4649000,52490227.0000,3,1.353200,1,-0.352100,19.383787,5.923588,-24.541352,3.294427,0
2022-06-09,sz.000532,11.1900,11.4500,11.0800,11.1600,11.3200,4047302,45412057.6200,3,1.178100,1,-1.413400,19.109811,5.839862,-24.194478,3.247863,0
2022-06-10,sz.000532,11.0600,11.8300,11.0300,11.5000,11.1000,8093815,92938462.6000,3,2.355900,1,3.603600,19.692010,6.017779,-24.931585,3.346812,0
2022-06-13,sz.000532,11.4400,11.5000,11.1800,11.2600,11.5000,5142000,58344145.0000,3,1.496700,1,-2.087000,19.281046,5.892191,-24.411274,3.276965,0
2022-06-14,sz.000532,11.1800,11.5400,10.8600,11.5400,11.2600,6870700,77015832.0000,3,1.999900,1,2.486700,19.760504,6.038710,-25.018304,3.358453,0
2022-06-15,sz.000532,12.3900,12.6900,11.7100,12.6900,11.5400,25168652,310632755.1800,3,7.326100,1,9.965300,21.729705,6.640488,-27.511462,3.693134,0
2022-06-16,sz.000532,12.0800,12.4500,11.9100,12.1000,12.6900,27799274,337105830.4600,3,8.091800,1,-4.649300,20.719419,6.331750,-26.232364,3.521428,0
2022-06-17,sz.000532,11.8000,12.2600,11.6800,12.1100,12.1000,14512603,173246222.2200,3,4.224300,1,0.082600,20.736542,6.336983,-26.254043,3.524338,0
2022-06-20,sz.000532,12.1100,12.2700,11.8200,11.9000,12.1100,10780922,128826323.8000,3,3.138100,1,-1.734100,20.376949,6.227093,-25.798771,3.463223,0
2022-06-21,sz.000532,11.7800,12.5000,11.7300,12.2000,11.9000,15296088,186389793.2300,3,4.452400,1,2.521000,20.890654,6.384079,-26.449160,3.550531,0
2022-06-22,sz.000532,12.0600,12.2800,11.8300,11.8700,12.2000,10498395,125625657.3300,3,3.055900,1,-2.704900,20.325579,6.211395,-25.733732,3.454492,0
2022-06-23,sz.000532,11.7800,12.1800,11.7500,12.1400,11.8700,11750118,141089949.7900,3,3.420200,1,2.274600,20.787913,6.352682,-26.319082,3.533069,0
2022-06-24,sz.000532,12.1000,12.4800,11.9400,12.3300,12.1400,14819188,181274024.5700,3,4.313500,1,1.565100,21.113259,6.452106,-26.730995,3.588364,0
2022-06-27,sz.000532,12.4800,12.4800,11.9600,12.1100,12.3300,11237382,136608035.4800,3,3.271000,1,-1.784300,20.736542,6.336983,-26.254043,3.524338,0
2022-06-28,sz.000532,12.0000,12.1100,11.8800,12.1100,12.1100,7245747,86800788.5800,3,2.109100,1,0.000000,20.736542,6.336983,-26.254043,3.524338,0
2022-06-29,sz.000532,12.0000,12.2500,11.8400,11.8800,12.1100,8750673,105594614.3300,3,2.547100,1,-1.899300,20.342702,6.216627,-25.755412,3.457402,0
2022-06-30,sz.000532,11.8000,12.4600,11.8000,12.4200,11.8800,9279173,112081440.4600,3,2.701000,1,4.545500,21.267370,6.499201,-26.926112,3.614557,0
2022-07-01,sz.000532,12.1300,12.2600,11.9500,11.9900,12.4200,7821697,94458863.8700,3,2.276700,1,-3.462200,20.531060,6.274189,-25.993888,3.489415,0
2022-07-04,sz.000532,11.8600,11.9000,11.5000,11.5800,11.9900,7078691,82290303.6500,3,2.060500,1,-3.419500,19.828997,6.059642,-25.105022,3.370094,0
2022-07-05,sz.000532,11.5900,11.6500,11.3500,11.4600,11.5800,4916175,56354805.6600,3,1.431000,1,-1.036300,19.623516,5.996848,-24.844867,3.335171,0
2022-07-06,sz.000532,11.4600,11.5000,11.1400,11.2600,11.4600,4386137,49468310.4600,3,1.276700,1,-1.745200,19.281046,5.892191,-24.411274,3.276965,0
2022-07-07,sz.000532,11.3400,11.4000,11.1600,11.3000,11.2600,2918298,33024510.4000,3,0.849500,1,0.355200,19.349540,5.913122,-24.497992,3.288606,0
2022-07-08,sz.000532,11.3000,11.5000,11.2500,11.3200,11.3000,2942764,33495086.9200,3,0.856600,1,0.177000,19.383787,5.923588,-24.541352,3.294427,0
2022-07-11,sz.000532,11.2800,11.5000,11.1700,11.4200,11.3200,3265418,37096517.7000,3,0.950500,1,0.883400,19.555022,5.975916,-24.758148,3.323530,0
2022-07-12,sz.000532,11.4000,11.4000,11.2100,11.3000,11.4200,2824273,31911622.3600,3,0.822100,1,-1.050800,19.349540,5.913122,-24.497992,3.288606,0
2022-07-13,sz.000532,11.2300,11.3900,11.2300,11.3200,11.3000,2443002,27660134.5200,3,0.711100,1,0.177000,19.383787,5.923588,-24.541352,3.294427,0
2022-07-14,sz.000532,11.2500,11.6900,11.2500,11.5400,11.3200,4829400,55432155.0000,3,1.405700,1,1.943500,19.760504,6.038710,-25.018304,3.358453,0
2022-07-15,sz.000532,11.4600,11.4800,11.0700,11.1800,11.5400,4499879,50568888.1200,3,1.309800,1,-3.119600,19.144058,5.850328,-24.237837,3.253683,0
2022-07-18,sz.000532,11.1000,11.3000,11.1000,11.2900,11.1800,2284390,25677888.8000,3,0.664900,1,0.983900,19.332416,5.907889,-24.476313,3.285696,0
2022-07-19,sz.000532,11.3300,11.4100,11.2400,11.4000,11.2900,2496207,28300604.0600,3,0.726600,1,0.974300,19.520775,5.965451,-24.714789,3.317709,0
2022-07-20,sz.000532,11.3900,11.5000,11.3600,11.4800,11.4000,2951701,33764784.3700,3,0.859200,1,0.701800,19.657763,6.007313,-24.888226,3.340991,0
2022-07-21,sz.000532,11.4500,11.4800,11.3100,11.3300,11.4800,2876400,32741997.9800,3,0.837300,1,-1.306600,19.400910,5.928821,-24.563031,3.297337,0
2022-07-22,sz.000532,11.3200,11.4600,11.1800,11.3300,11.3300,3056900,34567055.0000,3,0.889800,1,0.000000,19.400910,5.928821,-24.563031,3.297337,0
2022-07-25,sz.000532,11.2800,11.4500,11.2500,11.4100,11.3300,2349398,26752921.2200,3,0.683900,1,0.706100,19.537898,5.970683,-24.736469,3.320619,0
2022-07-26,sz.000532,11.4500,11.4700,11.3200,11.4400,11.4100,2091401,23832528.4200,3,0.608800,1,0.262900,19.589269,5.986382,-24.801507,3.329350,0
2022-07-27,sz.000532,11.3600,11.6000,11.3600,11.5600,11.4400,3230226,37235626.3400,3,0.940200,1,1.049000,19.794751,6.049176,-25.061663,3.364273,0
2022-07-28,sz.000532,11.6300,11.7200,11.5700,11.6500,11.5600,3148081,36703134.8400,3,0.916300,1,0.778500,19.948862,6.096272,-25.256780,3.390466,0
2022-07-29,sz.000532,11.6900,11.9300,11.6000,11.6900,11.6500,5159245,60679205.3300,3,1.501700,1,0.343300,20.017356,6.117203,-25.343498,3.402107,0
2022-08-01,sz.000532,11.9000,11.9000,11.4800,11.5600,11.6900,2900100,33525293.0000,3,0.844200,1,-1.112100,19.794751,6.049176,-25.061663,3.364273,0
2022-08-02,sz.000532,11.4000,11.4000,10.8300,10.8600,11.5600,5939002,65483267.3000,3,1.728700,1,-6.055400,18.596106,5.682877,-23.544088,3.160554,0
2022-08-03,sz.000532,10.7400,11.1100,10.6700,10.6900,10.8600,4641600,50741899.0000,3,1.351100,1,-1.565400,18.305007,5.593918,-23.175534,3.111080,0
2022-08-04,sz.000532,10.6900,11.0200,10.6900,11.0100,10.6900,3404200,37038631.4800,3,0.990900,1,2.993500,18.852959,5.761369,-23.869283,3.204209,0
2022-08-05,sz.000532,11.0000,11.1700,10.9600,11.1600,11.0100,2354700,26104371.0000,3,0.685400,1,1.362400,19.109811,5.839862,-24.194478,3.247863,0
2022-08-08,sz.000532,11.1100,11.2300,11.0300,11.2000,11.1600,1973400,22052518.0000,3,0.574400,1,0.358400,19.178305,5.860793,-24.281196,3.259504,0
2022-08-09,sz.000532,11.2000,11.2400,11.1100,11.1500,11.2000,1571763,17543843.9300,3,0.457500,1,-0.446400,19.092688,5.834629,-24.172798,3.244952,0
2022-08-10,sz.000532,11.1400,11.2800,11.0700,11.2500,11.1500,2239234,25065141.5100,3,0.651800,1,0.896900,19.263922,5.886958,-24.389594,3.274055,0
2022-08-11,sz.000532,11.2600,11.6200,11.2600,11.5700,11.2500,5235702,60225894.9200,3,1.524000,1,2.844400,19.811874,6.054409,-25.083343,3.367184,0
2022-08-12,sz.000532,11.5700,11.8400,11.4800,11.5800,11.5700,4427299,51640177.4500,3,1.288700,1,0.086400,19.828997,6.059642,-25.105022,3.370094,0
2022-08-15,sz.000532,11.4900,11.6600,11.4300,11.5900,11.5800,3131331,36265953.7400,3,0.911500,1,0.086400,19.846121,6.064875,-25.126702,3.373004,0
2022-08-16,sz.000532,11.7100,11.7100,11.5000,11.5500,11.5900,2386260,27615327.8000,3,0.694600,1,-0.345100,19.777627,6.043943,-25.039983,3.361363,0
2022-08-17,sz.000532,11.5300,11.8000,11.4500,11.7400,11.5500,4116327,48000993.5500,3,1.198200,1,1.645000,20.102973,6.143367,-25.451897,3.416658,0
2022-08-18,sz.000532,11.7300,11.7400,11.5600,11.6500,11.7400,2920981,33981498.2200,3,0.850200,1,-0.766600,19.948862,6.096272,-25.256780,3.390466,0
2022-08-19,sz.000532,11.6000,11.8100,11.5000,11.5100,11.6500,3076837,35806561.7100,3,0.895600,1,-1.201700,19.709133,6.023012,-24.953265,3.349722,0
2022-08-22,sz.000532,11.5100,11.6000,11.3000,11.5600,11.5100,2561400,29519945.0000,3,0.745600,1,0.434400,19.794751,6.049176,-25.061663,3.364273,0
2022-08-23,sz.000532,11.5600,11.7700,11.4400,11.6800,11.5600,2807800,32604238.0000,3,0.817300,1,1.038100,20.000232,6.111970,-25.321819,3.399197,0
2022-08-24,sz.000532,11.7000,11.8500,11.3600,11.3900,11.6800,4128839,47728877.6800,3,1.201800,1,-2.482900,19.503651,5.960218,-24.693109,3.314799,0
2022-08-25,sz.000532,11.3600,11.4600,11.1600,11.4300,11.3900,3227900,36550649.2400,3,0.939600,1,0.351200,19.572145,5.981149,-24.779828,3.326440,0
2022-08-26,sz.000532,11.4800,11.5400,11.1600,11.1900,11.4300,2404900,27186147.0000,3,0.700000,1,-2.099700,19.510359,5.313890,-133.773959,3.252953,0
2022-08-29,sz.000532,11.0900,11.2700,10.9000,11.2000,11.1900,2283300,25444578.0000,3,0.664600,1,0.089400,19.527795,5.318639,-133.893507,3.255860,0
2022-08-30,sz.000532,11.2800,11.3100,11.0600,11.2000,11.2000,2089643,23319017.5600,3,0.608300,1,0.000000,19.527795,5.318639,-133.893507,3.255860,0
2022-08-31,sz.000532,11.1900,11.2200,10.9600,11.0200,11.2000,2456900,27187872.0000,3,0.715200,1,-1.607100,19.213955,5.233161,-131.741647,3.203534,0
2022-09-01,sz.000532,10.9900,11.0900,10.8100,10.8400,11.0200,2904100,31743194.0000,3,0.845300,1,-1.633400,18.900116,5.147683,-129.589787,3.151208,0
2022-09-02,sz.000532,10.8100,11.0500,10.8000,11.0000,10.8400,2393799,26272896.1200,3,0.696800,1,1.476000,19.179084,5.223663,-131.502552,3.197720,0
2022-09-05,sz.000532,11.0000,11.3000,10.9400,11.1700,11.0000,2172000,24235013.0000,3,0.632200,1,1.545500,19.475488,5.304393,-133.534864,3.247139,0
2022-09-06,sz.000532,11.1900,11.2100,11.1000,11.2000,11.1700,1426100,15917846.0000,3,0.415100,1,0.268600,19.527795,5.318639,-133.893507,3.255860,0
2022-09-07,sz.000532,11.1400,11.1900,11.0500,11.1500,11.2000,1785430,19869059.9000,3,0.519700,1,-0.446400,19.440617,5.294895,-133.295768,3.241325,0
2022-09-08,sz.000532,11.2500,11.2500,11.0600,11.0900,11.1500,1417301,15753051.1300,3,0.412500,1,-0.538100,19.336004,5.266403,-132.578482,3.223883,0
2022-09-09,sz.000532,11.0900,11.1900,11.0100,11.1200,11.0900,1338100,14866839.0000,3,0.389500,1,0.270500,19.388310,5.280649,-132.937125,3.232604,0
2022-09-13,sz.000532,11.1500,11.3800,11.0900,11.1500,11.1200,2063180,23160524.4400,3,0.600500,1,0.269800,19.440617,5.294895,-133.295768,3.241325,0
2022-09-14,sz.000532,11.0200,11.0800,10.9100,11.0600,11.1500,2056400,22639314.0000,3,0.598600,1,-0.807200,19.283697,5.252156,-132.219838,3.215162,0
2022-09-15,sz.000532,11.0600,11.1200,10.6600,10.7900,11.0600,2955600,32113904.0200,3,0.860300,1,-2.441200,18.812938,5.123939,-128.992048,3.136673,0
2022-09-16,sz.000532,10.7700,10.7700,10.2100,10.2400,10.7900,3955701,41303648.3100,3,1.151400,1,-5.097300,17.853984,4.862756,-122.416921,2.976787,0
2022-09-19,sz.000532,10.2600,10.3000,10.1500,10.2500,10.2400,1865803,19066147.7400,3,0.543100,1,0.097700,17.871419,4.867505,-122.536469,2.979694,0
2022-09-20,sz.000532,10.3000,10.4200,10.2700,10.2900,10.2500,1293568,13370109.6300,3,0.376500,1,0.390200,17.941161,4.886500,-123.014660,2.991322,0
2022-09-21,sz.000532,10.2800,10.5200,10.1100,10.4600,10.2900,1720400,17839139.0000,3,0.500800,1,1.652100,18.237565,4.967229,-125.046972,3.040741,0
2022-09-22,sz.000532,10.4000,10.4800,10.2800,10.2900,10.4600,1470609,15243994.6100,3,0.428100,1,-1.625200,17.941161,4.886500,-123.014660,2.991322,0
2022-09-23,sz.000532,10.3500,10.3500,10.0100,10.1400,10.2900,1584111,16151675.8900,3,0.461100,1,-1.457700,17.679628,4.815268,-121.221443,2.947716,0
2022-09-26,sz.000532,10.0600,10.1000,9.8800,9.9100,10.1400,2027901,20258360.9100,3,0.590300,1,-2.268200,17.278611,4.706046,-118.471844,2.880855,0
2022-09-27,sz.000532,9.9600,10.1700,9.9100,10.1500,9.9100,1353337,13611987.3700,3,0.393900,1,2.421800,17.697064,4.820017,-121.340991,2.950624,0
2022-09-28,sz.000532,10.2500,10.2500,9.9500,9.9800,10.1500,1475312,14803761.3500,3,0.429400,1,-1.674900,17.400660,4.739287,-119.308679,2.901204,0
2022-09-29,sz.000532,10.0600,10.0600,9.7700,9.8500,9.9800,1791907,17778824.9500,3,0.521600,1,-1.302600,17.173998,4.677553,-117.754558,2.863413,0
2022-09-30,sz.000532,9.8800,9.9600,9.8200,9.9100,9.8500,1274820,12623917.1500,3,0.371100,1,0.609100,17.278611,4.706046,-118.471844,2.880855,0
2022-10-10,sz.000532,9.9000,9.9300,9.6100,9.6500,9.9100,2026382,19809778.1400,3,0.589800,1,-2.623600,16.825287,4.582578,-115.363602,2.805273,0
2022-10-11,sz.000532,9.6800,9.7200,9.4800,9.5600,9.6500,1403492,13422364.3000,3,0.408500,1,-0.932600,16.668368,4.539838,-114.287672,2.779109,0
2022-10-12,sz.000532,9.5600,9.8700,9.5100,9.8500,9.5600,1729816,16761119.4300,3,0.503500,1,3.033500,17.173998,4.677553,-117.754558,2.863413,0
2022-10-13,sz.000532,9.8000,10.0700,9.7500,9.9600,9.8500,2441763,24281328.2200,3,0.710700,1,1.116800,17.365789,4.729790,-119.069583,2.895390,0
2022-10-14,sz.000532,9.9800,10.1600,9.9800,10.1200,9.9600,1710402,17254903.1100,3,0.497900,1,1.606400,17.644757,4.805770,-120.982348,2.941902,0
2022-10-17,sz.000532,10.0800,10.3900,10.0500,10.2600,10.1200,1868888,19125441.7400,3,0.544000,1,1.383400,17.888855,4.872253,-122.656016,2.982601,0
2022-10-18,sz.000532,10.2600,10.3400,10.2000,10.2400,10.2600,1780100,18280549.0000,3,0.518100,1,-0.194900,17.853984,4.862756,-122.416921,2.976787,0
2022-10-19,sz.000532,10.2300,10.3500,10.1000,10.2300,10.2400,1900799,19511381.7300,3,0.553300,1,-0.097700,17.836548,4.858007,-122.297373,2.973880,0
2022-10-20,sz.000532,10.1700,10.3300,10.1500,10.2300,10.2300,1644400,16844720.0000,3,0.478600,1,0.000000,17.836548,4.858007,-122.297373,2.973880,0
2022-10-21,sz.000532,10.3500,10.4100,10.2300,10.3000,10.2300,1551581,16010477.3400,3,0.451600,1,0.684300,17.958597,4.891249,-123.134207,2.994229,0
2022-10-24,sz.000532,10.3300,10.4000,10.0900,10.1100,10.3000,2077594,21288358.1600,3,0.604700,1,-1.844700,17.627322,4.801022,-120.862800,2.938995,0
2022-10-25,sz.000532,10.1000,10.1900,9.9700,10.0400,10.1100,1702923,17123401.6100,3,0.495700,1,-0.692400,17.505273,4.767780,-120.025965,2.918646,0
2022-10-26,sz.000532,10.0900,10.3500,10.0800,10.3000,10.0400,1556084,15969261.5100,3,0.452900,1,2.589600,17.958597,4.891249,-123.134207,2.994229,0
2022-10-27,sz.000532,10.3700,10.3700,10.2700,10.3200,10.3000,1355281,13989403.1100,3,0.394500,1,0.194200,17.993468,4.900746,-123.373303,3.000043,0
2022-10-28,sz.000532,10.5000,10.6500,10.1800,10.2300,10.3200,4930543,51503504.8500,3,1.435200,1,-0.872100,15.708852,4.509463,15.417151,2.756544,0
2022-10-31,sz.000532,10.1100,10.5400,10.1000,10.4100,10.2300,3941803,41100148.4300,3,1.147400,1,1.759500,15.985254,4.588808,15.688420,2.805047,0
2022-11-01,sz.000532,10.4000,10.7400,10.4000,10.7300,10.4100,3356186,35784315.1800,3,0.976900,1,3.074000,16.476636,4.729867,16.170677,2.891273,0
2022-11-02,sz.000532,10.7700,10.8800,10.6300,10.7500,10.7300,3541688,38084732.2400,3,1.030900,1,0.186400,16.507347,4.738683,16.200818,2.896662,0
2022-11-03,sz.000532,10.6900,10.7900,10.6200,10.7400,10.7500,1819000,19476518.0000,3,0.529500,1,-0.093000,16.491991,4.734275,16.185748,2.893967,0
2022-11-04,sz.000532,10.7400,10.9500,10.7100,10.8700,10.7400,2542922,27609713.6600,3,0.740200,1,1.210400,16.691615,4.791580,16.381664,2.928997,0
2022-11-07,sz.000532,10.8500,11.1800,10.8000,11.1000,10.8700,3939798,43438299.6200,3,1.146800,1,2.115900,17.044795,4.892966,16.728287,2.990972,0
2022-11-08,sz.000532,11.0100,11.1600,10.9300,11.1000,11.1000,2581601,28530914.5400,3,0.751400,1,0.000000,17.044795,4.892966,16.728287,2.990972,0
2022-11-09,sz.000532,11.1000,11.2300,11.0500,11.0900,11.1000,2303118,25639544.2000,3,0.670400,1,-0.090100,17.029440,4.888558,16.713216,2.988277,0
2022-11-10,sz.000532,11.0900,11.2100,10.9600,10.9800,11.0900,2944918,32526862.4400,3,0.857200,1,-0.991900,16.860527,4.840069,16.547440,2.958637,0
2022-11-11,sz.000532,11.1800,11.2500,11.0000,11.0300,10.9800,4071611,45275859.3300,3,1.185200,1,0.455400,16.937306,4.862109,16.622793,2.972110,0
2022-11-14,sz.000532,11.1000,11.2000,10.9300,11.0500,11.0300,3329474,36886620.2500,3,0.969100,1,0.181300,16.968017,4.870925,16.652934,2.977499,0
2022-11-15,sz.000532,11.0600,11.3000,11.0100,11.2500,11.0500,4043836,45335760.0600,3,1.177100,1,1.810000,17.275131,4.959087,16.954345,3.031391,0
2022-11-16,sz.000532,11.1900,11.3500,11.1500,11.2000,11.2500,2684310,30175827.2000,3,0.781300,1,-0.444400,17.198352,4.937046,16.878992,3.017918,0
2022-11-17,sz.000532,11.1600,11.2700,11.1200,11.2600,11.2000,2306914,25859437.2800,3,0.671500,1,0.535700,17.290486,4.963495,16.969415,3.034085,0
2022-11-18,sz.000532,11.2400,11.3500,11.0800,11.1000,11.2600,2011300,22499221.0000,3,0.585400,1,-1.421000,17.044795,4.892966,16.728287,2.990972,0
2022-11-21,sz.000532,11.0200,11.1400,10.9200,11.1000,11.1000,2470100,27290645.0000,3,0.719000,1,0.000000,17.044795,4.892966,16.728287,2.990972,0
2022-11-22,sz.000532,11.0800,11.2500,10.9900,11.0100,11.1000,2603686,28905019.0200,3,0.757900,1,-0.810800,16.906594,4.853293,16.592652,2.966721,0
2022-11-23,sz.000532,11.0700,11.1300,10.9500,11.0600,11.0100,3199100,35307902.0000,3,0.931200,1,0.454100,16.983373,4.875333,16.668005,2.980194,0
2022-11-24,sz.000532,11.1200,11.1800,10.9400,11.0000,11.0600,2954300,32579523.9700,3,0.859900,1,-0.542500,16.891239,4.848885,16.577581,2.964026,0
2022-11-25,sz.000532,11.0300,11.0800,10.9300,10.9500,11.0000,1921990,21137473.5000,3,0.559500,1,-0.454500,16.814460,4.826844,16.502229,2.950553,0
2022-11-28,sz.000532,10.8500,11.3000,10.8200,11.1500,10.9500,3989593,44143941.5800,3,1.161300,1,1.826500,17.121574,4.915006,16.803639,3.004445,0
2022-11-29,sz.000532,11.0700,11.4000,11.0300,11.2800,11.1500,5122637,57639447.9600,3,1.491100,1,1.165900,17.321198,4.972311,16.999556,3.039474,0
2022-11-30,sz.000532,11.2800,11.4900,11.2100,11.2900,11.2800,4298518,48803120.9800,3,1.251200,1,0.088700,17.336553,4.976719,17.014627,3.042169,0
2022-12-01,sz.000532,11.3700,11.4500,11.1800,11.2200,11.2900,3008800,34024710.0000,3,0.875800,1,-0.620000,17.229063,4.945863,16.909133,3.023307,0
2022-12-02,sz.000532,11.1500,11.4400,11.1300,11.3800,11.2200,3190911,36207677.4000,3,0.928800,1,1.426000,17.474754,5.016392,17.150261,3.066420,0
2022-12-05,sz.000532,11.5900,12.2100,11.4400,11.8700,11.3800,11952952,140803883.3600,3,3.479200,1,4.305800,18.227182,5.232388,17.888717,3.198454,0
2022-12-06,sz.000532,11.8200,12.0300,11.6300,11.7400,11.8700,8438076,99341620.5600,3,2.456100,1,-1.095200,18.027558,5.175083,17.692800,3.163424,0
2022-12-07,sz.000532,11.7500,11.9700,11.6700,11.9500,11.7400,9659291,114728827.6500,3,2.811600,1,1.788800,18.350028,5.267652,18.009282,3.220010,0
2022-12-08,sz.000532,11.9000,11.9500,11.6900,11.8500,11.9500,7609046,89852583.5400,3,2.214800,1,-0.836800,18.196471,5.223571,17.858576,3.193065,0
2022-12-09,sz.000532,11.9200,12.1600,11.6000,11.7200,11.8500,7944702,93501061.2800,3,2.312500,1,-1.097000,17.996847,5.166266,17.662659,3.158035,0
2022-12-12,sz.000532,11.6900,11.9200,11.6400,11.7400,11.7200,5596067,65961651.6500,3,1.628900,1,0.170600,18.027558,5.175083,17.692800,3.163424,0
2022-12-13,sz.000532,11.7000,11.8400,11.6700,11.6800,11.7400,3345400,39220366.0000,3,0.973800,1,-0.511100,17.935424,5.148634,17.602377,3.147257,0
2022-12-14,sz.000532,11.6400,12.1500,11.6200,11.7500,11.6800,6770114,80008473.4300,3,1.970600,1,0.599300,18.042914,5.179491,17.707871,3.166119,0
2022-12-15,sz.000532,11.7500,12.0600,11.7500,11.9000,11.7500,6841360,81585675.7900,3,1.991400,1,1.276600,18.273249,5.245612,17.933929,3.206538,0
2022-12-16,sz.000532,11.8900,12.1400,11.8100,11.9800,11.9000,6325418,75778257.1000,3,1.841200,1,0.672300,18.396095,5.280876,18.054493,3.228094,0
2022-12-19,sz.000532,11.8800,11.9700,11.5900,11.7500,11.9800,6541048,76561146.3000,3,1.904000,1,-1.919900,18.042914,5.179491,17.707871,3.166119,0
2022-12-20,sz.000532,11.6200,11.6900,11.3400,11.5000,11.7500,5570297,64145164.5600,3,1.621400,1,-2.127700,17.659022,5.069289,17.331108,3.098755,0
2022-12-21,sz.000532,11.5800,11.6200,11.1800,11.3300,11.5000,4406551,49917995.0100,3,1.282700,1,-1.478300,17.397976,4.994351,17.074909,3.052947,0
2022-12-22,sz.000532,11.4100,11.4700,11.1100,11.1100,11.3300,3657934,41194611.9700,3,1.064700,1,-1.941700,17.060151,4.897374,16.743357,2.993667,0
2022-12-23,sz.000532,11.1800,11.2300,11.0300,11.1800,11.1100,2863611,31934780.6500,3,0.833500,1,0.630100,17.167641,4.928230,16.848851,3.012529,0
2022-12-26,sz.000532,11.0600,11.1700,10.9100,11.0500,11.1800,3195387,35230135.0500,3,0.930100,1,-1.162800,16.968017,4.870925,16.652934,2.977499,0
2022-12-27,sz.000532,11.0700,11.2200,10.9700,11.1700,11.0500,3210491,35689746.4600,3,0.934500,1,1.086000,17.152285,4.923822,16.833780,3.009834,0
2022-12-28,sz.000532,11.0900,11.1700,10.9000,10.9200,11.1700,3289000,36188072.0000,3,0.957400,1,-2.238100,16.768393,4.813620,16.457017,2.942470,0
2022-12-29,sz.000532,10.9200,11.0100,10.8500,10.8500,10.9200,2370784,25859407.1300,3,0.690100,1,-0.641000,16.660904,4.782764,16.351523,2.923608,0
2022-12-30,sz.000532,10.8500,10.9400,10.7300,10.7700,10.8500,2327300,25134437.0000,3,0.677400,1,-0.737300,16.538058,4.747499,16.230959,2.902051,0
2023-01-03,sz.000532,10.7300,11.0200,10.7200,11.0000,10.7700,2773211,30289374.0100,3,0.807200,1,2.135600,16.891239,4.848885,16.577581,2.964026,0
2023-01-04,sz.000532,11.0000,11.0700,10.9000,11.0200,11.0000,2627500,28879455.0000,3,0.764800,1,0.181800,16.921950,4.857701,16.607722,2.969415,0
2023-01-05,sz.000532,11.0200,11.2800,10.8900,11.1000,11.0200,5041080,55860057.0000,3,1.467400,1,0.726000,17.044795,4.892966,16.728287,2.990972,0
2023-01-06,sz.000532,11.1100,11.1800,10.8500,10.8600,11.1000,4433500,48507272.0000,3,1.290500,1,-2.162200,16.676259,4.787172,16.366594,2.926302,0
2023-01-09,sz.000532,10.9100,11.0100,10.8800,11.0000,10.8600,3494900,38254387.0000,3,1.017300,1,1.289100,16.891239,4.848885,16.577581,2.964026,0
2023-01-10,sz.000532,10.9600,12.1000,10.9100,11.4800,11.0000,16130558,187435961.8700,3,4.695300,1,4.363600,17.628311,5.060473,17.300967,3.093366,0
2023-01-11,sz.000532,11.5200,11.8700,11.3300,11.4300,11.4800,11877507,137364810.8100,3,3.457300,1,-0.435500,17.551533,5.038432,17.225614,3.079893,0
2023-01-12,sz.000532,11.4100,11.5600,11.1000,11.2300,11.4300,6507500,73267480.0000,3,1.894200,1,-1.749800,17.244419,4.950271,16.924204,3.026001,0
2023-01-13,sz.000532,11.2800,11.6800,11.2100,11.4900,11.2300,7197745,82585265.1000,3,2.095100,1,2.315200,17.643667,5.064881,17.316037,3.096060,0
2023-01-16,sz.000532,11.4300,11.8200,11.3200,11.5700,11.4900,7774445,90049330.5500,3,2.263000,1,0.696300,17.766512,5.100145,17.436601,3.117617,0
2023-01-17,sz.000532,11.4700,12.1800,11.4700,12.0500,11.5700,12822203,151773932.0000,3,3.732300,1,4.148700,18.503584,5.311733,18.159987,3.246956,0
2023-01-18,sz.000532,11.9000,12.0500,11.7500,11.7600,12.0500,8689626,103142045.7000,3,2.529400,1,-2.406600,18.058270,5.183899,17.722942,3.168814,0
2023-01-19,sz.000532,11.9300,12.9400,11.6700,12.9400,11.7600,21039004,264884038.7600,3,6.124000,1,10.034000,19.870239,5.704052,19.501264,3.486773,0
2023-01-20,sz.000532,12.5300,12.7500,11.9100,12.2500,12.9400,28169639,344125646.6000,3,8.199600,1,-5.332300,18.810698,5.399894,18.461397,3.300847,0
2023-01-30,sz.000532,12.2200,12.3400,12.1400,12.3200,12.2500,18226201,223005811.1400,3,5.305300,1,0.571400,18.918187,5.430751,18.566891,3.319709,0
2023-01-31,sz.000532,12.2000,12.5300,12.0300,12.3700,12.3200,17925573,219261329.9700,3,5.217800,1,0.405800,18.994966,5.452791,18.642244,3.333182,0
2023-02-01,sz.000532,12.2900,12.5800,12.1700,12.5800,12.3700,18930376,234279306.6400,3,5.510200,1,1.697700,19.317435,5.545361,18.958725,3.389768,0
2023-02-02,sz.000532,12.5800,12.8500,12.3300,12.3600,12.5800,20317422,253536193.1800,3,5.914000,1,-1.748800,18.979610,5.448383,18.627173,3.330488,0
2023-02-03,sz.000532,12.2100,12.3700,12.0600,12.2400,12.3600,10995087,134255034.4800,3,3.200400,1,-0.970900,18.795342,5.395486,18.446327,3.298153,0
2023-02-06,sz.000532,12.1200,12.2400,12.0500,12.0800,12.2400,7448210,90141571.6000,3,2.168000,1,-1.307200,18.549651,5.324957,18.205198,3.255040,0
2023-02-07,sz.000532,12.2000,12.2000,12.0100,12.0800,12.0800,7090269,85644053.5200,3,2.063800,1,0.000000,18.549651,5.324957,18.205198,3.255040,0
2023-02-08,sz.000532,12.0700,12.3700,12.0700,12.1000,12.0800,7997805,97508433.0200,3,2.328000,1,0.165600,18.580363,5.333773,18.235339,3.260429,0
2023-02-09,sz.000532,12.0300,12.2400,11.9000,12.2200,12.1000,7533601,91367299.1700,3,2.192900,1,0.991700,18.764631,5.386670,18.416186,3.292764,0
2023-02-10,sz.000532,12.2200,12.2300,12.0600,12.1300,12.2200,4966103,60260398.3600,3,1.445500,1,-0.736500,18.626430,5.346998,18.280551,3.268513,0
2023-02-13,sz.000532,12.1600,12.3800,12.1400,12.3700,12.1300,9822715,120961633.6000,3,2.859200,1,1.978600,18.994966,5.452791,18.642244,3.333182,0
2023-02-14,sz.000532,12.3700,12.3700,12.2300,12.3500,12.3700,5883094,72364552.8200,3,1.712400,1,-0.161700,18.964254,5.443975,18.612103,3.327793,0
2023-02-15,sz.000532,12.3000,12.3400,12.1800,12.2600,12.3500,4873504,59630979.8400,3,1.418600,1,-0.728700,18.826053,5.404303,18.476468,3.303542,0
2023-02-16,sz.000532,12.2500,12.3300,11.7900,11.8800,12.2600,10405626,126060182.4000,3,3.028900,1,-3.099500,18.242538,5.236796,17.903788,3.201148,0
2023-02-17,sz.000532,11.8800,12.0500,11.7600,11.8200,11.8800,6365921,75718042.8000,3,1.853000,1,-0.505100,18.150404,5.210347,17.813365,3.184981,0
2023-02-20,sz.000532,11.8800,12.2400,11.8800,12.1800,11.8200,7878240,95475524.9500,3,2.293200,1,3.045700,18.703208,5.369038,18.355904,3.281985,0
2023-02-21,sz.000532,12.1200,12.3800,12.1100,12.2500,12.1800,7539364,92418776.1800,3,2.194500,1,0.574700,18.810698,5.399894,18.461397,3.300847,0
2023-02-22,sz.000532,12.2900,12.3000,12.1100,12.2100,12.2500,3347037,40733536.0700,3,0.974300,1,-0.326500,18.749275,5.382262,18.401115,3.290069,0
2023-02-23,sz.000532,12.1900,12.4600,12.1400,12.2500,12.2100,5858631,71910435.3600,3,1.705300,1,0.327600,18.810698,5.399894,18.461397,3.300847,0
2023-02-24,sz.000532,13.4800,13.4800,13.2000,13.4800,12.2500,40554644,546482228.1000,3,11.804600,1,10.040800,20.699445,5.942088,20.315072,3.632280,0
2023-02-27,sz.000532,13.4900,13.6500,12.7700,12.8000,13.4800,45942160,600372267.4400,3,13.372800,1,-5.044500,19.655260,5.642339,19.290276,3.449049,0
2023-02-28,sz.000532,12.6900,12.6900,12.3600,12.5200,12.8000,25026954,312765144.5900,3,7.284800,1,-2.187500,19.225301,5.518913,18.868302,3.373601,0
2023-03-01,sz.000532,12.4400,12.6200,12.3600,12.5400,12.5200,17528063,219094808.3600,3,5.102000,1,0.159700,19.256012,5.527729,18.898443,3.378990,0
2023-03-02,sz.000532,12.4600,12.4700,12.3000,12.3400,12.5400,13154944,162658795.7800,3,3.829100,1,-1.594900,18.948899,5.439567,18.597032,3.325099,0
2023-03-03,sz.000532,12.3300,12.4000,12.1400,12.3300,12.3400,10693749,131199811.4000,3,3.112700,1,-0.081000,18.933543,5.435159,18.581962,3.322404,0
2023-03-06,sz.000532,12.3100,12.3300,12.1700,12.2400,12.3300,5823602,71192447.5000,3,1.695100,1,-0.729900,18.795342,5.395486,18.446327,3.298153,0
2023-03-07,sz.000532,12.2600,12.3100,11.9500,11.9500,12.2400,9658300,117070199.0000,3,2.811300,1,-2.369300,18.350028,5.267652,18.009282,3.220010,0
2023-03-08,sz.000532,11.9600,12.0600,11.9200,12.0500,11.9500,4636850,55600092.0000,3,1.349700,1,0.836800,18.503584,5.311733,18.159987,3.246956,0
2023-03-09,sz.000532,12.0000,12.2000,11.9800,12.0900,12.0500,4872050,58844615.0000,3,1.418100,1,0.332000,18.565007,5.329365,18.220269,3.257734,0
2023-03-10,sz.000532,12.0100,12.0600,11.8500,11.8600,12.0900,4704700,56086255.9800,3,1.369400,1,-1.902400,18.211826,5.227979,17.873647,3.195759,0
2023-03-13,sz.000532,11.6600,11.8500,11.6100,11.7600,11.8600,4706763,55168912.3700,3,1.370000,1,-0.843200,18.058270,5.183899,17.722942,3.168814,0
2023-03-14,sz.000532,11.7700,11.7700,11.3600,11.5200,11.7600,5636500,64980620.0000,3,1.640700,1,-2.040800,17.689734,5.078105,17.361249,3.104144,0
2023-03-15,sz.000532,11.5900,11.7200,11.5500,11.6300,11.5200,3653506,42578271.4200,3,1.063500,1,0.954900,17.858646,5.126594,17.527025,3.133784,0
2023-03-16,sz.000532,11.6200,11.7000,11.5200,11.5300,11.6300,3616301,41993254.5500,3,1.052600,1,-0.859800,17.705089,5.082513,17.376319,3.106838,0
2023-03-17,sz.000532,11.6700,11.8400,11.6100,11.8100,11.5300,4707439,55303376.5900,3,1.370200,1,2.428400,18.135048,5.205939,17.798294,3.182286,0
2023-03-20,sz.000532,11.8100,11.8500,11.6200,11.6800,11.8100,3936992,46230063.8600,3,1.146000,1,-1.100800,17.935424,5.148634,17.602377,3.147257,0
2023-03-21,sz.000532,11.6800,11.9500,11.6200,11.9000,11.6800,3855790,45674816.5800,3,1.122300,1,1.883600,18.273249,5.245612,17.933929,3.206538,0
2023-03-22,sz.000532,11.8800,11.9400,11.8300,11.9300,11.9000,3705494,44104128.4600,3,1.078600,1,0.252100,18.319316,5.258836,17.979141,3.214621,0
2023-03-23,sz.000532,11.8600,11.9800,11.8200,11.9800,11.9300,3504904,41780684.6800,3,1.020200,1,0.419100,18.396095,5.280876,18.054493,3.228094,0
2023-03-24,sz.000532,11.7900,11.8300,11.5100,11.6000,11.9800,7548514,87694413.4000,3,2.197200,1,-3.172000,27.911128,6.130573,82.270383,3.082198,0
2023-03-27,sz.000532,11.6100,11.6400,11.4200,11.5600,11.6000,4542378,52378807.4600,3,1.322200,1,-0.344800,27.814882,6.109433,81.986692,3.071569,0
2023-03-28,sz.000532,11.5600,11.6100,11.3800,11.3800,11.5600,3493709,40016946.2900,3,1.016900,1,-1.557100,27.381779,6.014304,80.710083,3.023742,0
2023-03-29,sz.000532,11.4800,11.4800,11.1800,11.2600,11.3800,3363801,37937721.4300,3,0.979100,1,-1.054500,27.093043,5.950884,79.859010,2.991857,0
2023-03-30,sz.000532,11.3200,11.3500,11.1500,11.2400,11.2600,2665178,29938397.1800,3,0.775800,1,-0.177600,27.044920,5.940314,79.717164,2.986543,0
2023-03-31,sz.000532,11.2300,11.3800,11.2200,11.3800,11.2400,1999887,22622928.1100,3,0.582100,1,1.245600,27.381779,6.014304,80.710083,3.023742,0
2023-04-03,sz.000532,11.3700,11.5000,11.3200,11.4900,11.3800,2887224,33049622.9000,3,0.840400,1,0.966600,27.646453,6.072438,81.490233,3.052970,0
2023-04-04,sz.000532,11.4900,11.5000,11.2600,11.3600,11.4900,2999084,34045424.0400,3,0.873000,1,-1.131400,27.333656,6.003734,80.568237,3.018428,0
2023-04-06,sz.000532,11.3800,11.3800,11.2000,11.2700,11.3600,2789927,31456750.3700,3,0.812100,1,-0.792300,27.117104,5.956169,79.929933,2.994514,0
2023-04-07,sz.000532,11.2700,11.3700,11.2000,11.3700,11.2700,2648997,29949009.2900,3,0.771100,1,0.887300,27.357717,6.009019,80.639160,3.021085,0
2023-04-10,sz.000532,11.4000,11.4200,11.0900,11.1000,11.3700,3529801,39701639.2700,3,1.027400,1,-2.374700,26.708062,5.866324,78.724246,2.949344,0
2023-04-11,sz.000532,11.0800,11.1800,11.0500,11.1500,11.1000,2016502,22433879.3700,3,0.587000,1,0.450500,26.828368,5.892749,79.078860,2.962630,0
2023-04-12,sz.000532,11.1600,11.3300,11.1500,11.3200,11.1500,2341705,26303746.4000,3,0.681600,1,1.524700,27.237411,5.982594,80.284546,3.007800,0
2023-04-13,sz.000532,11.2700,11.3300,11.1500,11.2000,11.3200,2340501,26311174.4100,3,0.681300,1,-1.060100,26.948675,5.919174,79.433473,2.975915,0
2023-04-14,sz.000532,11.2100,11.2700,11.1300,11.2400,11.2000,1875600,21017320.5900,3,0.545900,1,0.357100,27.044920,5.940314,79.717164,2.986543,0
2023-04-17,sz.000532,11.3000,11.3700,11.2000,11.3700,11.2400,2719891,30738781.9400,3,0.791700,1,1.156600,27.357717,6.009019,80.639160,3.021085,0
2023-04-18,sz.000532,11.3700,11.3800,11.1600,11.2100,11.3700,2575000,28959303.0000,3,0.749500,1,-1.407200,26.972736,5.924459,79.504396,2.978572,0
2023-04-19,sz.000532,11.1700,11.2400,11.0700,11.0900,11.2100,2495900,27832139.0000,3,0.726500,1,-1.070500,26.684000,5.861039,78.653323,2.946687,0
2023-04-20,sz.000532,11.1000,11.1100,10.9500,11.0300,11.0900,2452000,26987641.0000,3,0.713700,1,-0.541000,26.539633,5.829329,78.227787,2.930745,0
2023-04-21,sz.000532,10.9600,11.0400,10.6500,10.6500,11.0300,4048549,43649946.0500,3,1.178400,1,-3.445100,25.625303,5.628500,75.532723,2.829776,0
2023-04-24,sz.000532,10.6400,10.7400,10.5000,10.6500,10.6500,2560851,27223173.6900,3,0.745400,1,0.000000,25.625303,5.628500,75.532723,2.829776,0
2023-04-25,sz.000532,10.6400,10.6500,10.2500,10.4000,10.6500,3426296,35690898.1700,3,0.997300,1,-2.347400,25.023770,5.496376,73.759654,2.763350,0
2023-04-26,sz.000532,10.3200,10.6300,10.3200,10.5600,10.4000,1758901,18518869.5400,3,0.512000,1,1.538500,25.290876,5.873213,131.932672,2.775143,0
2023-04-27,sz.000532,10.5400,10.6600,10.5000,10.6000,10.5600,1734472,18398764.4400,3,0.504900,1,0.378800,25.386674,5.895460,132.432417,2.785655,0
2023-04-28,sz.000532,10.5500,10.8100,10.5500,10.8000,10.6000,2161287,23234572.7100,3,0.629100,1,1.886800,25.865668,6.006695,134.931142,2.838214,0
2023-05-04,sz.000532,10.7900,10.9800,10.7100,10.9300,10.8000,2476600,27026721.1000,3,0.720900,1,1.203700,26.177014,6.078998,136.555313,2.872378,0
2023-05-05,sz.000532,10.9300,10.9800,10.7400,10.9300,10.9300,2504302,27174736.8800,3,0.728900,1,0.000000,26.177014,6.078998,136.555313,2.872378,0
2023-05-08,sz.000532,10.8800,11.1400,10.8800,11.1000,10.9300,2763804,30516887.3800,3,0.804500,1,1.555400,26.584159,6.173548,138.679229,2.917054,0
2023-05-09,sz.000532,11.1000,11.5200,11.0200,11.2200,11.1000,6749841,76206743.2800,3,1.964700,1,1.081100,26.871555,6.240289,140.178464,2.948589,0
2023-05-10,sz.000532,11.1700,11.2200,10.9700,11.0400,11.2200,4147403,45934922.0000,3,1.207200,1,-1.604300,26.440461,6.140177,137.929611,2.901286,0
2023-05-11,sz.000532,11.0500,11.1600,10.9900,11.0500,11.0400,2010903,22245490.0900,3,0.585300,1,0.090600,26.464411,6.145739,138.054548,2.903914,0
2023-05-12,sz.000532,11.0500,11.1200,10.9200,10.9300,11.0500,1870700,20587873.0000,3,0.544500,1,-1.086000,26.177014,6.078998,136.555313,2.872378,0
2023-05-15,sz.000532,10.9100,11.1500,10.8000,11.1500,10.9300,2749051,30164659.3300,3,0.800200,1,2.012800,26.703908,6.201357,139.303910,2.930194,0
2023-05-16,sz.000532,11.1900,11.1900,11.0000,11.0400,11.1500,1440691,15941163.8200,3,0.419400,1,-0.986500,26.440461,6.140177,137.929611,2.901286,0
2023-05-17,sz.000532,11.0500,11.1100,10.9500,11.0800,11.0400,1795902,19838440.3300,3,0.522700,1,0.362300,26.536260,6.162425,138.429356,2.911798,0
2023-05-18,sz.000532,11.1400,11.1400,11.0500,11.1000,11.0800,1521347,16848618.8300,3,0.442800,1,0.180500,26.584159,6.173548,138.679229,2.917054,0
2023-05-19,sz.000532,11.0600,11.1600,10.9800,11.1200,11.1000,1857501,20576452.9800,3,0.540700,1,0.180200,26.632059,6.184672,138.929101,2.922310,0
2023-05-22,sz.000532,11.0500,11.1400,11.0200,11.1100,11.1200,1270988,14087160.3200,3,0.370000,1,-0.089900,26.608109,6.179110,138.804165,2.919682,0
2023-05-23,sz.000532,11.1400,11.1700,10.9700,10.9800,11.1100,1350054,14908587.1000,3,0.393000,1,-1.170100,26.296763,6.106807,137.179994,2.885518,0
2023-05-24,sz.000532,11.0100,11.0400,10.8800,10.9700,10.9800,1579601,17322975.7700,3,0.459800,1,-0.091100,26.272813,6.101245,137.055058,2.882890,0
2023-05-25,sz.000532,10.9300,11.0100,10.7700,10.9300,10.9700,1918001,20872048.9400,3,0.558300,1,-0.364600,26.177014,6.078998,136.555313,2.872378,0
2023-05-26,sz.000532,10.9500,11.0700,10.8700,11.0400,10.9300,1459100,16019261.0000,3,0.424700,1,1.006400,26.440461,6.140177,137.929611,2.901286,0
2023-05-29,sz.000532,11.0500,11.1200,10.8800,10.8900,11.0400,1458191,15987540.7800,3,0.424400,1,-1.358700,26.081216,6.056751,136.055568,2.861866,0
2023-05-30,sz.000532,10.9700,10.9700,10.8300,10.9200,10.8900,1394284,15197005.4400,3,0.405800,1,0.275500,26.153065,6.073436,136.430377,2.869750,0
2023-05-31,sz.000532,10.9400,10.9900,10.9000,10.9400,10.9200,1433952,15681591.8400,3,0.417400,1,0.183200,26.200964,6.084560,136.680249,2.875006,0
2023-06-01,sz.000532,10.9500,10.9500,10.8200,10.8400,10.9400,1624390,17669313.6000,3,0.472800,1,-0.914100,25.961467,6.028942,135.430887,2.848726,0
2023-06-02,sz.000532,10.9200,10.9900,10.8500,10.9700,10.8400,1349923,14764116.1000,3,0.392900,1,1.199300,26.272813,6.101245,137.055058,2.882890,0
2023-06-05,sz.000532,10.9600,11.1700,10.9600,11.1700,10.9700,2760704,30692192.0800,3,0.803600,1,1.823200,26.751807,6.212480,139.553783,2.935450,0
2023-06-06,sz.000532,11.1000,11.1300,10.8300,10.8500,11.1700,2683738,29540039.9600,3,0.781200,1,-2.864800,25.985417,6.034504,135.555823,2.851354,0
2023-06-07,sz.000532,10.9000,11.0900,10.8700,11.0400,10.8500,1835000,20187227.0000,3,0.534100,1,1.751200,26.440461,6.140177,137.929611,2.901286,0
2023-06-08,sz.000532,11.0000,11.0900,10.8600,10.9100,10.9800,1753000,19169913.0000,3,0.510300,1,-0.637500,26.129115,6.067875,136.305440,2.867122,0
2023-06-09,sz.000532,10.9100,10.9500,10.8300,10.9500,10.9100,1440700,15677380.0000,3,0.419400,1,0.366600,26.224914,6.090122,136.805185,2.877634,0
2023-06-12,sz.000532,10.9400,11.0800,10.8700,11.0200,10.9500,2200132,24154581.8500,3,0.640400,1,0.639300,26.392562,6.129054,137.679739,2.896030,0
2023-06-13,sz.000532,10.9900,11.0800,10.9900,11.0300,11.0200,1345110,14838589.3000,3,0.391500,1,0.090700,26.416511,6.134616,137.804675,2.898658,0
2023-06-14,sz.000532,11.0800,11.0800,10.9600,11.0000,11.0300,1301201,14301323.0000,3,0.378800,1,-0.272000,26.344662,6.117930,137.429866,2.890774,0
2023-06-15,sz.000532,11.0000,11.1000,10.9500,11.0700,11.0000,1561201,17241138.9800,3,0.454400,1,0.636400,26.512310,6.156863,138.304420,2.909170,0
2023-06-16,sz.000532,11.0700,11.1900,11.0400,11.1500,11.0700,2294701,25531817.0800,3,0.667900,1,0.722700,26.703908,6.201357,139.303910,2.930194,0
2023-06-19,sz.000532,11.1400,11.1400,11.0700,11.0900,11.1500,1823500,20240446.0000,3,0.530800,1,-0.538100,26.560209,6.167986,138.554293,2.914426,0
2023-06-20,sz.000532,11.0900,11.0900,10.9200,10.9500,11.0900,2007801,22035580.9700,3,0.584400,1,-1.262400,26.224914,6.090122,136.805185,2.877634,0
2023-06-21,sz.000532,11.0000,11.2400,10.8500,11.0300,10.9500,4737415,52428736.3700,3,1.379000,1,0.730600,26.416511,6.134616,137.804675,2.898658,0
2023-06-26,sz.000532,10.9500,10.9500,10.5800,10.5800,11.0300,4282801,45929614.5800,3,1.246600,1,-4.079800,25.338775,5.884337,132.182544,2.780399,0
2023-06-27,sz.000532,10.6300,10.9300,10.5800,10.8900,10.5800,2770502,29920996.5400,3,0.806400,1,2.930100,26.081216,6.056751,136.055568,2.861866,0
2023-06-28,sz.000532,10.8800,10.8900,10.6200,10.7500,10.8900,1908101,20464995.7000,3,0.555400,1,-1.285600,25.745920,5.978887,134.306460,2.825075,0
2023-06-29,sz.000532,10.7500,11.0700,10.7200,10.9900,10.7500,3023982,33103098.7600,3,0.880200,1,2.232600,26.320713,6.112369,137.304930,2.888146,0
2023-06-30,sz.000532,10.9900,11.1100,10.9200,11.0900,10.9900,1924101,21307943.5600,3,0.560100,1,0.909900,26.560209,6.167986,138.554293,2.914426,0
2023-07-03,sz.000532,11.0900,11.1700,11.0500,11.0900,11.0900,2177500,24195838.0000,3,0.633800,1,0.000000,26.560209,6.167986,138.554293,2.914426,0
2023-07-04,sz.000532,11.1000,11.1500,11.0400,11.1400,11.0900,1861833,20698514.9600,3,0.541900,1,0.450900,26.679958,6.195795,139.178974,2.927566,0
2023-07-05,sz.000532,11.1400,11.1800,11.0900,11.1000,11.1400,1385169,15426972.6600,3,0.403200,1,-0.359100,26.584159,6.173548,138.679229,2.917054,0
2023-07-06,sz.000532,11.0500,11.1800,11.0500,11.1400,11.1000,1602201,17838657.1200,3,0.466400,1,0.360400,26.679958,6.195795,139.178974,2.927566,0
2023-07-07,sz.000532,11.1400,11.1700,11.0400,11.1000,11.1400,1823301,20262249.0900,3,0.530700,1,-0.359100,26.584159,6.173548,138.679229,2.917054,0
2023-07-10,sz.000532,11.1000,11.1600,11.0500,11.0600,11.1000,1167500,12946120.0000,3,0.339800,1,-0.360400,26.488360,6.151301,138.179484,2.906542,0
2023-07-11,sz.000532,11.0600,11.2600,11.0400,11.2300,11.0600,2413480,27037042.5700,3,0.702500,1,1.537100,26.895505,6.245851,140.303400,2.951217,0
2023-07-12,sz.000532,11.2300,11.3100,11.1400,11.1500,11.2300,1763779,19751553.0600,3,0.513400,1,-0.712400,26.703908,6.201357,139.303910,2.930194,0
2023-07-13,sz.000532,11.1200,11.2600,11.1200,11.2400,11.1500,1781301,19978053.2200,3,0.518500,1,0.807200,26.919455,6.251413,140.428336,2.953845,0
2023-07-14,sz.000532,11.2400,11.2900,11.1900,11.2600,11.2400,1602500,18009991.0000,3,0.466500,1,0.177900,26.967354,6.262536,140.678209,2.959101,0
2023-07-17,sz.000532,11.2400,11.3500,11.1800,11.3300,11.2600,2897600,32692389.0000,3,0.843400,1,0.621700,27.135002,6.301468,141.552762,2.977497,0
2023-07-18,sz.000532,11.3300,11.3900,11.2900,11.3200,11.3300,2223600,25211757.0000,3,0.647200,1,-0.088300,27.111052,6.295907,141.427826,2.974869,0
2023-07-19,sz.000532,11.3200,11.3800,11.2300,11.2800,11.3200,1576400,17794655.0000,3,0.458900,1,-0.353400,27.015254,6.273660,140.928081,2.964357,0
2023-07-20,sz.000532,11.2800,11.3000,11.1100,11.1200,11.2800,2105400,23553186.0000,3,0.612800,1,-1.418400,26.632059,6.184672,138.929101,2.922310,0
2023-07-21,sz.000532,11.1000,11.2300,11.0500,11.0600,11.1200,1926933,21440761.3800,3,0.560900,1,-0.539600,26.488360,6.151301,138.179484,2.906542,0
2023-07-24,sz.000532,11.0600,11.1200,10.9800,11.0400,11.0600,1690301,18674312.0400,3,0.492000,1,-0.180800,26.440461,6.140177,137.929611,2.901286,0
2023-07-25,sz.000532,11.2300,12.1400,11.1800,11.7300,11.0400,24248573,287482358.8100,3,7.058200,1,6.250000,28.092990,6.523939,146.550212,3.082616,0
2023-07-26,sz.000532,11.5400,11.8000,11.4100,11.4400,11.7300,17997009,207678773.0400,3,5.238500,1,-2.472300,27.398449,6.362648,142.927061,3.006405,0
2023-07-27,sz.000532,11.4000,11.6000,11.3300,11.3300,11.4400,8489599,97099889.7600,3,2.471100,1,-0.961500,27.135002,6.301468,141.552762,2.977497,0
2023-07-28,sz.000532,11.3200,11.8500,11.3200,11.7100,11.3300,15378071,178756677.5300,3,4.476200,1,3.353900,28.045090,6.512815,146.300340,3.077360,0
2023-07-31,sz.000532,11.6700,11.9700,11.6300,11.8000,11.7100,12636996,149084185.7200,3,3.678400,1,0.768600,28.260638,6.562871,147.424766,3.101012,0
2023-08-01,sz.000532,11.6600,11.8900,11.6500,11.7600,11.8000,7103427,83557826.5200,3,2.067700,1,-0.339000,28.164839,6.540624,146.925021,3.090500,0
2023-08-02,sz.000532,11.7000,12.1000,11.7000,11.9600,11.7600,9139233,109241658.4600,3,2.660200,1,1.700700,28.643833,6.651859,149.423746,3.143060,0
2023-08-03,sz.000532,11.9600,12.1200,11.8000,11.9800,11.9600,9249591,110787581.1800,3,2.692400,1,0.167200,28.691732,6.662982,149.673618,3.148316,0
2023-08-04,sz.000532,12.2000,12.3900,12.0500,12.1200,11.9800,18110508,221467767.6300,3,5.271600,1,1.168600,29.027028,6.740847,151.422726,3.185107,0
2023-08-07,sz.000532,11.8200,12.0700,11.8200,11.9400,12.1200,9493196,113372270.4000,3,2.763300,1,-1.485100,28.595933,6.640735,149.173873,3.137804,0
2023-08-08,sz.000532,11.8500,11.9900,11.7400,11.7800,11.9400,5610827,66360086.0600,3,1.633200,1,-1.340000,28.212738,6.551747,147.174893,3.095756,0
2023-08-09,sz.000532,11.8000,11.9200,11.6600,11.7100,11.7800,5059800,59533020.0000,3,1.472800,1,-0.594200,28.045090,6.512815,146.300340,3.077360,0
2023-08-10,sz.000532,11.7100,11.8700,11.6200,11.8600,11.7100,4101012,48257487.1000,3,1.193700,1,1.281000,28.404336,6.596241,148.174383,3.116780,0
2023-08-11,sz.000532,11.8000,11.8000,11.4900,11.4900,11.8600,5269050,61155774.5000,3,1.533700,1,-3.119700,27.518197,6.390456,143.551742,3.019545,0
2023-08-14,sz.000532,11.3800,11.5000,11.2400,11.4000,11.4900,4312101,48983402.3700,3,1.255200,1,-0.783300,27.302650,6.340401,142.427316,2.995893,0
2023-08-15,sz.000532,11.4000,11.4200,11.1900,11.3400,11.4000,3169201,35788419.2700,3,0.922500,1,-0.526300,27.158952,6.307030,141.677699,2.980125,0
2023-08-16,sz.000532,11.3200,11.5700,11.2100,11.2800,11.3400,3597400,40748753.0000,3,1.047100,1,-0.529100,27.015254,6.273660,140.928081,2.964357,0
2023-08-17,sz.000532,11.2100,11.3500,11.1300,11.2500,11.2800,3178709,35713724.1600,3,0.925300,1,-0.266000,26.943405,6.256974,140.553273,2.956473,0
2023-08-18,sz.000532,11.2500,11.3300,11.0100,11.0200,11.2500,3884909,43340934.2700,3,1.130800,1,-2.044400,26.392562,6.129054,137.679739,2.896030,0
2023-08-21,sz.000532,11.0400,11.1700,10.9700,10.9900,11.0200,3586436,39678390.4400,3,1.043900,1,-0.272200,26.320713,6.112369,137.304930,2.888146,0
2023-08-22,sz.000532,11.0100,11.1200,10.8900,11.1000,10.9900,2860084,31457485.8400,3,0.832500,1,1.000900,26.584159,6.173548,138.679229,2.917054,0
2023-08-23,sz.000532,11.0200,11.0700,10.8300,10.9300,11.1000,2346400,25658348.0000,3,0.683000,1,-1.531500,26.177014,6.078998,136.555313,2.872378,0
2023-08-24,sz.000532,10.9200,11.0000,10.7700,10.8500,10.9300,2569605,27933397.8500,3,0.748000,1,-0.731900,25.985417,6.034504,135.555823,2.851354,0
2023-08-25,sz.000532,10.6500,10.7000,10.4100,10.4300,10.8500,5709611,60058124.4800,3,1.661900,1,-3.871000,27.372634,7.247719,66.302428,2.767055,0
2023-08-28,sz.000532,11.3600,11.3800,10.7900,10.8200,10.4300,7598961,84104426.2500,3,2.211900,1,3.739200,28.396155,7.518727,68.781618,2.870521,0
2023-08-29,sz.000532,10.8100,10.9400,10.7000,10.9200,10.8200,4687961,50777234.8400,3,1.364600,1,0.924200,28.658597,7.588216,69.417307,2.897051,0
2023-08-30,sz.000532,10.8800,10.9400,10.7600,10.8000,10.9200,2676578,29029990.7400,3,0.779100,1,-1.098900,28.343667,7.504829,68.654480,2.865215,0
2023-08-31,sz.000532,10.8000,10.8000,10.6100,10.6300,10.8000,2921101,31171721.6200,3,0.850300,1,-1.574100,27.897517,7.386698,67.573807,2.820114,0
2023-09-01,sz.000532,10.6200,10.7500,10.6000,10.6700,10.6300,2140679,22832379.9200,3,0.623100,1,0.376300,28.002493,7.414493,67.828083,2.830726,0
2023-09-04,sz.000532,10.6700,10.8900,10.6300,10.8900,10.6700,2969300,31989071.0000,3,0.864300,1,2.061900,28.579864,7.567369,69.226600,2.889092,0
2023-09-05,sz.000532,10.8600,10.8800,10.7500,10.7900,10.8900,2084800,22492529.0000,3,0.606800,1,-0.918300,28.317423,7.497880,68.590911,2.862562,0
2023-09-06,sz.000532,10.7900,10.9500,10.6700,10.9300,10.7900,2267500,24614136.2200,3,0.660000,1,1.297500,28.684841,7.595165,69.480876,2.899703,0
2023-09-07,sz.000532,10.9300,10.9500,10.7700,10.7900,10.9300,1654900,17928297.0000,3,0.481700,1,-1.280900,28.317423,7.497880,68.590911,2.862562,0
2023-09-08,sz.000532,10.7500,10.9200,10.7500,10.8900,10.7900,1949100,21157316.0000,3,0.567300,1,0.926800,28.579864,7.567369,69.226600,2.889092,0
2023-09-11,sz.000532,10.8900,11.0800,10.7800,11.0000,10.8900,2459900,26968062.0000,3,0.716000,1,1.010100,28.868550,7.643807,69.925859,2.918274,0
2023-09-12,sz.000532,11.0100,11.0700,10.9300,10.9600,11.0000,1639400,18010356.0000,3,0.477200,1,-0.363600,28.763573,7.616012,69.671583,2.907662,0
2023-09-13,sz.000532,10.9300,10.9800,10.7300,10.8000,10.9600,1881101,20361639.8500,3,0.547500,1,-1.459900,28.343667,7.504829,68.654480,2.865215,0
2023-09-14,sz.000532,10.8100,10.8200,10.6600,10.7200,10.8000,1582800,16981324.0000,3,0.460700,1,-0.740700,28.133714,7.449238,68.145928,2.843991,0
2023-09-15,sz.000532,10.7900,10.8400,10.6900,10.7600,10.7200,1336614,14380607.6400,3,0.389100,1,0.373100,28.238690,7.477033,68.400204,2.854603,0
2023-09-18,sz.000532,10.7600,11.0000,10.6600,10.9100,10.7600,2533000,27503740.0000,3,0.737300,1,1.394100,28.632352,7.581267,69.353738,2.894398,0
2023-09-19,sz.000532,10.8900,10.9000,10.6800,10.7100,10.9100,2007700,21565618.0000,3,0.584400,1,-1.833200,28.107470,7.442289,68.082359,2.841338,0
2023-09-20,sz.000532,10.6700,10.7500,10.6500,10.6600,10.7100,1050800,11230428.0000,3,0.305900,1,-0.466900,27.976249,7.407544,67.764514,2.828073,0
2023-09-21,sz.000532,10.6700,10.7100,10.6100,10.6600,10.6600,1157601,12341461.6800,3,0.337000,1,0.000000,27.976249,7.407544,67.764514,2.828073,0
2023-09-22,sz.000532,10.6600,10.8900,10.6200,10.8700,10.6600,2123901,22942914.8600,3,0.618200,1,1.970000,28.527376,7.553471,69.099462,2.883786,0
2023-09-25,sz.000532,10.9000,10.9200,10.7300,10.7800,10.8700,1682501,18178428.7800,3,0.489700,1,-0.828000,28.291179,7.490931,68.527342,2.859909,0
2023-09-26,sz.000532,10.7500,10.8100,10.6300,10.6700,10.7800,1482404,15828536.6400,3,0.431500,1,-1.020400,28.002493,7.414493,67.828083,2.830726,0
2023-09-27,sz.000532,10.7200,10.7700,10.6100,10.6800,10.6700,1925900,20570637.0000,3,0.560600,1,0.093700,28.028737,7.421442,67.891652,2.833379,0
2023-09-28,sz.000532,10.6900,10.8900,10.6600,10.8700,10.6800,2240597,24227629.4500,3,0.652200,1,1.779000,28.527376,7.553471,69.099462,2.883786,0
2023-10-09,sz.000532,10.8400,10.8700,10.7500,10.7800,10.8700,1893400,20448173.0000,3,0.551100,1,-0.828000,28.291179,7.490931,68.527342,2.859909,0
2023-10-10,sz.000532,10.8000,10.9700,10.8000,10.8900,10.7800,2316498,25240984.2000,3,0.674300,1,1.020400,28.579864,7.567369,69.226600,2.889092,0
2023-10-11,sz.000532,10.9300,11.0600,10.9300,10.9800,10.8900,2228479,24517026.4300,3,0.648700,1,0.826400,28.816061,7.629910,69.798721,2.912968,0
2023-10-12,sz.000532,11.0400,11.1100,10.9100,11.0600,10.9800,1975001,21803406.0400,3,0.574900,1,0.728600,29.026015,7.685501,70.307273,2.934192,0
2023-10-13,sz.000532,11.0100,11.0600,10.9900,11.0200,11.0600,1591700,17551062.0000,3,0.463300,1,-0.361700,28.921038,7.657705,70.052997,2.923580,0
2023-10-16,sz.000532,11.0300,11.0700,10.9100,10.9500,11.0200,2270900,24930873.0000,3,0.661000,1,-0.635200,28.737329,7.609063,69.608014,2.905009,0
2023-10-17,sz.000532,10.9900,11.0400,10.8900,10.9500,10.9500,2073821,22733367.7900,3,0.603600,1,0.000000,28.737329,7.609063,69.608014,2.905009,0
2023-10-18,sz.000532,10.9500,10.9600,10.7000,10.7300,10.9500,2515546,27244542.7000,3,0.732200,1,-2.009100,28.159958,7.456187,68.209497,2.846644,0
2023-10-19,sz.000532,10.7300,10.8800,10.6600,10.6800,10.7300,1708594,18391282.2600,3,0.497300,1,-0.466000,28.028737,7.421442,67.891652,2.833379,0
2023-10-20,sz.000532,10.6700,10.7900,10.5100,10.5200,10.6800,1910089,20274551.2100,3,0.556000,1,-1.498100,27.608831,7.310259,66.874549,2.790931,0
2023-10-23,sz.000532,10.4700,10.5300,10.1100,10.1700,10.5200,2987978,30694022.7400,3,0.869700,1,-3.327000,26.690286,7.067047,64.649635,2.698077,0
2023-10-24,sz.000532,10.2500,10.3500,10.0200,10.3500,10.1700,2824900,28888470.0000,3,0.822300,1,1.769900,27.162681,7.192128,65.793876,2.745831,0
2023-10-25,sz.000532,10.3600,10.6800,10.3600,10.5500,10.3500,2532200,26703535.0000,3,0.737100,1,1.932400,27.687564,7.331106,67.065256,2.798890,0
2023-10-26,sz.000532,10.4900,10.6800,10.4400,10.6200,10.5500,2258813,23865353.3400,3,0.657500,1,0.663500,27.871273,7.379749,67.510238,2.817461,0
2023-10-27,sz.000532,10.6200,10.6600,10.5100,10.5800,10.6200,1665435,17641965.0000,3,0.484800,1,-0.376600,27.766296,7.351953,67.255963,2.806849,0
2023-10-30,sz.000532,10.5700,10.8100,10.5100,10.7500,10.5800,2508900,26905186.0000,3,0.730300,1,1.606800,28.212446,7.470084,68.336635,2.851950,0
2023-10-31,sz.000532,10.7200,10.9200,10.7000,10.8100,10.7500,2188700,23696777.0000,3,0.637100,1,0.558100,57.782822,9.169705,-21.362904,2.818407,0
2023-11-01,sz.000532,10.9200,11.0200,10.8200,10.9100,10.8100,3092341,33816938.8500,3,0.900100,1,0.925100,58.317353,9.254531,-21.560525,2.844479,0
2023-11-02,sz.000532,10.9100,10.9800,10.7700,10.7800,10.9100,1947696,21144524.9200,3,0.566900,1,-1.191600,57.622462,9.144257,-21.303617,2.810585,0
2023-11-03,sz.000532,10.8700,10.9600,10.7800,10.9300,10.7800,1960800,21384333.0000,3,0.570700,1,1.391500,58.424259,9.271496,-21.600050,2.849694,0
2023-11-06,sz.000532,10.9500,11.1800,10.9500,11.1500,10.9300,3406700,37766670.0000,3,0.991600,1,2.012800,59.600228,9.458114,-22.034817,2.907053,0
2023-11-07,sz.000532,11.2100,11.2600,11.1000,11.2000,11.1500,3264087,36556534.4400,3,0.950100,1,0.448400,59.867493,9.500527,-22.133628,2.920089,0
2023-11-08,sz.000532,11.2300,11.2300,11.0500,11.1100,11.2000,2782935,30996226.1000,3,0.810100,1,-0.803600,59.386415,9.424183,-21.955769,2.896624,0
2023-11-09,sz.000532,11.1700,11.1900,11.0200,11.0700,11.1100,2208960,24501348.6000,3,0.643000,1,-0.360000,59.172603,9.390253,-21.876720,2.886195,0
2023-11-10,sz.000532,11.0300,11.5300,10.9700,11.3600,11.0700,5928700,66938221.0000,3,1.725700,1,2.619700,60.722743,9.636249,-22.449823,2.961804,0
2023-11-13,sz.000532,11.2500,11.3500,11.0900,11.2400,11.3600,5870425,65574709.9700,3,1.708800,1,-1.056300,60.081306,9.534457,-22.212677,2.930518,0
2023-11-14,sz.000532,11.2300,11.4300,11.1500,11.3700,11.2400,3694700,41805549.0000,3,1.075400,1,1.156600,60.776196,9.644731,-22.469585,2.964411,0
2023-11-15,sz.000532,11.4700,11.4900,11.3600,11.4100,11.3700,3305599,37733054.5800,3,0.962200,1,0.351800,60.990009,9.678662,-22.548634,2.974840,0
2023-11-16,sz.000532,11.4100,11.4600,11.3200,11.3500,11.4100,2051000,23345603.0000,3,0.597000,1,-0.525900,60.669290,9.627766,-22.430061,2.959197,0
2023-11-17,sz.000532,11.3100,11.4400,11.2900,11.4100,11.3500,1882700,21414002.0000,3,0.548000,1,0.528600,60.990009,9.678662,-22.548634,2.974840,0
2023-11-20,sz.000532,11.4600,11.4900,11.3700,11.4500,11.4100,2320300,26554352.5000,3,0.675400,1,0.350600,61.203821,9.712592,-22.627682,2.985269,0
2023-11-21,sz.000532,11.4500,11.5600,11.3900,11.4200,11.4500,3266400,37465841.0000,3,0.950800,1,-0.262000,61.043462,9.687144,-22.568396,2.977448,0
2023-11-22,sz.000532,11.4000,11.5600,11.3500,11.3700,11.4200,3014600,34423788.1000,3,0.877500,1,-0.437800,60.776196,9.644731,-22.469585,2.964411,0
2023-11-23,sz.000532,11.4400,11.4600,11.3200,11.4300,11.3700,2102300,23957007.0000,3,0.611900,1,0.527700,61.096915,9.695627,-22.588158,2.980055,0
2023-11-24,sz.000532,11.4300,12.5600,11.4000,11.7600,11.4300,17818582,211665252.3200,3,5.186600,1,2.887100,62.860868,9.975553,-23.240310,3.066093,0
2023-11-27,sz.000532,11.7300,12.2000,11.5000,11.6100,11.7600,17316694,203245043.5200,3,5.040500,1,-1.275500,62.059071,9.848314,-22.943877,3.026985,0
2023-11-28,sz.000532,11.3000,11.8100,11.3000,11.5800,11.6100,10475365,120886064.6900,3,3.049200,1,-0.258400,61.898712,9.822866,-22.884591,3.019163,0
2023-11-29,sz.000532,11.4700,11.6800,11.4000,11.4700,11.5800,6102542,70247522.1400,3,1.776300,1,-0.949900,61.310728,9.729557,-22.667207,2.990484,0
2023-11-30,sz.000532,11.4100,11.4300,11.2400,11.3200,11.4700,4445973,50292529.0900,3,1.294100,1,-1.307800,60.508931,9.602318,-22.370774,2.951375,0
2023-12-01,sz.000532,11.3200,12.0700,11.1900,11.6100,11.3200,8978416,104550248.0400,3,2.613400,1,2.561800,62.059071,9.848314,-22.943877,3.026985,0
2023-12-04,sz.000532,11.5000,11.7300,11.4400,11.5700,11.6100,5839500,67769099.9600,3,1.699800,1,-0.344500,61.845259,9.814383,-22.864829,3.016556,0
2023-12-05,sz.000532,11.6300,11.6300,11.4100,11.4100,11.5700,3779489,43420752.9500,3,1.100100,1,-1.382900,60.990009,9.678662,-22.548634,2.974840,0
2023-12-06,sz.000532,11.3500,11.5000,11.3500,11.4200,11.4100,2626400,30040745.1100,3,0.764500,1,0.087600,61.043462,9.687144,-22.568396,2.977448,0
2023-12-07,sz.000532,11.4000,11.8500,11.3600,11.6800,11.4200,7254470,84644335.4800,3,2.111600,1,2.276700,62.433243,9.907692,-23.082212,3.045235,0
2023-12-08,sz.000532,11.5400,11.9500,11.5400,11.8300,11.6800,7890076,92812909.2400,3,2.296600,1,1.284200,63.235040,10.034931,-23.378645,3.084344,0
2023-12-11,sz.000532,11.8600,11.9000,11.6200,11.9000,11.8300,8080800,94936663.0000,3,2.352100,1,0.591700,,,,,0
2023-12-12,sz.000532,11.8200,11.9700,11.7100,11.9500,11.9000,6243735,73915081.5000,3,1.817400,1,0.420200,63.876477,10.136723,-23.615791,3.115630,0
2023-12-13,sz.000532,11.8900,11.9300,11.7100,11.7200,11.9500,5149800,60804616.0000,3,1.499000,1,-1.924700,62.647056,9.941623,-23.161261,3.055664,0
2023-12-14,sz.000532,12.0100,12.1800,11.7000,11.8600,11.7200,8990335,107115711.5500,3,2.616900,1,1.194500,63.395399,10.060379,-23.437931,3.092165,0
2023-12-15,sz.000532,11.7600,11.9200,11.6800,11.7900,11.8600,5118946,60284044.3400,3,1.490000,1,-0.590200,63.021227,10.001001,-23.299596,3.073915,0
2023-12-18,sz.000532,11.7000,11.7900,11.5000,11.5400,11.7900,4173602,48526793.2400,3,1.214800,1,-2.120400,61.684900,9.788936,-22.805542,3.008734,0
2023-12-19,sz.000532,11.5100,11.6700,11.5000,11.6200,11.5400,3522803,40767287.6500,3,1.025400,1,0.693200,62.112524,9.856797,-22.963639,3.029592,0
2023-12-20,sz.000532,11.6400,11.6600,11.3800,11.4000,11.6200,3908000,44920523.0000,3,1.137500,1,-1.893300,60.936556,9.670179,-22.528872,2.972233,0
2023-12-21,sz.000532,11.3500,11.5700,11.1800,11.5300,11.4000,3461200,39438000.0000,3,1.007500,1,1.140400,61.631446,9.780453,-22.785780,3.006127,0
2023-12-22,sz.000532,11.5100,11.6400,11.4600,11.5400,11.5300,3563237,41109320.5000,3,1.037200,1,0.086700,61.684900,9.788936,-22.805542,3.008734,0
2023-12-25,sz.000532,11.4700,11.5200,11.1200,11.3800,11.5400,4018100,45419597.0000,3,1.169600,1,-1.386500,60.829650,9.653214,-22.489347,2.967019,0
2023-12-26,sz.000532,11.3600,11.4100,11.1400,11.1500,11.3800,2153200,24248793.0000,3,0.626800,1,-2.021100,59.600228,9.458114,-22.034817,2.907053,0
2023-12-27,sz.000532,11.1600,12.1800,11.1600,11.7900,11.1500,9230700,108338460.5000,3,2.686900,1,5.739900,63.021227,10.001001,-23.299596,3.073915,0
2023-12-28,sz.000532,11.6500,12.8000,11.6500,12.2000,11.7900,26439069,327421819.7900,3,7.695800,1,3.477500,65.212805,10.348788,-24.109845,3.180811,0
2023-12-29,sz.000532,12.1400,12.2400,11.8300,11.9900,12.2000,15100154,180656524.1800,3,4.395300,1,-1.721300,64.090290,10.170653,-23.694840,3.126059,0
2024-01-02,sz.000532,11.9200,12.0800,11.8400,11.9500,11.9900,8419850,100648031.0000,3,2.450800,1,-0.333600,63.876477,10.136723,-23.615791,3.115630,0
2024-01-03,sz.000532,11.8600,12.8600,11.7600,12.4600,11.9500,28797705,358264469.7500,3,8.382400,1,4.267800,66.602586,10.569336,-24.623661,3.248599,0
2024-01-04,sz.000532,12.3500,12.3900,11.9400,12.1000,12.4600,16232486,196108433.4200,3,4.724900,1,-2.889200,64.678274,10.263962,-23.912223,3.154739,0
2024-01-05,sz.000532,12.0500,13.3100,11.8000,12.7500,12.1000,43228322,556366064.0200,3,12.582800,1,5.371900,68.152727,10.815332,-25.196764,3.324208,0
2024-01-08,sz.000532,12.4600,13.3000,12.4500,12.6500,12.7500,44985228,579993552.5100,3,13.094200,1,-0.784300,67.618196,10.730506,-24.999143,3.298136,0
2024-01-09,sz.000532,12.3000,12.6800,12.0400,12.3600,12.6500,29146373,359625305.4000,3,8.483900,1,-2.292500,66.068055,10.484510,-24.426040,3.222526,0
2024-01-10,sz.000532,12.2600,13.6000,12.0600,13.6000,12.3600,50419771,670297015.5200,3,14.676100,1,10.032400,72.696242,11.536354,-26.876549,3.545822,0
2024-01-11,sz.000532,13.2100,13.8500,12.8600,13.1000,13.6000,57553774,754372607.4900,3,16.752700,1,-3.676500,70.023586,11.112223,-25.888440,3.415461,0
2024-01-12,sz.000532,12.8100,13.6000,12.7000,12.9900,13.1000,43376675,569629937.4500,3,12.626000,1,-0.839700,69.435602,11.018915,-25.671056,3.386781,0
2024-01-15,sz.000532,12.7000,13.3000,12.6400,12.9600,12.9900,30667323,396556244.6200,3,8.926600,1,-0.230900,69.275242,10.993467,-25.611770,3.378960,0
2024-01-16,sz.000532,12.7200,14.2600,12.5100,14.2600,12.9600,58522444,795961068.7400,3,17.034600,1,10.030900,76.224148,12.096206,-28.180852,3.717899,0
2024-01-17,sz.000532,15.0000,15.6900,14.9900,15.6900,14.2600,66210101,1021839131.6800,3,19.272300,1,10.028100,83.867944,13.309220,-31.006842,4.090731,0
2024-01-18,sz.000532,15.2000,17.1000,14.1200,15.7000,15.6900,96192511,1490690465.2200,3,27.999600,1,0.063700,83.921397,13.317703,-31.026604,4.093339,0
2024-01-19,sz.000532,14.6500,14.9800,14.1300,14.1300,15.7000,62346698,891562897.9200,3,18.147800,1,-10.000000,75.529257,11.985932,-27.923944,3.684005,0
2024-01-22,sz.000532,13.4400,14.4300,13.2700,13.5500,14.1300,48387807,669201165.2200,3,14.084700,1,-4.104700,72.428976,11.493941,-26.777738,3.532786,0
2024-01-23,sz.000532,13.4000,14.8900,13.3600,14.4200,13.5500,58346209,829576167.2300,3,16.983300,1,6.420700,77.079398,12.231928,-28.497046,3.759614,0
2024-01-24,sz.000532,14.0000,15.8600,13.9100,15.8600,14.4200,70103224,1053660241.1800,3,20.405600,1,9.986100,84.776647,13.453425,-31.342799,4.135054,0
2024-01-25,sz.000532,15.9100,17.2700,15.0200,15.5000,15.8600,82031906,1295361641.1900,3,23.877700,1,-2.269900,82.852335,13.148050,-30.631361,4.041194,0
2024-01-26,sz.000532,15.0600,16.2500,14.7400,15.1400,15.5000,60644751,933441533.1000,3,17.652400,1,-2.322600,80.928022,12.842676,-29.919923,3.947334,0
2024-01-29,sz.000532,14.6000,14.6500,13.6300,13.6300,15.1400,36537526,508429260.7200,3,10.635300,1,-9.973600,72.856601,11.561802,-26.935835,3.553644,0
2024-01-30,sz.000532,13.8100,14.6600,12.8600,13.0400,13.6300,44550469,621342706.3500,3,12.967700,1,-4.328700,69.702867,11.061328,-25.769867,3.399818,0
2024-01-31,sz.000532,12.8800,13.4100,12.6200,13.1700,13.0400,40003091,525841802.1300,3,11.644000,1,0.996900,70.397758,11.171602,-26.026775,3.433711,0
2024-02-01,sz.000532,12.7200,13.8300,12.6000,13.3900,13.1700,36043857,480982610.4500,3,10.491600,1,1.670500,71.573727,11.358219,-26.461543,3.491070,0
2024-02-02,sz.000532,13.2000,13.2400,12.0500,12.2200,13.3900,40915765,510054930.4200,3,11.909700,1,-8.737900,65.319712,10.365753,-24.149369,3.186025,0
2024-02-05,sz.000532,11.7600,11.7700,11.0000,11.0000,12.2200,20341901,225882096.6300,3,5.921100,1,-9.983600,58.798431,9.330875,-21.738385,2.867944,0
2024-02-06,sz.000532,10.0100,11.3300,9.9000,10.3900,11.0000,31649150,325445077.7000,3,9.212400,1,-5.545500,55.537791,8.813435,-20.532893,2.708904,0
2024-02-07,sz.000532,10.2500,10.3800,9.3600,9.4000,10.3900,27843901,278654170.7700,3,8.104800,1,-9.528400,50.245932,7.973656,-18.576438,2.450789,0
2024-02-08,sz.000532,9.4000,9.8300,9.1100,9.7000,9.4000,24024467,229376846.5000,3,6.993000,1,3.191500,51.849526,8.228135,-19.169303,2.529005,0
2024-02-19,sz.000532,9.8500,10.3500,9.7100,10.3400,9.7000,25176047,255080391.8900,3,7.328200,1,6.597900,55.270525,8.771022,-20.434082,2.695868,0
2024-02-20,sz.000532,10.2300,10.9800,10.1800,10.7400,10.3400,26334423,280082887.9500,3,7.665400,1,3.868500,57.408650,9.110327,-21.224569,2.800156,0
2024-02-21,sz.000532,10.7000,11.1400,10.5000,10.7600,10.7400,28632000,310289216.0000,3,8.334200,1,0.186200,57.515556,9.127292,-21.264093,2.805371,0
2024-02-22,sz.000532,10.5900,11.0300,10.5900,11.0200,10.7600,23283617,252725025.3900,3,6.777400,1,2.416400,58.905337,9.347840,-21.777909,2.873159,0
2024-02-23,sz.000532,11.0700,11.4500,11.0500,11.4000,11.0200,22878322,256955479.9300,3,6.659400,1,3.448300,60.936556,9.670179,-22.528872,2.972233,0
2024-02-26,sz.000532,11.2700,11.5100,11.1700,11.3400,11.4000,19403664,219710305.9900,3,5.648000,1,-0.526300,60.615837,9.619283,-22.410299,2.956590,0
2024-02-27,sz.000532,11.2500,11.7600,11.1700,11.7600,11.3400,18967471,218763385.0000,3,5.521000,1,3.703700,62.860868,9.975553,-23.240310,3.066093,0
2024-02-28,sz.000532,11.7700,12.6300,11.5500,12.5400,11.7600,49554712,602110062.3600,3,14.424300,1,6.632700,67.030211,10.637197,-24.781759,3.269456,0
2024-02-29,sz.000532,12.7900,13.7900,12.7800,13.5200,12.5400,61034422,801112725.1900,3,17.765800,1,7.815000,72.268617,11.468493,-26.718451,3.524964,0
2024-03-01,sz.000532,12.9900,13.2300,12.5800,12.7100,13.5200,40292915,517010221.8500,3,11.728400,1,-5.991100,67.938914,10.781401,-25.117716,3.313779,0
2024-03-04,sz.000532,12.6300,12.6300,11.8900,12.2800,12.7100,29223856,355464091.4800,3,8.506400,1,-3.383200,65.640430,10.416649,-24.267942,3.201669,0
2024-03-05,sz.000532,12.1400,12.3800,12.0100,12.0600,12.2800,19725330,240521719.0000,3,5.741600,1,-1.791500,64.464462,10.230032,-23.833175,3.144310,0
2024-03-06,sz.000532,12.0700,12.5400,11.7600,12.3200,12.0600,24933661,302422902.8200,3,7.257700,1,2.155900,65.854243,10.450579,-24.346991,3.212098,0
2024-03-07,sz.000532,12.3200,12.4500,11.7500,11.7500,12.3200,22106200,266971054.9700,3,6.434600,1,-4.626600,62.807415,9.967071,-23.220548,3.063486,0
2024-03-08,sz.000532,11.7100,11.8200,11.5700,11.7000,11.7500,12414100,144939246.0000,3,3.613500,1,-0.425500,62.540149,9.924657,-23.121737,3.050450,0
2024-03-11,sz.000532,11.6000,11.8000,11.5400,11.8000,11.7000,11995502,140364767.4900,3,3.491600,1,0.854700,63.074681,10.009484,-23.319358,3.076522,0
2024-03-12,sz.000532,11.8000,11.8700,11.6100,11.8700,11.8000,15489503,182020157.9500,3,4.508700,1,0.593200,63.448852,10.068862,-23.457694,3.094773,0
2024-03-13,sz.000532,11.8000,12.4900,11.6600,12.3100,11.8700,27525571,333107504.2600,3,8.012100,1,3.706800,65.800790,10.442097,-24.327229,3.209490,0
2024-03-14,sz.000532,12.5100,12.7500,12.1500,12.4000,12.3100,33750061,421136848.6100,3,9.823900,1,0.731100,66.281868,10.518440,-24.505088,3.232955,0
2024-03-15,sz.000532,12.1600,12.2700,11.8500,12.1100,12.4000,18085865,217306011.4600,3,5.264400,1,-2.338700,64.731727,10.272445,-23.931986,3.157346,0
2024-03-18,sz.000532,12.1500,12.3600,11.9500,12.2900,12.1100,18487615,225658474.5900,3,5.381400,1,1.486400,65.693883,10.425132,-24.287705,3.204276,0
2024-03-19,sz.000532,12.1800,12.3600,12.0800,12.0800,12.2900,14088101,172054301.4800,3,4.100700,1,-1.708700,64.571368,10.246997,-23.872699,3.149524,0
2024-03-20,sz.000532,12.0700,12.0800,11.8600,11.9500,12.0800,13041018,155997389.6400,3,3.796000,1,-1.076200,63.876477,10.136723,-23.615791,3.115630,0
2024-03-21,sz.000532,11.9000,12.0700,11.8000,11.8800,11.9500,10937349,130318586.7600,3,3.183600,1,-0.585800,63.502306,10.077345,-23.477456,3.097380,0
2024-03-22,sz.000532,11.8800,11.9400,11.6100,11.6200,11.8800,11626601,137000988.7400,3,3.384300,1,-2.188600,62.112524,9.856797,-22.963639,3.029592,0
2024-03-25,sz.000532,11.5100,11.5200,11.0300,11.0300,11.6200,14935701,168693681.1300,3,4.347500,1,-5.077500,58.958790,9.356322,-21.797671,2.875766,0
2024-03-26,sz.000532,11.0000,11.1300,10.8000,11.1300,11.0300,10019500,109848392.0000,3,2.916500,1,0.906600,59.493322,9.441149,-21.995293,2.901838,0
2024-03-27,sz.000532,10.9900,11.0300,10.5100,10.5100,11.1300,9406703,101117600.4000,3,2.738100,1,-5.570500,48.955973,9.035569,-27.030910,2.681404,0
2024-03-28,sz.000532,10.4900,11.1000,10.4200,10.8400,10.5100,9034000,97546514.0000,3,2.629600,1,3.139900,50.493125,9.319274,-27.879645,2.765596,0
2024-03-29,sz.000532,10.8000,11.0400,10.7600,11.0400,10.8400,7489201,82079499.9300,3,2.179900,1,1.845000,51.424733,9.491216,-28.394029,2.816622,0
2024-04-01,sz.000532,11.0900,11.2900,11.0900,11.2700,11.0400,6651698,74551333.5000,3,1.936200,1,2.083300,52.496082,9.688950,-28.985572,2.875301,0
2024-04-02,sz.000532,11.2800,11.2900,11.0300,11.0900,11.2700,6046357,67263579.3800,3,1.760000,1,-1.597200,51.657635,9.534202,-28.522625,2.829378,0
2024-04-03,sz.000532,11.0000,11.1400,10.9100,10.9500,11.0900,4786200,52655661.0000,3,1.393200,1,-1.262400,51.005510,9.413842,-28.162556,2.793660,0
2024-04-08,sz.000532,10.8900,11.0100,10.7700,10.7800,10.9500,4960817,53891791.3200,3,1.444000,1,-1.552500,50.213643,9.267691,-27.725329,2.750288,0
2024-04-09,sz.000532,10.7800,10.9800,10.7500,10.9500,10.7800,4235117,46095050.1500,3,1.232800,1,1.577000,51.005510,9.413842,-28.162556,2.793660,0
2024-04-10,sz.000532,10.9000,10.9400,10.6000,10.6700,10.9500,5101246,54772782.6600,3,1.484900,1,-2.557100,49.701259,9.173123,-27.442418,2.722224,0
2024-04-11,sz.000532,10.6100,10.7800,10.5700,10.6400,10.6700,3402618,36425617.9200,3,0.990400,1,-0.281200,49.561518,9.147331,-27.365260,2.714570,0
2024-04-12,sz.000532,10.6700,10.7300,10.4800,10.4900,10.6400,3868000,40888584.0000,3,1.125900,1,-1.409800,48.862812,9.018375,-26.979472,2.676301,0
2024-04-15,sz.000532,10.4900,10.5500,10.0000,10.2100,10.4900,7980129,81750324.4100,3,2.322800,1,-2.669200,47.558562,8.777655,-26.259333,2.604865,0
2024-04-16,sz.000532,10.2100,10.2800,9.5700,9.5900,10.2100,9344142,91572210.9500,3,2.719900,1,-6.072500,44.670579,8.244634,-24.664741,2.446685,0
2024-04-17,sz.000532,9.6800,10.2400,9.6800,10.2100,9.5900,7700689,77659538.8600,3,2.241500,1,6.465100,47.558562,8.777655,-26.259333,2.604865,0
2024-04-18,sz.000532,10.3000,10.3700,10.0300,10.1100,10.2100,5917000,60450647.0500,3,1.722300,1,-0.979400,47.092758,8.691684,-26.002141,2.579352,0
2024-04-19,sz.000532,10.0400,10.1800,9.9800,10.0000,10.1100,4324000,43438193.0000,3,1.258600,1,-1.088000,46.580374,8.597116,-25.719229,2.551288,0
2024-04-22,sz.000532,10.1300,10.1300,9.8500,9.9200,10.0000,3999000,39867128.0000,3,1.164000,1,-0.800000,46.207731,8.528339,-25.513476,2.530878,0
2024-04-23,sz.000532,9.9300,10.1000,9.9300,10.0000,9.9200,3572600,35785647.0000,3,1.039900,1,0.806500,46.580374,8.597116,-25.719229,2.551288,0
2024-04-24,sz.000532,10.0400,10.2600,10.0000,10.2500,10.0000,4163175,42152944.2500,3,1.211800,1,2.500000,47.744883,8.812044,-26.362210,2.615070,0
2024-04-25,sz.000532,10.2500,10.4900,10.1800,10.3600,10.2500,5137800,53290223.0000,3,1.495500,1,1.073200,48.257267,8.906612,-26.645122,2.643134,0
2024-04-26,sz.000532,11.4000,11.4000,11.4000,11.4000,10.3600,6046764,68933109.6000,3,1.760100,1,10.038600,23.394000,9.448804,-17.070040,2.691991,0
2024-04-29,sz.000532,12.5400,12.5400,12.5400,12.5400,11.4000,4797101,60155646.5400,3,1.396300,1,10.000000,25.733400,10.393684,-18.777044,2.961190,0
2024-04-30,sz.000532,13.6800,13.6800,11.9900,12.2600,12.5400,63982381,824558125.8900,3,18.623900,1,-2.232900,25.158811,10.161609,-18.357779,2.895071,0
2024-05-06,sz.000532,12.4500,13.0900,12.1600,12.6600,12.2600,47816259,596641813.6600,3,13.918300,1,3.262600,25.979653,10.493146,-18.956728,2.989527,0
2024-05-07,sz.000532,12.3000,13.9300,12.1500,13.9300,12.6600,72395765,966451777.2900,3,21.072900,1,10.031600,28.585826,11.545775,-20.858391,3.289424,0
2024-05-08,sz.000532,13.4000,13.6000,13.0100,13.1000,13.9300,46020846,610339677.2600,3,13.395700,1,-5.958400,26.882579,10.857836,-19.615572,3.093428,0
2024-05-09,sz.000532,13.0500,13.4800,12.9500,13.1800,13.1000,33360223,440041578.4200,3,9.710400,1,0.610700,27.046748,10.924144,-19.735362,3.112320,0
2024-05-10,sz.000532,13.0900,13.4200,12.8200,13.2100,13.1800,31734972,415082098.5200,3,9.237400,1,0.227600,27.108311,10.949009,-19.780283,3.119404,0
2024-05-13,sz.000532,12.9200,14.2500,12.7000,13.6900,13.2100,42312690,573378779.7300,3,12.316300,1,3.633600,28.093321,11.346853,-20.499021,3.232751,0
2024-05-14,sz.000532,13.4400,14.6500,13.4300,14.3900,13.6900,50924648,714004685.6300,3,14.823100,1,5.113200,29.529795,11.927043,-21.547182,3.398049,0
2024-05-15,sz.000532,14.0100,14.1800,12.9900,13.0000,14.3900,39491645,530784050.4200,3,11.495200,1,-9.659500,26.677369,10.774952,-19.465835,3.069815,0
2024-05-16,sz.000532,12.9900,13.4700,12.8900,13.2300,13.0000,27387681,359219173.6300,3,7.972000,1,1.769200,27.149353,10.965586,-19.810230,3.124127,0
2024-05-17,sz.000532,13.0200,13.2300,12.7100,13.0600,13.2300,20732601,268814264.9700,3,6.034800,1,-1.285000,26.800495,10.824683,-19.555677,3.083983,0
2024-05-20,sz.000532,12.9000,13.3400,12.8800,13.1100,13.0600,16928101,222454010.7900,3,4.927400,1,0.382800,26.903100,10.866125,-19.630546,3.095790,0
2024-05-21,sz.000532,13.0600,13.2800,12.9200,13.0000,13.1100,15321181,200303487.1700,3,4.459700,1,-0.839100,26.677369,10.774952,-19.465835,3.069815,0
2024-05-22,sz.000532,12.9800,13.0900,12.9000,13.0100,13.0000,11803100,153119534.0000,3,3.435600,1,0.076900,26.697890,10.783240,-19.480808,3.072176,0
2024-05-23,sz.000532,12.9200,13.0000,12.6400,12.6800,13.0100,12227900,156360091.3600,3,3.559300,1,-2.536500,26.020695,10.509722,-18.986676,2.994250,0
2024-05-24,sz.000532,12.5600,12.7300,12.3500,12.3500,12.6800,12809764,160283084.0400,3,3.728600,1,-2.602500,25.343500,10.236204,-18.492543,2.916324,0
2024-05-27,sz.000532,12.3700,12.4500,12.1900,12.4200,12.3500,9414007,116070803.6800,3,2.740200,1,0.566800,25.487148,10.294223,-18.597359,2.932854,0
2024-05-28,sz.000532,12.4700,12.4700,12.1000,12.1300,12.4200,7977889,97496730.5800,3,2.322200,1,-2.334900,24.892037,10.053859,-18.163121,2.864373,0
2024-05-29,sz.000532,12.1400,12.3000,12.1000,12.2300,12.1300,7706700,94077585.0000,3,2.243300,1,0.824400,25.097248,10.136743,-18.312858,2.887987,0
2024-05-30,sz.000532,12.1500,12.3000,12.0700,12.1600,12.2300,7157900,87131691.0000,3,2.083500,1,-0.572400,24.953600,10.078724,-18.208042,2.871457,0
2024-05-31,sz.000532,12.2200,12.4600,12.2100,12.2700,12.1600,8798253,108488804.1400,3,2.561000,1,0.904600,25.179332,10.169897,-18.372753,2.897433,0
2024-06-03,sz.000532,12.2700,12.3400,11.8700,11.9800,12.2700,10083853,121333332.2400,3,2.935200,1,-2.363500,24.584221,9.929533,-17.938515,2.828952,0
2024-06-04,sz.000532,11.9800,12.3900,11.8600,12.2600,11.9800,14584900,176954142.0000,3,4.245400,1,2.337200,25.158811,10.161609,-18.357779,2.895071,0
2024-06-05,sz.000532,12.1500,12.3900,12.0100,12.0100,12.2600,13067700,159015119.0000,3,3.803700,1,-2.039200,24.645784,9.954398,-17.983436,2.836036,0
2024-06-06,sz.000532,11.9700,12.1200,11.4300,11.5300,12.0100,13794414,161390700.4900,3,4.015300,1,-3.996700,23.660774,9.556554,-17.264698,2.722689,0
2024-06-07,sz.000532,11.6000,11.7700,11.5500,11.7000,11.4700,8654001,100949661.6000,3,2.519000,1,2.005200,24.009632,9.697457,-17.519251,2.762833,0
2024-06-11,sz.000532,11.5200,11.9900,11.4300,11.9400,11.7000,9500401,112323268.8800,3,2.765400,1,2.051300,24.502137,9.896379,-17.878620,2.819507,0
2024-06-12,sz.000532,11.9100,12.2300,11.8400,12.1900,11.9400,10110702,122403947.0400,3,2.943000,1,2.093800,25.015163,10.103590,-18.252963,2.878541,0
2024-06-13,sz.000532,12.1700,12.2700,12.0300,12.1500,12.1900,9485600,115415136.9900,3,2.761100,1,-0.328100,24.933079,10.070436,-18.193069,2.869096,0
2024-06-14,sz.000532,12.1800,12.6200,12.1300,12.5400,12.1500,19043516,236328450.6700,3,5.543200,1,3.209900,25.733400,10.393684,-18.777044,2.961190,0
2024-06-17,sz.000532,12.3000,12.6500,12.2600,12.5600,12.5400,13967288,175108881.2500,3,4.065600,1,0.159500,25.774442,10.410261,-18.806991,2.965913,0
2024-06-18,sz.000532,12.5200,12.7900,12.4700,12.7600,12.5600,13444081,170342689.6100,3,3.913300,1,1.592400,26.184863,10.576030,-19.106465,3.013141,0
2024-06-19,sz.000532,12.7600,12.7600,12.5000,12.5100,12.7600,11160935,140555991.9900,3,3.248700,1,-1.959200,25.671837,10.368819,-18.732122,2.954106,0
2024-06-20,sz.000532,12.8700,12.9900,12.2600,12.3200,12.5100,12915635,161464703.3500,3,3.759500,1,-1.518800,25.281937,10.211339,-18.447622,2.909240,0
2024-06-21,sz.000532,12.2000,12.4100,12.1900,12.2500,12.3200,8393100,103282334.0000,3,2.443100,1,-0.568200,25.138290,10.153320,-18.342806,2.892710,0
2024-06-24,sz.000532,12.0800,12.1800,11.7500,11.7900,12.2500,9698022,115787347.6500,3,2.822900,1,-3.755100,24.194321,9.772053,-17.654015,2.784086,0
2024-06-25,sz.000532,11.7400,11.9000,11.5300,11.6500,11.7900,7415734,86801390.1200,3,2.158600,1,-1.187400,23.907026,9.656015,-17.444383,2.751026,0
2024-06-26,sz.000532,11.6300,12.0600,11.6000,12.0500,11.6500,7330100,86867932.0000,3,2.133600,1,3.433500,24.727869,9.987552,-18.043331,2.845482,0
2024-06-27,sz.000532,11.9000,12.3000,11.8100,11.8300,12.0500,13365843,160756360.8100,3,3.890500,1,-1.825700,24.276405,9.805206,-17.713910,2.793531,0
2024-06-28,sz.000532,11.7100,12.2500,11.7000,12.0600,11.8300,12486870,150716659.4700,3,3.634700,1,1.944200,24.748390,9.995840,-18.058305,2.847843,0
2024-07-01,sz.000532,12.0400,12.1700,11.9100,12.1700,12.0600,8027600,96663496.0000,3,2.336700,1,0.912100,24.974121,10.087013,-18.223016,2.873819,0
2024-07-02,sz.000532,12.1300,12.4000,12.1100,12.2100,12.1700,10863921,133367353.3000,3,3.162300,1,0.328700,25.056205,10.120166,-18.282911,2.883264,0
2024-07-03,sz.000532,12.1500,12.1500,11.7300,11.7800,12.2100,9652200,114874706.9400,3,2.809500,1,-3.521700,24.173800,9.763764,-17.639041,2.781724,0
2024-07-04,sz.000532,11.7100,11.8800,11.3000,11.3100,11.7800,8402200,96874137.0000,3,2.445700,1,-3.989800,23.209311,9.374208,-16.935276,2.670739,0
2024-07-05,sz.000532,11.3800,11.5200,11.2000,11.4700,11.3100,6255700,71255742.0000,3,1.820900,1,1.414700,23.537648,9.506823,-17.174856,2.708521,0
2024-07-08,sz.000532,11.4500,11.5000,11.2000,11.2500,11.4700,5396901,61171282.3300,3,1.570900,1,-1.918000,23.086184,9.324478,-16.845434,2.656570,0
2024-07-09,sz.000532,11.2500,11.6500,11.1000,11.6300,11.2500,6839601,78019532.3100,3,1.990900,1,3.377800,23.865984,9.639438,-17.414435,2.746303,0
2024-07-10,sz.000532,11.5000,11.7900,11.4800,11.5300,11.6300,5438900,63260096.0000,3,1.583100,1,-0.859800,23.660774,9.556554,-17.264698,2.722689,0
2024-07-11,sz.000532,11.6900,12.5500,11.6000,12.3200,11.5300,16273100,196706103.8000,3,4.736800,1,6.851700,25.281937,10.211339,-18.447622,2.909240,0
2024-07-12,sz.000532,12.1000,12.4100,12.0600,12.1800,12.3200,14330390,174561419.8800,3,4.171300,1,-1.136400,24.994642,10.095301,-18.237990,2.876180,0
2024-07-15,sz.000532,12.0300,12.1100,11.6900,11.7400,12.1800,9266500,109661435.0000,3,2.697300,1,-3.612500,24.091716,9.730610,-17.579146,2.772279,0
2024-07-16,sz.000532,11.7400,11.8600,11.6300,11.7700,11.7400,5783648,67834774.9000,3,1.683500,1,0.255500,24.153279,9.755476,-17.624067,2.779363,0
2024-07-17,sz.000532,11.7400,11.8600,11.4200,11.4200,11.7700,6906648,80106923.3400,3,2.010400,1,-2.973700,23.435042,9.465381,-17.099987,2.696714,0
2024-07-18,sz.000532,11.2900,11.4700,11.1000,11.4300,11.4200,6279331,70692503.2000,3,1.827800,1,0.087600,23.455563,9.473669,-17.114961,2.699075,0
2024-07-19,sz.000532,11.7000,11.8000,11.3300,11.4800,11.4300,12409000,142685480.5200,3,3.612000,1,0.437400,23.558169,9.515111,-17.189829,2.710882,0
2024-07-22,sz.000532,11.4100,11.5600,11.3100,11.3800,11.4800,6733001,76711617.3400,3,1.959800,1,-0.871100,23.352958,9.432227,-17.040092,2.687268,0
2024-07-23,sz.000532,11.3500,12.0800,11.2600,11.4900,11.3800,15252800,178128997.0000,3,4.439800,1,0.966600,23.578690,9.523400,-17.204803,2.713244,0
2024-07-24,sz.000532,11.2500,11.5000,11.0300,11.0500,11.4900,11540200,129442281.0000,3,3.359100,1,-3.829400,22.675763,9.158709,-16.545959,2.609342,0
2024-07-25,sz.000532,11.0000,11.3700,10.9000,11.1200,11.0500,8646900,96903471.0000,3,2.516900,1,0.633500,22.819411,9.216728,-16.650776,2.625872,0
2024-07-26,sz.000532,11.1600,11.6000,11.1500,11.4600,11.1200,9217700,105526483.0000,3,2.683100,1,3.057600,23.517126,9.498535,-17.159882,2.706160,0
2024-07-29,sz.000532,11.6200,11.6200,11.3500,11.6100,11.4600,7265131,83568114.7100,3,2.114700,1,1.308900,23.824942,9.622861,-17.384488,2.741580,0
2024-07-30,sz.000532,11.5000,11.7000,11.3100,11.7000,11.6100,8323500,96315798.0000,3,2.422800,1,0.775200,24.009632,9.697457,-17.519251,2.762833,0
2024-07-31,sz.000532,11.6700,12.6000,11.6300,12.4600,11.7000,23935085,294334150.2600,3,6.967000,1,6.495700,25.569232,10.327377,-18.657254,2.942299,0
2024-08-01,sz.000532,12.2400,12.5300,12.2400,12.4200,12.4600,15060699,186785611.6200,3,4.383800,1,-0.321000,25.487148,10.294223,-18.597359,2.932854,0
2024-08-02,sz.000532,12.3100,12.5400,12.0700,12.1100,12.4200,10810834,132780891.4000,3,3.146800,1,-2.496000,24.850995,10.037282,-18.133174,2.859650,0
2024-08-05,sz.000532,12.0800,12.2900,11.7600,11.7700,12.1100,9101076,109121997.8100,3,2.649100,1,-2.807600,24.153279,9.755476,-17.624067,2.779363,0
2024-08-06,sz.000532,11.9000,12.0000,11.6400,11.8500,11.7700,7088369,83377753.1300,3,2.063300,1,0.679700,24.317448,9.821783,-17.743857,2.798254,0
2024-08-07,sz.000532,11.8500,11.9300,11.7000,11.7300,11.8500,5832158,68896529.4800,3,1.697600,1,-1.012700,24.071195,9.722322,-17.564172,2.769917,0
2024-08-08,sz.000532,11.7100,11.8800,11.5000,11.6400,11.7300,5975782,69787163.7600,3,1.739400,1,-0.767300,23.886505,9.647726,-17.429409,2.748665,0
2024-08-09,sz.000532,11.7500,11.9400,11.6800,11.7200,11.6400,5843601,68970877.8200,3,1.700900,1,0.687300,24.050674,9.714034,-17.549199,2.767556,0
2024-08-12,sz.000532,11.5900,11.9200,11.5500,11.7000,11.7200,7286883,85739620.2700,3,2.121100,1,-0.170600,24.009632,9.697457,-17.519251,2.762833,0
2024-08-13,sz.000532,11.6500,11.9100,11.5800,11.9000,11.7000,7046800,82936638.0000,3,2.051200,1,1.709400,24.420053,9.863225,-17.818726,2.810061,0
2024-08-14,sz.000532,11.8500,12.1800,11.8200,11.9600,11.9000,12356200,148705217.0000,3,3.596600,1,0.504200,24.543179,9.912956,-17.908568,2.824229,0
2024-08-15,sz.000532,12.0600,13.1600,12.0000,13.1600,11.9600,34937997,452277914.4800,3,10.169700,1,10.033400,27.005705,10.907567,-19.705414,3.107597,0
2024-08-16,sz.000532,13.4600,13.9900,13.2300,13.3000,13.1600,60403937,819089103.2900,3,17.582300,1,1.063800,27.293000,11.023605,-19.915046,3.140656,0
2024-08-19,sz.000532,13.2700,13.5600,12.9500,13.3600,13.3000,35866377,478034726.6100,3,10.439900,1,0.451100,27.416126,11.073335,-20.004889,3.154825,0
2024-08-20,sz.000532,13.2900,13.8700,13.1100,13.1600,13.3600,30853261,414913425.0400,3,8.980700,1,-1.497000,27.005705,10.907567,-19.705414,3.107597,0
2024-08-21,sz.000532,13.2100,13.4500,13.0900,13.3000,13.1600,20331660,269274492.8000,3,5.918100,1,1.063800,27.293000,11.023605,-19.915046,3.140656,0
2024-08-22,sz.000532,13.5500,14.1800,13.3200,13.3800,13.3000,41665043,572153539.6400,3,12.127800,1,0.601500,27.457169,11.089912,-20.034836,3.159548,0
2024-08-23,sz.000532,12.8800,13.2800,12.8300,12.8600,13.3800,29829801,387793047.0100,3,8.682800,1,-3.886400,26.390074,10.658914,-19.256203,3.036755,0
2024-08-26,sz.000532,12.9900,13.1500,12.5000,12.5600,12.8600,19062700,242443995.8500,3,5.548700,1,-2.332800,25.774442,10.410261,-18.806991,2.965913,0
2024-08-27,sz.000532,12.4500,12.5000,11.8000,11.8300,12.5600,19178700,231645986.0000,3,5.582500,1,-5.812100,24.276405,9.805206,-17.713910,2.793531,0
2024-08-28,sz.000532,11.5000,11.5300,10.6500,10.6500,11.8300,30182900,327773819.0000,3,8.785600,1,-9.974600,44.875633,8.718714,-35.991677,2.701735,0
2024-08-29,sz.000532,10.6500,10.9400,10.5200,10.6600,10.6500,18309067,195773247.1900,3,5.329400,1,0.093900,44.917770,8.726900,-36.025472,2.704272,0
2024-08-30,sz.000532,10.5500,11.0400,10.4000,10.8700,10.6600,20083400,216831992.0000,3,5.845800,1,1.970000,45.802642,8.898818,-36.735167,2.757546,0
2024-09-02,sz.000532,10.7600,10.8600,10.4300,10.4500,10.8700,13583500,144121610.0000,3,3.953900,1,-3.863800,44.032898,8.554982,-35.315777,2.650998,0
2024-09-03,sz.000532,10.4600,10.5000,10.2800,10.4500,10.4500,9559999,99318368.5900,3,2.782700,1,0.000000,44.032898,8.554982,-35.315777,2.650998,0
2024-09-04,sz.000532,10.3900,10.6800,10.2200,10.5500,10.4500,10448407,109857465.0600,3,3.041300,1,0.956900,44.454266,8.636848,-35.653727,2.676367,0
2024-09-05,sz.000532,10.5800,10.7100,10.5100,10.7000,10.5500,7937100,84274637.0000,3,2.310300,1,1.421800,45.086317,8.759646,-36.160652,2.714419,0
2024-09-06,sz.000532,10.9300,11.0000,10.5700,10.6100,10.7000,13143386,141027931.1100,3,3.825800,1,-0.841100,44.707086,8.685967,-35.856497,2.691588,0
2024-09-09,sz.000532,10.4500,10.8500,10.3800,10.7000,10.6100,9842400,104821833.0000,3,2.864900,1,0.848300,45.086317,8.759646,-36.160652,2.714419,0
2024-09-10,sz.000532,10.6500,10.7700,10.4900,10.7000,10.7000,9003200,95802981.0000,3,2.620600,1,0.000000,45.086317,8.759646,-36.160652,2.714419,0
2024-09-11,sz.000532,10.5800,10.7000,10.4600,10.6200,10.7000,8615600,91167165.0000,3,2.507800,1,-0.747700,44.749223,8.694154,-35.890292,2.694125,0
2024-09-12,sz.000532,10.5900,10.8200,10.5900,10.6500,10.6200,9943276,106313132.9200,3,2.894300,1,0.282500,44.875633,8.718714,-35.991677,2.701735,0
2024-09-13,sz.000532,10.6200,10.8000,10.5100,10.5700,10.6500,10896600,116061919.2300,3,3.171800,1,-0.751200,44.538539,8.653221,-35.721317,2.681441,0
2024-09-18,sz.000532,10.5000,11.1000,10.3200,10.8100,10.5700,19582161,210322625.7100,3,5.699900,1,2.270600,45.549821,8.849699,-36.532397,2.742325,0
2024-09-19,sz.000532,10.8300,11.0600,10.7000,10.9300,10.8100,17084260,186425729.0000,3,4.972900,1,1.110100,46.055462,8.947938,-36.937937,2.772767,0
2024-09-20,sz.000532,10.8900,11.1200,10.8900,11.0000,10.9300,14950901,164299735.9600,3,4.351900,1,0.640400,46.350419,9.005244,-37.174502,2.790525,0
2024-09-23,sz.000532,10.8800,10.9400,10.7300,10.8300,11.0000,9401300,101809966.0000,3,2.736500,1,-1.545500,45.634095,8.866072,-36.599987,2.747398,0
2024-09-24,sz.000532,10.9600,11.8700,10.8800,11.5900,10.8300,29792701,338373026.0000,3,8.672000,1,7.017500,48.836487,9.488253,-39.168408,2.940198,0
2024-09-25,sz.000532,12.0100,12.4600,11.8700,12.0000,11.5900,38541595,469383888.9600,3,11.218600,1,3.537500,50.564094,9.823903,-40.554003,3.044209,0
2024-09-26,sz.000532,11.9200,12.4900,11.8000,12.4700,12.0000,28157500,343971975.0000,3,8.196000,1,3.916700,52.544521,10.208672,-42.142368,3.163440,0
2024-09-27,sz.000532,12.6800,12.9800,12.3300,12.9500,12.4700,36210196,457871066.9000,3,10.540000,1,3.849200,54.567085,10.601628,-43.764528,3.285209,0
2024-09-30,sz.000532,13.5000,14.1200,12.8000,14.0600,12.9500,46139841,626606983.7700,3,13.430300,1,8.571400,59.244263,11.510339,-47.515773,3.566798,0
2024-10-08,sz.000532,15.4700,15.4700,14.0000,15.4700,14.0600,50889042,762871261.4900,3,14.812700,1,10.028400,65.185544,12.664648,-52.280868,3.924492,0
2024-10-09,sz.000532,14.6800,14.6800,13.9200,13.9200,15.4700,29204002,414503049.6000,3,8.500700,1,-10.019400,58.654349,11.395727,-47.042643,3.531282,0
2024-10-10,sz.000532,13.5300,13.8300,12.7000,13.1500,13.9200,25369200,335092434.8000,3,7.384400,1,-5.531600,55.409819,10.765360,-44.440428,3.335945,0
2024-10-11,sz.000532,12.9600,13.7000,12.9600,13.1800,13.1500,24981464,332791634.6400,3,7.271600,1,0.228100,55.536230,10.789920,-44.541813,3.343556,0
2024-10-14,sz.000532,13.6000,13.8500,13.2300,13.6900,13.1800,21968182,298022327.9300,3,6.394500,1,3.869500,57.685204,11.207436,-46.265358,3.472935,0
2024-10-15,sz.000532,13.4900,14.0000,13.2000,13.2600,13.6900,21304793,289624467.1900,3,6.201400,1,-3.141000,55.873324,10.855412,-44.812173,3.363851,0
2024-10-16,sz.000532,12.5200,13.5400,12.5200,13.2100,13.2600,17230301,225419935.4000,3,5.015400,1,-0.377100,55.662640,10.814479,-44.643198,3.351167,0
2024-10-17,sz.000532,13.2800,13.4000,12.9500,13.0200,13.2100,13147535,172935568.4500,3,3.827000,1,-1.438300,54.862042,10.658934,-44.001093,3.302967,0
2024-10-18,sz.000532,13.0200,13.6300,12.9100,13.3400,13.0200,15443668,205444127.4900,3,4.495300,1,2.457800,56.210418,10.920905,-45.082533,3.384145,0
2024-10-21,sz.000532,13.4900,13.4900,13.2000,13.3300,13.3400,15125338,201474490.0600,3,4.402700,1,-0.075000,56.168281,10.912718,-45.048738,3.381609,0
2024-10-22,sz.000532,13.3300,13.5700,13.2500,13.4200,13.3300,10264051,137645630.3800,3,2.987600,1,0.675200,56.547512,10.986398,-45.352893,3.404440,0
2024-10-23,sz.000532,13.4000,13.5900,13.1600,13.2200,13.4200,11509352,153904241.6000,3,3.350100,1,-1.490300,55.704777,10.822666,-44.676993,3.353703,0
2024-10-24,sz.000532,13.0800,13.7800,13.0200,13.5100,13.2200,13420900,180048737.0000,3,3.906500,1,2.193600,56.926742,11.060077,-45.657048,3.427272,0
2024-10-25,sz.000532,14.2900,14.6900,13.9200,14.2300,13.5100,37876345,541786978.4100,3,11.025000,1,5.329400,75.154952,11.540993,-33.587859,3.593853,0
2024-10-28,sz.000532,14.2600,15.4500,14.2600,14.9700,14.2300,35205865,526973361.8400,3,10.247700,1,5.200300,79.063221,12.141157,-35.334522,3.780744,0
2024-10-29,sz.000532,14.9800,15.0600,14.2700,14.2800,14.9700,23470603,343480228.9100,3,6.831800,1,-4.609200,75.419024,11.581544,-33.705877,3.606481,0
2024-10-30,sz.000532,14.0300,14.5400,14.0300,14.2800,14.2800,14626193,208890640.6900,3,4.257400,1,0.000000,75.419024,11.581544,-33.705877,3.606481,0
2024-10-31,sz.000532,14.2000,15.0200,14.1500,14.7300,14.2800,21717002,320388754.5000,3,6.321400,1,3.151300,77.795674,11.946509,-34.768037,3.720131,0
2024-11-01,sz.000532,14.7400,14.8000,13.6800,13.7300,14.7300,19551801,274518249.8900,3,5.691100,1,-6.788900,72.514230,11.135476,-32.407682,3.467576,0
2024-11-04,sz.000532,13.5100,14.3100,13.5100,14.3100,13.7300,13635302,191450063.0800,3,3.968900,1,4.224300,75.577468,11.605875,-33.776688,3.614058,0
2024-11-05,sz.000532,14.4300,14.9800,14.2900,14.8300,14.3100,20241703,297827780.8100,3,5.891900,1,3.633800,78.323819,12.027612,-35.004073,3.745386,0
2024-11-06,sz.000532,14.8400,15.3800,14.5900,15.1700,14.8300,35404495,533421741.6100,3,10.305500,1,2.292700,80.119510,12.303363,-35.806594,3.831255,0
2024-11-07,sz.000532,14.9900,15.3600,14.6000,15.2700,15.1700,29407701,439705260.7000,3,8.560000,1,0.659200,80.647654,12.384466,-36.042629,3.856510,0
2024-11-08,sz.000532,15.4500,15.5000,14.6500,14.7000,15.2700,22870501,341603747.7600,3,6.657100,1,-3.732800,77.637231,11.922178,-34.697226,3.712554,0
2024-11-11,sz.000532,14.6300,14.9900,14.5500,14.8100,14.7000,14514025,214146168.6000,3,4.224700,1,0.748300,78.218190,12.011391,-34.956866,3.740335,0
2024-11-12,sz.000532,14.9500,16.2900,14.9000,15.6500,14.8100,54697667,871598988.5200,3,15.921300,1,5.671800,82.654603,12.692659,-36.939564,3.952481,0
2024-11-13,sz.000532,15.4800,15.9400,14.9200,15.3600,15.6500,38872791,598108749.2900,3,11.315000,1,-1.853000,81.122984,12.457459,-36.255061,3.879240,0
2024-11-14,sz.000532,15.2000,15.3600,14.5300,14.5600,15.3600,18820778,280236237.4900,3,5.478300,1,-5.208300,76.897829,11.808633,-34.366777,3.677196,0
2024-11-15,sz.000532,14.4000,15.2300,14.2200,14.2800,14.5600,16742044,244234629.1200,3,4.873300,1,-1.923100,75.419024,11.581544,-33.705877,3.606481,0
2024-11-18,sz.000532,14.2700,14.3900,13.4200,13.5300,14.2800,14492200,198839446.9900,3,4.218400,1,-5.252100,71.457941,10.973270,-31.935611,3.417065,0
2024-11-19,sz.000532,13.6000,13.9700,13.5300,13.9700,13.5300,9753624,134620771.4400,3,2.839100,1,3.252000,73.781777,11.330124,-32.974167,3.528189,0
2024-11-20,sz.000532,13.9700,14.0600,13.8000,14.0200,13.9700,9546800,133029189.0000,3,2.778900,1,0.357900,74.045849,11.370676,-33.092185,3.540817,0
2024-11-21,sz.000532,13.9300,14.3700,13.8800,14.0700,14.0200,9882000,139659981.0000,3,2.876400,1,0.356600,74.309921,11.411227,-33.210203,3.553444,0
2024-11-22,sz.000532,14.0800,14.4300,13.4000,13.4000,14.0700,11839580,164800640.0000,3,3.446200,1,-4.761900,70.771353,10.867836,-31.628764,3.384233,0
2024-11-25,sz.000532,13.5500,13.7100,13.2600,13.6500,13.4000,8936814,120696321.4300,3,2.601300,1,1.865700,72.091714,11.070594,-32.218853,3.447372,0
2024-11-26,sz.000532,13.5500,14.0500,13.5500,13.5900,13.6500,9662900,132711360.7000,3,2.812700,1,-0.439600,71.774828,11.021932,-32.077232,3.432218,0
2024-11-27,sz.000532,13.5000,13.8300,13.2500,13.8100,13.5900,9606100,130335374.0000,3,2.796100,1,1.618800,72.936746,11.200359,-32.596510,3.487780,0
2024-11-28,sz.000532,13.8100,14.2000,13.7900,13.8500,13.8100,9093800,127134119.9300,3,2.647000,1,0.289600,73.148003,11.232800,-32.690924,3.497882,0
2024-11-29,sz.000532,13.8000,14.3200,13.6600,14.2200,13.8500,13959328,196289865.8000,3,4.063300,1,2.671500,75.102138,11.532882,-33.564256,3.591328,0
2024-12-02,sz.000532,14.1700,15.6400,14.0300,15.1300,14.2200,34478170,520001818.8300,3,10.035900,1,6.399400,79.908252,12.270922,-35.712179,3.821152,0
2024-12-03,sz.000532,15.5800,16.2300,15.1800,15.3800,15.1300,38160284,595164847.5500,3,11.107600,1,1.652300,81.228613,12.473680,-36.302268,3.884291,0
2024-12-04,sz.000532,15.0700,16.0600,14.9700,15.3200,15.3800,22848610,352823569.9400,3,6.650700,1,-0.390100,80.911726,12.425018,-36.160647,3.869138,0
2024-12-05,sz.000532,15.4100,15.9900,15.2500,15.8100,15.3200,26173700,412726493.0000,3,7.618600,1,3.198400,83.499634,12.822424,-37.317221,3.992890,0
2024-12-06,sz.000532,15.6900,16.1600,15.5500,15.7200,15.8100,18576280,293757015.4000,3,5.407200,1,-0.569300,83.024304,12.749431,-37.104789,3.970160,0
2024-12-09,sz.000532,15.6400,17.2800,15.3700,16.1100,15.7200,32098654,517281719.3000,3,9.343200,1,2.480900,85.084067,13.065734,-38.025328,4.068656,0
2024-12-10,sz.000532,16.8000,16.8700,15.7500,15.8300,16.1100,30269805,490744348.9800,3,8.810900,1,-1.738100,83.605263,12.838645,-37.364428,3.997941,0
2024-12-11,sz.000532,15.7100,16.2800,15.7100,15.9500,15.8300,16848220,269484739.8000,3,4.904200,1,0.758100,84.239036,12.935968,-37.647671,4.028247,0
2024-12-12,sz.000532,15.9500,16.6600,15.9000,16.2400,15.9500,20549841,333612591.8800,3,5.981600,1,1.818200,85.770655,13.171168,-38.332174,4.101488,0
2024-12-13,sz.000532,15.9100,16.5800,15.7600,16.2100,16.2400,21969343,354419524.9600,3,6.394800,1,-0.184700,85.612212,13.146837,-38.261363,4.093912,0
2024-12-16,sz.000532,16.4000,17.8300,15.8000,17.0300,16.2100,56755904,961704500.8900,3,16.520400,1,5.058600,89.942996,13.811884,-40.196855,4.301006,0
2024-12-17,sz.000532,16.8000,17.8200,16.0100,17.4700,17.0300,56227444,952761705.8600,3,16.366600,1,2.583700,92.266832,14.168738,-41.235411,4.412130,0
2024-12-18,sz.000532,16.9300,17.1000,16.2700,16.4800,17.4700,33725617,561399777.8900,3,9.816800,1,-5.666900,87.038202,13.365816,-38.898659,4.162101,0
2024-12-19,sz.000532,15.8100,16.2000,15.5200,15.5900,16.4800,26363438,415324599.9000,3,7.673800,1,-5.400500,82.337716,12.643997,-36.797943,3.937328,0
2024-12-20,sz.000532,15.5100,15.7200,14.9600,15.0000,15.5900,26653304,406542103.1800,3,7.758200,1,-3.784500,79.221664,12.165488,-35.405333,3.788320,0
2024-12-23,sz.000532,14.9000,14.9900,13.8600,13.9300,15.0000,22120501,317110681.6400,3,6.438800,1,-7.133300,73.570519,11.297683,-32.879753,3.518087,0
2024-12-24,sz.000532,13.9600,14.1400,13.7000,13.9900,13.9300,13289400,184935016.5400,3,3.868300,1,0.430700,73.887406,11.346345,-33.021374,3.533240,0
2024-12-25,sz.000532,13.9100,13.9800,13.3500,13.5600,13.9900,10941720,148544992.6000,3,3.184900,1,-3.073600,71.616384,10.997601,-32.006421,3.424642,0
2024-12-26,sz.000532,13.5700,13.8100,13.4700,13.6200,13.5600,8925175,121971616.2500,3,2.597900,1,0.442500,71.933271,11.046263,-32.148043,3.439795,0
2024-12-27,sz.000532,13.6700,14.1800,13.6000,13.8400,13.6200,12727275,177286074.7500,3,3.704600,1,1.615300,73.095189,11.224690,-32.667321,3.495357,0
2024-12-30,sz.000532,13.8000,13.8300,13.5100,13.7700,13.8400,9352600,127680176.0000,3,2.722300,1,-0.505800,72.725488,11.167918,-32.502096,3.477678,0
2024-12-31,sz.000532,13.6900,13.9300,13.1300,13.2000,13.7700,10171502,136461738.4000,3,2.960700,1,-4.139400,69.715065,10.705629,-31.156693,3.333722,0
